# Train Val
4.595869382222493194e+00 1.057963073253631592e+00
-4.795576383670170917e-01 -2.406994501749674331e+00
-2.675697445869445801e+00 -3.401761054992675781e+00
-3.362023174762725830e+00 -3.856916824976603042e+00
-4.393781602382659912e+00 -5.426645437876383760e+00
-6.775835196177165010e+00 -8.510227521260580019e+00
-1.061999758084615131e+01 -1.301037279764811139e+01
-1.437281584739685059e+01 -1.780292256673176965e+01
-1.944091335932413855e+01 -2.421446609497070312e+01
-2.100191020965576172e+01 -2.284806887308756629e+01
-1.834814016024271766e+01 -2.307654380798339844e+01
-2.543232838312784949e+01 -2.277537473042805871e+01
-2.557901398340861121e+01 -2.986427307128906250e+01
-2.426896603902180871e+01 -2.413255755106608191e+01
-2.442440239588419715e+01 -2.416946283976237098e+01
-2.771150302886962891e+01 -3.177537663777669152e+01
-3.158274857203165809e+01 -3.209227879842122633e+01
-2.705457671483357629e+01 -3.079958788553873816e+01
-3.113013060887654504e+01 -2.557356516520182410e+01
-2.927285321553548059e+01 -3.135437075297037879e+01
-3.199033419291178504e+01 -3.047703615824381629e+01
-3.147662401199340820e+01 -1.785892422993977746e+01
-2.429767004648844519e+01 -2.531259282430012902e+01
-3.125337934494018555e+01 -3.540941111246744555e+01
-3.441121768951416016e+01 -2.897245343526204309e+01
-2.736902491251627723e+01 -2.836234982808430871e+01
-3.259866491953531664e+01 -3.342675781250000000e+01
-3.355815315246582031e+01 -3.139029312133789062e+01
-3.416492271423339844e+01 -3.082081921895344934e+01
-3.352580054601033765e+01 -3.722274144490560133e+01
-3.519080034891764086e+01 -3.457381947835286695e+01
-3.053078730901082238e+01 -2.988002395629882812e+01
-3.037487379709879676e+01 -2.638062222798665246e+01
-3.026294374465942383e+01 -3.253262011210123461e+01
-3.643292903900146484e+01 -3.678456115722656250e+01
-1.290116163094838519e+01 -1.835558509826660156e+01
-2.173312155405680457e+01 -2.641655540466308594e+01
-3.382864252726236742e+01 -3.661875915527343750e+01
-3.596140130360921461e+01 -3.316221110026041430e+01
-3.457509867350260180e+01 -3.787086868286132812e+01
-3.103443129857381066e+01 -3.222674942016601562e+01
-3.391847594579061109e+01 -3.276490147908528883e+01
-3.422444772720336914e+01 -3.431104532877603930e+01
-3.327986733118692797e+01 -3.758720779418945312e+01
-3.707483959197998047e+01 -3.731447728474935133e+01
-3.544889275232950610e+01 -3.237913386027017992e+01
-2.805045747756958008e+01 -2.468460909525553504e+01
-3.232331673304239672e+01 -3.149028778076171875e+01
-3.440720526377359789e+01 -3.571424865722656250e+01
-3.757799752553304273e+01 -3.772175725301107008e+01
-3.437452809015909594e+01 -3.413630930582682055e+01
-3.589230505625406664e+01 -3.808195114135742188e+01
-3.611914920806884766e+01 -3.337926101684570312e+01
-3.670161914825439453e+01 -3.376902770996093750e+01
-3.302583726247151930e+01 -3.316230901082357008e+01
-3.500120544433593750e+01 -3.489068603515625000e+01
-3.548092222213745117e+01 -3.632322311401367188e+01
-3.781908051172892016e+01 -4.156343460083007812e+01
-3.870540014902750414e+01 -3.331830088297525805e+01
-3.651146570841471117e+01 -3.618165079752603930e+01
-3.776453685760498047e+01 -3.784347025553385180e+01
-3.826806386311849195e+01 -3.775053405761718750e+01
-3.778439203898111742e+01 -3.479469045003255445e+01
-3.508969370524088305e+01 -3.912672805786132812e+01
-3.698173379898071289e+01 -3.067138481140136719e+01
-3.333850113550821703e+01 -4.096960703531900805e+01
-3.878416029612223070e+01 -3.901036834716796875e+01
-3.937442588806152344e+01 -4.301841862996419508e+01
-3.459226592381795484e+01 -3.775385793050130445e+01
-3.787905470530191820e+01 -2.921479733784993371e+01
-2.855093288421630859e+01 -3.087584940592448035e+01
-3.549333842595418531e+01 -3.747023773193359375e+01
-3.763055229187011719e+01 -3.549254226684570312e+01
-3.813788954416910570e+01 -3.746327209472656250e+01
-3.672789446512857836e+01 -3.612912368774414062e+01
-3.698445638020833570e+01 -3.834617360432942945e+01
-3.801268259684244555e+01 -3.202933311462402344e+01
-3.708597628275553149e+01 -3.663903935750325758e+01
-3.845534642537435133e+01 -3.493040593465169508e+01
-3.954805819193521899e+01 -3.631799952189127367e+01
-4.017380301157633227e+01 -3.051654561360676965e+01
-2.883102369308471680e+01 -2.999190966288248816e+01
-3.777596060434976977e+01 -4.034532674153646070e+01
-3.621627998352050781e+01 -3.336220041910807055e+01
-3.768822224934896070e+01 -4.162642542521158617e+01
-3.754973284403482836e+01 -3.849286524454752367e+01
-3.426646757125854492e+01 -3.513492965698242188e+01
-3.753939565022786695e+01 -3.827111180623372633e+01
-3.943577067057291430e+01 -3.945384724934896070e+01
-4.088295332590738695e+01 -4.277715428670247633e+01
-3.760260820388793945e+01 -3.760758209228515625e+01
-3.614714813232421875e+01 -3.527844111124674242e+01
-3.697702916463216383e+01 -3.873720041910807055e+01
-3.856409390767415601e+01 -4.190541966756185133e+01
-3.934895610809326172e+01 -3.292465019226074219e+01
-3.507225020726522047e+01 -3.310487238566080492e+01
-3.560944843292236328e+01 -3.994924545288085938e+01
-3.874020036061605055e+01 -3.920626195271810133e+01
-3.570194276173909742e+01 -3.511892827351888258e+01
-3.680800914764404297e+01 -3.670767593383789062e+01
-3.990470314025878906e+01 -4.312065124511718750e+01
-4.282274468739827711e+01 -3.908693567911783617e+01
-4.134928480784098070e+01 -3.162810770670573035e+01
-3.394890817006429273e+01 -3.612283452351888258e+01
-3.717464192708333570e+01 -4.228974151611328125e+01
-3.946555932362874586e+01 -3.857161966959635180e+01
-3.564421256383260328e+01 -3.332079188028971117e+01
-3.578411769866943359e+01 -4.088522847493489820e+01
-3.666017039616902906e+01 -3.463611984252929688e+01
-3.668080838521321851e+01 -3.311476135253906250e+01
-3.735599899291992188e+01 -4.243561172485351562e+01
-4.093660895029703539e+01 -4.256424585978189867e+01
-4.096138572692871094e+01 -3.967223358154296875e+01
-4.035388692220052320e+01 -3.770194625854492188e+01
-3.934335708618164062e+01 -4.138360341389974195e+01
-3.894772148132324219e+01 -3.483214950561523438e+01
-3.850571854909261305e+01 -4.211947504679361742e+01
-3.948779805501302320e+01 -4.354534912109375000e+01
-3.873753643035888672e+01 -3.959783554077148438e+01
-4.005864143371582031e+01 -3.893908564249674242e+01
-3.936295223236083984e+01 -3.534128697713216383e+01
-3.708535766601562500e+01 -3.932588831583658617e+01
-4.127343432108560961e+01 -4.601438395182291430e+01
-3.985287698109944898e+01 -3.581040573120117188e+01
-3.845591068267822266e+01 -3.401609039306640625e+01
-3.784527746836344164e+01 -3.904218165079752367e+01
-3.942438570658365649e+01 -4.254017893473307055e+01
-3.726059468587239820e+01 -4.108583704630533617e+01
-3.359930690129598219e+01 -3.186199633280436316e+01
-3.730020427703857422e+01 -3.677379226684570312e+01
-3.872393417358398438e+01 -3.733522923787435133e+01
-3.444463984171549242e+01 -3.128752644856770715e+01
-3.527154684066772461e+01 -3.904295730590820312e+01
-3.830584812164306641e+01 -3.815655644734700758e+01
-3.886120446523030836e+01 -3.816159947713216383e+01
-3.812774944305419922e+01 -3.704422505696614820e+01
-3.769417381286621094e+01 -3.891441599527994555e+01
-3.807551320393880445e+01 -4.025872802734375000e+01
-3.930975278218587476e+01 -3.959626770019531250e+01
-4.131068420410156250e+01 -4.021486028035482008e+01
-4.028047657012939453e+01 -4.003558731079101562e+01
-4.104714075724283617e+01 -3.190957069396972656e+01
-3.381343285242716235e+01 -2.870628484090169152e+01
-3.611468776067098219e+01 -2.980386670430501184e+01
-3.182644192377726355e+01 -4.070907465616861742e+01
-3.759283892313639086e+01 -4.149949518839517992e+01
-4.067762279510498047e+01 -3.367491912841796875e+01
-3.657358169555664062e+01 -4.151140085856119555e+01
-4.188198121388753492e+01 -3.981687291463216383e+01
-3.788937218983968336e+01 -4.116986465454101562e+01
-4.192404174804687500e+01 -3.944669850667317945e+01
-3.948821322123209399e+01 -4.057134755452474195e+01
-3.986400508880615234e+01 -4.222283681233724195e+01
-3.569039789835611742e+01 -3.567263666788736742e+01
-3.629879649480184156e+01 -3.966061655680338305e+01
-3.328233067194620531e+01 -3.028266779581705848e+01
-3.769256750742594164e+01 -4.329979197184244555e+01
-4.172658650080362719e+01 -2.271263821919758996e+01
-2.576459757486979285e+01 -3.240162913004557055e+01
-3.932377274831136305e+01 -4.023361078898111742e+01
-4.015394369761148852e+01 -4.387236022949218750e+01
-4.011409632364908617e+01 -4.090425237019857008e+01
-3.998767185211181641e+01 -3.451094436645507812e+01
-3.755927181243896484e+01 -3.509539159138997633e+01
-4.005188401540120680e+01 -4.095076370239257812e+01
-3.920957787831624586e+01 -3.826103591918945312e+01
-3.695941162109375000e+01 -3.857863998413085938e+01
-3.702713759740193922e+01 -4.500895436604817945e+01
-4.169282372792562086e+01 -3.895801417032877367e+01
-4.043037478129068774e+01 -4.029233423868814867e+01
-3.796268383661905688e+01 -3.515159734090169508e+01
-3.927030277252197266e+01 -3.064459355672200402e+01
-3.419489685694376391e+01 -4.015672429402669508e+01
-3.809784793853759766e+01 -3.571249771118164062e+01
-3.999147796630859375e+01 -3.935464604695638258e+01
-4.157351589202880859e+01 -3.600111262003580492e+01
-3.811399300893148023e+01 -3.871853001912435133e+01
-3.864969126383463305e+01 -4.425653711954752367e+01
-4.011816692352294922e+01 -3.667777760823567945e+01
-4.028374989827474195e+01 -4.000507736206054688e+01
-4.017048899332682055e+01 -3.519173812866210938e+01
-3.992822456359863281e+01 -3.977152506510416430e+01
-4.094165802001953125e+01 -4.307587432861328125e+01
-4.033358383178710938e+01 -3.647059122721353930e+01
-4.124893061319986742e+01 -2.996720186869303504e+01
-2.705526749293009559e+01 -3.256521415710449219e+01
-3.761675008138021070e+01 -3.837335459391275805e+01
-4.213057041168212891e+01 -3.643395233154296875e+01
-4.142076714833577711e+01 -3.998000081380208570e+01
-3.822314834594726562e+01 -3.853263727823892992e+01
-4.061982282002767164e+01 -3.724103291829427320e+01
-3.852705923716226977e+01 -2.810157076517741004e+01
-3.498580026626586914e+01 -3.827475102742513258e+01
-4.218359851837158203e+01 -4.154752095540364820e+01
-3.743936634063720703e+01 -3.785021336873372633e+01
-4.130654207865396899e+01 -4.649629211425781250e+01
-4.169283866882324219e+01 -4.509895324707031250e+01
-3.937593237559000414e+01 -3.725310007731119555e+01
-4.126927725474039477e+01 -3.861680221557617188e+01
-4.113389937082926195e+01 -4.273341242472330492e+01
-4.371112219492594164e+01 -4.312110392252603930e+01
-4.201426219940185547e+01 -4.756965001424153883e+01
-4.278172588348388672e+01 -4.044968541463216383e+01
-4.354343350728353101e+01 -4.664141972859700758e+01
-4.073364861806233961e+01 -4.339718373616536695e+01
-4.351104195912679273e+01 -4.284947967529296875e+01
-4.200605901082357008e+01 -4.336342620849609375e+01
-4.282387669881185133e+01 -3.908029301961263258e+01
-4.086013412475585938e+01 -4.257205327351888258e+01
-4.048550510406494141e+01 -4.210778554280599195e+01
-3.892861588795980055e+01 -3.814271418253580492e+01
-4.054598077138265211e+01 -3.904640579223632812e+01
-4.101962025960286695e+01 -4.209914906819661695e+01
-4.257004133860269945e+01 -3.924273300170898438e+01
-3.977371788024902344e+01 -2.586181322733561316e+01
-3.053737227121989051e+01 -3.796375656127929688e+01
-4.230544630686441820e+01 -3.861587651570638258e+01
-4.082813326517740649e+01 -4.139223988850911695e+01
-3.977481714884439867e+01 -4.185514068603515625e+01
-4.254076353708902758e+01 -4.196647008260091383e+01
-4.178748226165771484e+01 -3.591014734903971117e+01
-3.917482693990071851e+01 -4.304524993896484375e+01
-4.032872390747070312e+01 -4.215572865804036695e+01
-4.095095411936441820e+01 -3.098477999369303504e+01
-3.759914159774780273e+01 -4.297604242960611742e+01
-3.963757228851318359e+01 -4.072229385375976562e+01
-4.089978408813476562e+01 -3.236742846171060961e+01
-3.806596151987711352e+01 -4.080407333374023438e+01
-4.309845987955728930e+01 -4.637309392293294508e+01
-3.919973309834798414e+01 -3.994705454508463305e+01
-4.190575726826985914e+01 -4.441623942057291430e+01
-4.200291442871093750e+01 -3.712808863321939867e+01
-4.163775348663330078e+01 -4.602221806844075758e+01
-3.779718271891275805e+01 -4.067673365275064867e+01
-4.058904965718587476e+01 -3.959159469604492188e+01
-4.011862786610921461e+01 -3.855629730224609375e+01
-3.941526603698730469e+01 -3.683862177530924242e+01
-3.885101381937662524e+01 -4.383631134033203125e+01
-4.369459978739420336e+01 -3.896572240193685133e+01
-4.264305528004964430e+01 -4.397618230183919508e+01
-4.114816538492838305e+01 -4.107357533772786695e+01
-4.231492201487223070e+01 -4.335789744059244555e+01
-4.097670173645019531e+01 -3.701635869344075758e+01
-4.017394510904947680e+01 -3.807167561848958570e+01
-3.931708621978759766e+01 -3.965829467773437500e+01
-4.078307628631591797e+01 -4.304214477539062500e+01
-4.008515961964925367e+01 -3.826162974039713305e+01
-4.156902631123860914e+01 -3.853946812947591383e+01
-4.206463591257730883e+01 -3.898309961954752367e+01
-4.106310494740804273e+01 -3.747095235188802320e+01
-3.873220793406168383e+01 -3.434038162231445312e+01
-4.116745599110921461e+01 -3.931076812744140625e+01
-4.069081020355224609e+01 -4.179392242431640625e+01
-4.196950054168701172e+01 -3.974876658121744555e+01
-4.334663391113281250e+01 -4.406119028727213305e+01
-4.111842282613118726e+01 -3.928900527954101562e+01
-4.218331305185953539e+01 -3.529726918538411695e+01
-3.945470269521077711e+01 -4.022804641723632812e+01
-4.092193953196207445e+01 -3.919234975179036695e+01
-4.031720066070556641e+01 -4.470462290445963305e+01
-4.110310840606689453e+01 -4.555607223510742188e+01
-4.084942086537679273e+01 -4.258178583780924242e+01
-3.640722211201985914e+01 -4.066123326619466383e+01
-3.761093743642171461e+01 -4.142312876383463305e+01
-3.981669171651204664e+01 -3.855976994832357008e+01
-3.889788643519083422e+01 -3.144725354512532434e+01
-3.825923871994018555e+01 -4.714019139607747633e+01
-4.481816927591959399e+01 -4.888211949666341383e+01
-4.067864799499511719e+01 -4.121826044718424242e+01
-4.079098765055338305e+01 -3.802081807454427320e+01
-3.876409022013346117e+01 -4.487841161092122633e+01
-4.050220966339111328e+01 -4.265343983968099195e+01
-4.025840568542480469e+01 -4.296755345662435133e+01
-4.038661257425943774e+01 -4.312457911173502367e+01
-4.258884843190511305e+01 -4.102647272745767992e+01
-4.247522195180257398e+01 -4.379918670654296875e+01
-4.155817349751790601e+01 -4.222717157999674242e+01
-4.316089375813802320e+01 -3.805371475219726562e+01
-3.932288837432861328e+01 -4.688016255696614820e+01
-3.688583930333455640e+01 -3.823943837483724195e+01
-4.254006163279215258e+01 -4.532445144653320312e+01
-3.709653266270955640e+01 -3.986515426635742188e+01
-4.147784392038980883e+01 -4.270121129353841383e+01
-4.055454667409261305e+01 -4.150535202026367188e+01
-4.231783548990885180e+01 -4.131362406412760180e+01
-3.935213565826416016e+01 -3.984838612874349195e+01
-4.182938702901204664e+01 -3.908583068847656250e+01
-4.272857602437337476e+01 -4.381037775675455492e+01
-4.269827365875244141e+01 -4.024874877929687500e+01
-4.310405572255452711e+01 -4.014399719238281250e+01
-4.434453709920247633e+01 -4.534913635253906250e+01
-4.343008931477864820e+01 -4.727023696899414062e+01
-4.461742560068766039e+01 -3.560525004069010180e+01
-3.765306154886881274e+01 -3.891506322224935133e+01
-4.011536725362142164e+01 -4.086559041341146070e+01
-4.352911186218261719e+01 -3.863615926106771070e+01
-4.242408593495687086e+01 -4.452248764038085938e+01
-3.886091486612955492e+01 -3.817993164062500000e+01
-3.869975932439168531e+01 -3.477336629231771070e+01
-3.620462703704833984e+01 -4.427155049641927320e+01
-4.243187300364176195e+01 -4.229131825764974195e+01
-4.364963881174723070e+01 -4.548712666829427320e+01
-4.178426742553710938e+01 -4.209944279988607008e+01
-4.176485125223795336e+01 -2.846010017395019531e+01
-3.634881734848022461e+01 -4.188308970133463305e+01
-4.377791754404703539e+01 -4.429348246256510180e+01
-4.234452247619628906e+01 -4.274016952514648438e+01
-4.339378770192464430e+01 -4.335883204142252367e+01
-4.474092801411946851e+01 -4.853538004557291430e+01
-4.415411917368570727e+01 -4.174323145548502367e+01
-3.999729061126708984e+01 -3.566389465332031250e+01
-3.971369330088297289e+01 -4.776774978637695312e+01
-4.164752928415934008e+01 -4.281139373779296875e+01
-4.328199132283528883e+01 -3.737558237711588305e+01
-4.051610088348388672e+01 -4.107072830200195312e+01
-4.193670940399169922e+01 -4.069258499145507812e+01
-4.099108314514160156e+01 -4.152219899495442945e+01
-4.225945059458414477e+01 -4.070392735799153883e+01
-3.963963826497396070e+01 -4.007863362630208570e+01
-4.395711867014566820e+01 -4.411270904541015625e+01
-4.362592093149820727e+01 -3.991513315836588305e+01
-4.282276407877603930e+01 -4.045560201009114820e+01
-4.074030876159667969e+01 -4.230148951212564867e+01
-4.075905704498291016e+01 -4.488410186767578125e+01
-4.406104691823323805e+01 -3.487481689453125000e+01
-3.980525779724121094e+01 -4.235296122233072680e+01
-4.110928726196289062e+01 -4.176118596394857008e+01
-4.130280907948812086e+01 -4.034691874186197680e+01
-4.108187230428060133e+01 -4.110521189371744555e+01
-4.012689208984375000e+01 -3.792412439982096117e+01
-4.049222183227539062e+01 -4.206106313069661695e+01
-4.447173849741617602e+01 -4.496205647786458570e+01
-4.286297575632730883e+01 -4.266639836629232008e+01
-4.434905719757080078e+01 -4.299310302734375000e+01
-3.811150519053141039e+01 -2.966174952189127723e+01
-3.593623685836791992e+01 -4.189885457356771070e+01
-4.420633792877197266e+01 -4.200360997517903883e+01
-4.133801269531250000e+01 -4.280702845255533617e+01
-3.615058867136637133e+01 -3.653052139282226562e+01
-4.242629337310791016e+01 -4.334922663370767992e+01
-4.460279146830240649e+01 -4.245684941609700758e+01
-4.342597262064615649e+01 -4.702312978108724195e+01
-4.301040395100911695e+01 -4.160779825846353930e+01
-4.238514582316080492e+01 -3.374941762288411695e+01
-4.122894001007080078e+01 -4.785936101277669508e+01
-4.497877629597982008e+01 -4.311680221557617188e+01
-4.318254248301187914e+01 -4.445112991333007812e+01
-4.314512793223062914e+01 -4.416265106201171875e+01
-4.038203779856363695e+01 -3.715517044067382812e+01
-4.064242649078369141e+01 -4.426857630411783617e+01
-4.168259588877359789e+01 -3.885873794555664062e+01
-3.718958155314127367e+01 -3.879842885335286695e+01
-4.536059602101644117e+01 -4.265261713663736742e+01
-4.461534754435221117e+01 -4.296607844034830492e+01
-4.236528905232747633e+01 -3.840088017781575758e+01
-4.156810919443766039e+01 -4.633702341715494555e+01
-3.984181753794351977e+01 -4.177498372395833570e+01
-4.382613881429036695e+01 -4.093602879842122633e+01
-4.135672092437744141e+01 -3.512958908081054688e+01
-4.169582970937093336e+01 -4.613331222534179688e+01
-4.500098164876302320e+01 -4.332979710896810133e+01
-4.175588925679524976e+01 -3.731955846150716383e+01
-4.075449180603027344e+01 -3.843450419108072680e+01
-4.184863408406575758e+01 -3.948895899454752367e+01
-4.091475041707357008e+01 -3.821054204305013258e+01
-4.140320110321044922e+01 -4.396158472696939867e+01
-3.872683175404866773e+01 -3.816474151611328125e+01
-4.364699840545654297e+01 -4.148709615071614820e+01
-3.343159119288126391e+01 -2.009740130106608191e+01
-2.762254269917805871e+01 -3.396208953857421875e+01
-3.937835184733072680e+01 -4.312582651774088305e+01
-4.501024818420410156e+01 -4.713705952962239820e+01
-4.041504351298014086e+01 -4.184006627400716383e+01
-4.019522237777709961e+01 -4.268470128377278883e+01
-4.011478805541992188e+01 -3.589609527587890625e+01
-4.291017150878906250e+01 -3.979982503255208570e+01
-3.907145309448242188e+01 -4.301274363199869555e+01
-4.031324227650960523e+01 -3.817604827880859375e+01
-4.166602484385172289e+01 -4.376819356282552320e+01
-4.118140792846679688e+01 -4.086960347493489820e+01
-4.473448880513509351e+01 -4.472820027669271070e+01
-4.225425624847412109e+01 -4.228270467122396070e+01
-4.422399806976318359e+01 -4.142525990804036695e+01
-3.658469804128011305e+01 -3.341592407226562500e+01
-3.848346439997354906e+01 -3.851063664754232008e+01
-3.905816745758056641e+01 -3.669185384114583570e+01
-3.625634892781575758e+01 -3.940264129638671875e+01
-4.078775533040364820e+01 -3.678585688273111742e+01
-3.873261896769205492e+01 -4.394250615437825758e+01
-4.475161774953206617e+01 -4.663943227132161695e+01
-4.009063053131103516e+01 -4.084774144490560133e+01
-4.150889682769775391e+01 -3.993673706054687500e+01
-4.430381139119466383e+01 -4.397198613484700758e+01
-3.965040143330892164e+01 -4.132628758748372633e+01
-4.034337902069091797e+01 -3.927267328898111742e+01
-4.173875967661539477e+01 -4.222335179646810133e+01
-4.165132490793863695e+01 -4.067658233642578125e+01
-4.156656233469644945e+01 -3.776210021972656250e+01
-4.051426601409912109e+01 -4.499311701456705492e+01
-4.239602184295654297e+01 -3.076672172546386719e+01
-3.706711928049723070e+01 -4.104855982462564867e+01
-4.188736724853515625e+01 -4.181685002644857008e+01
-4.413476467132568359e+01 -4.589622624715169508e+01
-4.284607219696044922e+01 -3.716593170166015625e+01
-3.777780755360921461e+01 -4.357185236612955492e+01
-4.129508558909098070e+01 -4.137047576904296875e+01
-4.205205567677815992e+01 -3.514816665649414062e+01
-4.258226998647054273e+01 -4.565344365437825758e+01
-4.209289709726969164e+01 -4.375789642333984375e+01
-4.426087093353271484e+01 -4.336187616984049242e+01
-4.431294854482015211e+01 -4.257511647542317945e+01
-4.496610037485758227e+01 -4.697481791178385180e+01
-4.315253671010335523e+01 -4.153219095865885180e+01
-4.271367073059082031e+01 -3.435111109415689867e+01
-3.695391146341959399e+01 -4.175676472981771070e+01
-4.355204772949218750e+01 -3.339375432332357008e+01
-3.824432055155435961e+01 -3.820570373535156250e+01
-4.206462637583414477e+01 -3.966761906941732008e+01
-4.519198226928710938e+01 -4.759041976928710938e+01
-4.304988765716552734e+01 -4.125864664713541430e+01
-4.293689886728922289e+01 -4.275400797526041430e+01
-4.445422108968099195e+01 -4.455866750081380445e+01
-4.204267279307047289e+01 -4.275045267740885180e+01
-4.405869706471761305e+01 -4.100437545776367188e+01
-4.293344720204671461e+01 -4.084390513102213305e+01
-4.381359672546386719e+01 -4.406488037109375000e+01
-4.392548147837320727e+01 -3.913485209147135180e+01
-4.205738258361816406e+01 -4.643836847941080492e+01
-4.228727277119954664e+01 -4.541708374023437500e+01
-3.655685806274414062e+01 -4.013575490315755445e+01
-4.250614102681478101e+01 -4.134847768147786695e+01
-4.371759923299153883e+01 -4.298186492919921875e+01
-4.409960937500000000e+01 -4.119800694783528883e+01
-4.451124318440755445e+01 -4.752174758911132812e+01
-4.428517309824625414e+01 -4.508720143636067945e+01
-4.142524051666259766e+01 -4.641092809041341383e+01
-4.126133839289347094e+01 -3.878001022338867188e+01
-3.930196634928385180e+01 -3.845979944864908617e+01
-4.277745564778646070e+01 -3.846372222900390625e+01
-3.638721195856729906e+01 -4.161842981974283617e+01
-4.292800776163736742e+01 -4.553831100463867188e+01
-4.455511919657389086e+01 -4.457772191365560133e+01
-4.373513984680175781e+01 -4.379986953735351562e+01
-4.262174383799234789e+01 -3.824623362223307055e+01
-4.276141866048177320e+01 -4.099750264485677320e+01
-4.504695320129394531e+01 -4.456579462687174242e+01
-4.167979653676351148e+01 -4.147598775227864820e+01
-4.324873034159342211e+01 -4.566540145874023438e+01
-4.552456283569335938e+01 -4.115219751993814867e+01
-4.310079638163248461e+01 -4.238572184244791430e+01
-4.355416711171468336e+01 -3.919225438435872633e+01
-4.440043544769287109e+01 -4.824406687418619555e+01
-4.294937705993652344e+01 -4.731356811523437500e+01
-4.336351490020751953e+01 -4.645733769734700758e+01
-4.191488329569498461e+01 -4.798796335856119555e+01
-3.900826136271158617e+01 -4.173978678385416430e+01
-4.005166308085123461e+01 -3.747649637858072680e+01
-4.084317048390706617e+01 -3.877067565917968750e+01
-4.245331732432047289e+01 -4.556307093302408617e+01
-4.013191413879394531e+01 -3.875819778442382812e+01
-4.292430210113525391e+01 -4.344000371297200758e+01
-4.267972596486409742e+01 -4.233936818440755445e+01
-4.269806607564290601e+01 -4.088231150309244555e+01
-4.165024757385253906e+01 -4.549438476562500000e+01
-4.319755999247232836e+01 -4.253976186116536695e+01
-4.020066038767496508e+01 -3.932556533813476562e+01
-4.368249607086181641e+01 -4.991344579060872633e+01
-4.651884365081787109e+01 -4.289887110392252367e+01
-4.397565142313639086e+01 -4.517627970377603930e+01
-4.620048713684082031e+01 -4.432432937622070312e+01
-4.406815528869628906e+01 -4.391181691487630445e+01
-4.221129830678304273e+01 -3.648885472615560133e+01
-4.158716265360514086e+01 -4.327255376180013258e+01
-4.380627806981404859e+01 -3.228251902262369555e+01
-4.092599550882975024e+01 -4.698899586995442945e+01
-4.188302421569824219e+01 -4.142232640584310133e+01
-4.143844763437906664e+01 -4.391856765747070312e+01
-4.124046579996744555e+01 -4.107128397623697680e+01
-4.468619505564371508e+01 -4.765973790486653883e+01
-4.215391985575357836e+01 -4.097491073608398438e+01
-4.351940854390462476e+01 -4.101272074381510180e+01
-4.337192408243814867e+01 -4.326785151163736742e+01
-4.433914756774902344e+01 -4.221933237711588305e+01
-4.436837291717529297e+01 -3.800043106079101562e+01
-4.206563790639241773e+01 -3.480826695760091383e+01
-4.123982206980387133e+01 -4.719364420572916430e+01
-4.359229691823323805e+01 -4.321415328979492188e+01
-4.333273919423421461e+01 -3.901243591308593750e+01
-4.058771197001139086e+01 -4.473106384277343750e+01
-4.370043150583902758e+01 -4.728035481770833570e+01
-4.657430362701416016e+01 -5.061509831746419508e+01
-4.254434935251871508e+01 -4.292778905232747633e+01
-4.146140257517496508e+01 -4.455812581380208570e+01
-4.341832160949707031e+01 -4.970263671875000000e+01
-4.386180432637532789e+01 -4.409675725301107008e+01
-4.179447555541992188e+01 -3.879661687215169508e+01
-4.125803661346435547e+01 -4.715577952067057055e+01
-4.143878618876139086e+01 -4.713755289713541430e+01
-4.567445945739746094e+01 -4.474753316243489820e+01
-4.564674377441406250e+01 -4.319619369506835938e+01
-4.104263941446939867e+01 -4.235758082071939867e+01
-4.476642894744873047e+01 -4.336629358927408617e+01
-4.613909117380777758e+01 -4.479508717854817945e+01
-4.450570265452066820e+01 -4.264559682210286695e+01
-4.285488128662109375e+01 -4.830879974365234375e+01
-4.594319788614908617e+01 -4.616032536824544508e+01
-4.355491447448730469e+01 -4.315972646077474195e+01
-4.367822869618733961e+01 -3.761908213297525805e+01
-3.998226261138916016e+01 -4.037870788574218750e+01
-4.020473384857177734e+01 -4.135466130574544508e+01
-4.118741989135742188e+01 -4.444482930501302320e+01
-4.279821459452310961e+01 -4.698609161376953125e+01
-4.558636601765950758e+01 -4.845443852742513258e+01
-4.481984361012776930e+01 -4.294171524047851562e+01
-4.253370316823323805e+01 -3.665901692708333570e+01
-4.184200541178385180e+01 -4.146260579427083570e+01
-4.104363155364990234e+01 -4.076330312093099195e+01
-4.307860120137532789e+01 -4.513628514607747633e+01
-4.529057439168294508e+01 -4.153473663330078125e+01
-3.774135096867879469e+01 -4.581958262125650805e+01
-4.050747871398925781e+01 -4.350459035237630445e+01
-4.341024112701416016e+01 -4.320954386393228930e+01
-4.307544708251953125e+01 -4.210329945882161695e+01
-4.534356625874837476e+01 -4.108550898234049242e+01
-3.910458946228027344e+01 -3.925864791870117188e+01
-4.264908377329508227e+01 -4.582926940917968750e+01
-4.302801386515299242e+01 -4.482034937540689867e+01
-4.473429743448892992e+01 -4.017021433512369555e+01
-4.197871271769205492e+01 -4.419855244954427320e+01
-4.591891892751058180e+01 -4.778041712443033617e+01
-4.740289211273193359e+01 -4.094492848714192945e+01
-4.121810881296793383e+01 -4.402852884928385180e+01
-3.722187662124633789e+01 -4.079611587524414062e+01
-4.619861634572347242e+01 -4.645841344197591383e+01
-4.521059672037760180e+01 -4.204867172241210938e+01
-4.302213827768961352e+01 -4.267790349324544508e+01
-4.194203917185465258e+01 -4.569276046752929688e+01
-4.344329992930094164e+01 -4.515360768636067945e+01
-4.462460295359293383e+01 -4.167737960815429688e+01
-4.153822167714437086e+01 -4.039457066853841383e+01
-4.269529120127359789e+01 -3.911662292480468750e+01
-4.095137882232666016e+01 -4.481545639038085938e+01
-4.211716079711914062e+01 -4.442256037394205492e+01
-4.197547944386800367e+01 -4.332110850016275805e+01
-4.534721151987711352e+01 -4.263618469238281250e+01
-4.371041297912597656e+01 -4.025159200032552320e+01
-4.416636212666829664e+01 -4.341964213053385180e+01
-4.171882216135660570e+01 -4.599397532145182055e+01
-4.659834162394205492e+01 -4.870335388183593750e+01
-4.284902954101562500e+01 -4.215687306722005445e+01
-4.324614810943603516e+01 -4.614979934692382812e+01
-4.505444431304931641e+01 -4.080789184570312500e+01
-4.529848480224609375e+01 -4.906128311157226562e+01
-4.666162141164144117e+01 -4.902276102701822680e+01
-4.257496579488118726e+01 -3.589775721232096117e+01
-3.972078355153401930e+01 -4.210071945190429688e+01
-4.294023927052815992e+01 -3.948698298136392992e+01
-4.360649585723876953e+01 -4.298312377929687500e+01
-4.073096720377603930e+01 -4.160592397054036695e+01
-4.351576773325601977e+01 -4.481684366861978930e+01
-4.640482521057128906e+01 -4.803230794270833570e+01
-4.793068059285482008e+01 -4.200488662719726562e+01
-4.402678807576497633e+01 -4.271612675984700758e+01
-4.709115282694498461e+01 -4.539709091186523438e+01
-4.385354646046956617e+01 -4.265142949422200758e+01
-4.251068274180094164e+01 -4.317961883544921875e+01
-4.080343246459960938e+01 -4.366804631551107008e+01
-4.441173871358235914e+01 -4.527739842732747633e+01
-4.327239735921224195e+01 -4.372598393758138258e+01
-4.303584035237630445e+01 -4.788525899251302320e+01
-4.636346149444580078e+01 -4.478519439697265625e+01
-4.720630232493082445e+01 -4.742763900756835938e+01
-4.694546890258789062e+01 -4.464597447713216383e+01
-4.394299761454264086e+01 -4.423212687174478930e+01
-4.338122240702310961e+01 -4.961822255452474195e+01
-4.170252958933512133e+01 -4.693471399943033617e+01
-3.932860024770101148e+01 -3.891599655151367188e+01
-4.237921873728434008e+01 -4.606717046101888258e+01
-4.515267213185628492e+01 -4.458379491170247633e+01
-4.435396671295166016e+01 -4.490453211466471117e+01
-4.340905443827310961e+01 -4.374372100830078125e+01
-4.436287879943847656e+01 -4.495150502522786695e+01
-4.684794934590657789e+01 -4.757563018798828125e+01
-4.311004384358724195e+01 -4.300594075520833570e+01
-4.248749732971191406e+01 -3.921242014567057055e+01
-4.199917284647623461e+01 -4.655510711669921875e+01
-3.793565956751505297e+01 -4.133955764770507812e+01
-4.225111262003580492e+01 -3.925863265991210938e+01
-4.212321027119954664e+01 -4.107864379882812500e+01
-4.370722103118896484e+01 -3.601181411743164062e+01
-4.121359507242838305e+01 -4.545677693684896070e+01
-4.421938673655191820e+01 -4.593158086140950758e+01
-4.733778413136800367e+01 -4.711444473266601562e+01
-4.636963240305582445e+01 -4.470681889851888258e+01
-4.290257644653320312e+01 -4.245267613728841383e+01
-4.390212249755859375e+01 -4.082873916625976562e+01
-4.308774185180664062e+01 -4.248278299967447680e+01
-4.378210862477620680e+01 -4.008106613159179688e+01
-4.161385440826416016e+01 -4.215181223551432055e+01
-4.459926001230875414e+01 -4.199097696940103930e+01
-4.464235083262125414e+01 -4.662085851033528883e+01
-4.700992933909098070e+01 -4.933591715494791430e+01
-4.198780441284179688e+01 -3.990458679199218750e+01
-4.360455067952474195e+01 -4.382167561848958570e+01
-4.444674777984619141e+01 -4.267326863606771070e+01
-4.508033243815103930e+01 -4.710962168375650805e+01
-4.576767508188883227e+01 -4.764282099405924242e+01
-4.141269207000732422e+01 -4.147758102416992188e+01
-4.066834863026937086e+01 -4.376092020670572680e+01
-4.491004435221353930e+01 -4.173158518473307055e+01
-4.597335497538248461e+01 -4.725109354654947680e+01
-4.151291243235269945e+01 -4.012076314290364820e+01
-4.339065996805826586e+01 -4.257129796346028883e+01
-4.459814389546712476e+01 -4.250161234537760180e+01
-4.442287381490071851e+01 -4.741558456420898438e+01
-4.301427777608235914e+01 -3.933167648315429688e+01
-4.179229386647542555e+01 -4.001449203491210938e+01
-4.191916656494140625e+01 -4.330132166544596117e+01
-4.367152500152587891e+01 -4.140966924031575758e+01
-4.414905579884847242e+01 -4.369491577148437500e+01
-4.575311120351155836e+01 -4.482644907633463305e+01
-4.354239845275878906e+01 -4.331063969930013258e+01
-4.437884489695230883e+01 -4.322133382161458570e+01
-4.418790086110433180e+01 -4.065307362874349195e+01
-4.368358103434244555e+01 -4.215266291300455492e+01
-4.642424043019612867e+01 -5.069640096028646070e+01
-4.537272453308105469e+01 -4.707977422078450758e+01
-4.517999776204427320e+01 -4.428006744384765625e+01
-4.326924959818521899e+01 -4.181886545817057055e+01
-4.470394865671793383e+01 -4.425778706868489820e+01
-4.470300610860189039e+01 -4.356764984130859375e+01
-4.404650020599365234e+01 -4.123131306966146070e+01
-4.583413855234781664e+01 -4.526257069905599195e+01
-4.294979683558145922e+01 -3.528697458902994555e+01
-3.838484605153401930e+01 -4.424395879109700758e+01
-4.323302968343099195e+01 -4.000294621785482008e+01
-4.379130045572916430e+01 -4.574148559570312500e+01
-4.402707513173421461e+01 -4.649802907307942945e+01
-4.452466011047363281e+01 -4.713601175944010180e+01
-4.492107836405435961e+01 -4.545681889851888258e+01
-4.465314197540283203e+01 -4.650641632080078125e+01
-4.574772326151529711e+01 -3.173594220479329309e+01
-3.712851047515869141e+01 -4.470747756958007812e+01
-4.345195388793945312e+01 -4.568626658121744555e+01
-4.672317028045654297e+01 -4.629220581054687500e+01
-4.346081161499023438e+01 -5.011013666788736742e+01
-4.480569330851236742e+01 -4.692904281616210938e+01
-4.280286725362142164e+01 -4.055065663655599195e+01
-4.501015949249267578e+01 -3.979442723592122633e+01
-4.332203451792398852e+01 -4.453600438435872633e+01
-4.478029855092366773e+01 -4.783666737874349195e+01
-4.558184941609700758e+01 -4.678339513142903883e+01
-4.570337994893392164e+01 -4.931171035766601562e+01
-4.709172852834065992e+01 -4.371694437662760180e+01
-4.474557177225748461e+01 -4.399569447835286695e+01
-4.632316748301187914e+01 -4.777883275349935133e+01
-4.160958671569824219e+01 -3.937176386515299242e+01
-4.461475149790445727e+01 -5.120584106445312500e+01
-4.467581590016683180e+01 -3.935226821899414062e+01
-4.176439952850341797e+01 -4.671622594197591383e+01
-4.623397541046142578e+01 -4.036655298868814867e+01
-4.631470521291097242e+01 -4.930440139770507812e+01
-4.608110936482747633e+01 -4.639907073974609375e+01
-4.443035125732421875e+01 -4.011189397176107008e+01
-4.459224001566568774e+01 -4.738535054524739820e+01
-4.020143349965413648e+01 -4.011413701375325758e+01
-4.382878335316976148e+01 -4.369371668497721117e+01
-4.591051101684570312e+01 -4.167734400431314867e+01
-4.329593785603841383e+01 -3.278829701741536695e+01
-3.548899952570597094e+01 -3.892082722981771070e+01
-4.154127756754557055e+01 -4.750051879882812500e+01
-4.769398466746012133e+01 -4.364128367106119555e+01
-4.482890923817952711e+01 -4.405670420328775805e+01
-4.608968480428060133e+01 -4.412026723225911695e+01
-4.622478644053141039e+01 -4.543720118204752367e+01
-4.297518952687581617e+01 -4.645153172810872633e+01
-4.410867118835449219e+01 -4.654151662190755445e+01
-4.155738671620687086e+01 -4.322490310668945312e+01
-4.535967604319254320e+01 -4.641476058959960938e+01
-4.634507624308267992e+01 -4.468010584513346117e+01
-4.325488185882568359e+01 -3.924103546142578125e+01
-4.271082846323648852e+01 -3.733915710449218750e+01
-4.260713704427083570e+01 -4.997260157267252367e+01
-4.749973742167154711e+01 -4.729548645019531250e+01
-4.529186312357584399e+01 -4.339060974121093750e+01
-4.301692899068196851e+01 -4.750245920817057055e+01
-4.088013235727945727e+01 -4.077954864501953125e+01
-4.527762381235758227e+01 -4.803263092041015625e+01
-4.509182008107503492e+01 -4.154660415649414062e+01
-4.257076327006021899e+01 -4.547858937581380445e+01
-4.493753941853841383e+01 -4.476036071777343750e+01
-4.439474296569824219e+01 -3.948485183715820312e+01
-4.405030091603597242e+01 -4.342492294311523438e+01
-4.499926821390787524e+01 -4.416666539510091383e+01
-4.314565022786458570e+01 -4.113244374593099195e+01
-4.064322153727213305e+01 -4.337056986490885180e+01
-4.507944138844808180e+01 -4.703038152058919508e+01
-4.688614241282144945e+01 -4.340198389689127367e+01
-4.622231705983480055e+01 -3.847797648111978930e+01
-4.092478911081949633e+01 -4.770875167846679688e+01
-4.402434953053792555e+01 -4.384935887654622633e+01
-4.319310665130615234e+01 -4.077446492513021070e+01
-4.506848907470703125e+01 -4.378604253133138258e+01
-4.471185461680094164e+01 -4.101053873697916430e+01
-4.083287620544433594e+01 -4.339726638793945312e+01
-3.969478273391723633e+01 -3.604043833414713305e+01
-3.779706573486328125e+01 -4.294502766927083570e+01
-4.595207405090332031e+01 -4.468313344319661695e+01
-4.507510058085123461e+01 -3.672356287638346117e+01
-4.388359928131103516e+01 -4.228310012817382812e+01
-4.172159703572591383e+01 -4.796410878499349195e+01
-4.699923133850097656e+01 -4.897963841756185133e+01
-4.563623174031575758e+01 -4.463293329874674242e+01
-4.654203097025553149e+01 -4.402649434407552320e+01
-4.607275009155273438e+01 -3.863485717773437500e+01
-4.380158074696858961e+01 -4.568293253580728930e+01
-4.665124289194742602e+01 -4.641230773925781250e+01
-4.661776320139566820e+01 -3.876875940958658617e+01
-4.461115996042887133e+01 -4.688159306844075758e+01
-4.194593588511148852e+01 -4.163948313395182055e+01
-4.463866202036539477e+01 -4.335061645507812500e+01
-4.568228054046630859e+01 -4.394096755981445312e+01
-4.458187834421793383e+01 -4.729400126139322680e+01
-4.069096151987711352e+01 -3.916109720865885180e+01
-4.615905221303304273e+01 -5.268277613321939867e+01
-4.046400070190429688e+01 -4.450609970092773438e+01
-4.486145941416422289e+01 -4.365273920694986742e+01
-4.311681683858235914e+01 -4.163521575927734375e+01
-4.420067310333251953e+01 -3.831729888916015625e+01
-4.198175970713297289e+01 -3.739013799031575758e+01
-4.423394934336344164e+01 -4.232467524210611742e+01
-4.373777198791503906e+01 -4.906369908650716383e+01
-4.311589908599853516e+01 -4.244950230916341383e+01
-4.154233773549398023e+01 -4.129181162516275805e+01
-4.095426877339681226e+01 -4.246616999308267992e+01
-4.753362560272216797e+01 -4.734583028157552320e+01
-4.604527091979980469e+01 -4.903231557210286695e+01
-4.543015638987223070e+01 -4.125095240275064867e+01
-4.350934282938639086e+01 -4.323728942871093750e+01
-4.403162670135498047e+01 -4.256587473551432055e+01
-4.419469706217447680e+01 -3.817024866739908617e+01
-4.197205829620361328e+01 -4.527361679077148438e+01
-4.619225978851318359e+01 -4.292991892496744555e+01
-4.529499212900797289e+01 -4.349119822184244555e+01
-4.340852387746175367e+01 -3.931289672851562500e+01
-4.574559466044107836e+01 -4.158216730753580492e+01
-4.409827295939127367e+01 -3.890163294474283617e+01
-4.172804387410482008e+01 -4.066871897379557055e+01
-4.212475776672363281e+01 -4.746417236328125000e+01
-4.611071650187174242e+01 -4.957716242472330492e+01
-4.435056940714517992e+01 -4.425084050496419508e+01
-4.622596677144368726e+01 -4.992069625854492188e+01
-3.712032667795816820e+01 -3.526436869303385180e+01
-4.230876763661702711e+01 -4.391502761840820312e+01
-4.470698324839273852e+01 -3.808873240152994555e+01
-4.039137331644693774e+01 -4.675641377766927320e+01
-4.589182567596435547e+01 -4.972670491536458570e+01
-4.837386735280355055e+01 -4.664081954956054688e+01
-4.411781311035156250e+01 -3.943762207031250000e+01
-3.923152160644531250e+01 -4.396463648478189867e+01
-4.119744745890299242e+01 -4.307683054606119555e+01
-4.301274967193603516e+01 -4.038070297241210938e+01
-3.629166269302368164e+01 -2.868484306335449219e+01
-3.825439341862996656e+01 -3.887672297159830492e+01
-4.362220064798990649e+01 -4.515394846598307055e+01
-4.672018305460611742e+01 -4.354568481445312500e+01
-4.339571793874105055e+01 -3.419621531168619555e+01
-4.007939465840657789e+01 -4.290911992390950758e+01
-4.447733561197916430e+01 -4.581375122070312500e+01
-4.436602592468261719e+01 -4.282913080851236742e+01
-4.387777201334635180e+01 -4.710579427083333570e+01
-4.545608234405517578e+01 -4.506538899739583570e+01
-4.756524594624837476e+01 -5.046937942504882812e+01
-4.768539047241210938e+01 -4.963876597086588305e+01
-4.763567829132080078e+01 -4.722392400105794508e+01
-4.424131011962890625e+01 -4.976257705688476562e+01
-4.282750352223714430e+01 -4.722092056274414062e+01
-4.026470756530761719e+01 -4.112911351521810133e+01
-4.425485992431640625e+01 -4.346549733479817945e+01
-4.611153761545816820e+01 -5.029126993815103930e+01
-4.786989339192708570e+01 -4.316614659627278883e+01
-4.428363037109375000e+01 -4.273510615030924242e+01
-4.571195920308431226e+01 -4.452663040161132812e+01
-4.438045660654703539e+01 -4.368727874755859375e+01
-4.596821085611978930e+01 -4.734298070271810133e+01
-4.596709791819254320e+01 -4.740853881835937500e+01
-4.104227097829183180e+01 -4.323272705078125000e+01
-4.026179790496826172e+01 -4.491256459554036695e+01
-4.502447032928466797e+01 -4.318410491943359375e+01
-4.749668312072753906e+01 -4.725183232625325758e+01
-4.218498579661051195e+01 -3.976539993286132812e+01
-4.483512910207112867e+01 -4.717800140380859375e+01
-4.655786132812500000e+01 -3.922166188557942945e+01
-4.361938603719075758e+01 -4.135197703043619555e+01
-4.444223531087239820e+01 -4.806672159830728930e+01
-4.530311584472656250e+01 -5.019322077433267992e+01
-4.499590078989664477e+01 -4.744111633300781250e+01
-4.686553827921549242e+01 -4.211836751302083570e+01
-4.623502763112386305e+01 -4.125860977172851562e+01
-4.330885442097982008e+01 -3.767060979207357008e+01
-3.890739949544271070e+01 -3.900475692749023438e+01
-4.255878575642903883e+01 -4.071656417846679688e+01
-4.418709437052408617e+01 -4.479446411132812500e+01
-4.680839411417642992e+01 -4.812525304158528883e+01
-4.167031574249267578e+01 -3.720726267496744555e+01
-4.355854352315267164e+01 -5.026721827189127367e+01
-4.478959115346273023e+01 -4.704955546061197680e+01
-4.380555820465087891e+01 -4.151028315226236742e+01
-4.271340433756510180e+01 -4.709224065144857008e+01
-4.794614028930664062e+01 -4.439251454671224195e+01
-4.549309317270914477e+01 -4.721067301432291430e+01
-4.650848642985025805e+01 -4.439409255981445312e+01
-4.536108525594075758e+01 -4.229792404174804688e+01
-4.423492590586344164e+01 -4.381355794270833570e+01
-4.492286523183187086e+01 -4.858575693766275805e+01
-4.802913316090901930e+01 -4.571139653523763258e+01
-4.503274917602539062e+01 -4.373227437337239820e+01
-4.477907657623291016e+01 -4.101642735799153883e+01
-4.321389452616373461e+01 -4.589020284016927320e+01
-4.367785803476969164e+01 -4.759291458129882812e+01
-4.361195564270019531e+01 -4.621896870930989820e+01
-4.383773199717203539e+01 -4.288297780354817945e+01
-4.471157010396321851e+01 -4.666520182291666430e+01
-4.315617148081461352e+01 -4.761221822102864820e+01
-4.569802061716715258e+01 -4.731228001912435133e+01
-4.557168960571289062e+01 -4.493201065063476562e+01
-4.496054808298746508e+01 -4.653488413492838305e+01
-4.719247277577718336e+01 -4.178917312622070312e+01
-4.552227656046549242e+01 -4.833252207438150805e+01
-4.650845082600911695e+01 -4.468723805745442945e+01
-4.438264910380045336e+01 -4.300089136759439867e+01
-4.466401545206705492e+01 -5.045009231567382812e+01
-4.881029446919759351e+01 -4.527605438232421875e+01
-4.471223481496175367e+01 -4.458230972290039062e+01
-4.666359647115071851e+01 -4.687733968098958570e+01
-3.832006581624349195e+01 -3.922672144571939867e+01
-4.191072463989257812e+01 -4.185270436604817945e+01
-4.404467455546060961e+01 -3.251393445332845289e+01
-3.766102059682210523e+01 -4.572482554117838305e+01
-4.747994613647460938e+01 -5.030765787760416430e+01
-4.516359424591064453e+01 -4.593218104044596117e+01
-4.448231188456217211e+01 -4.468271001180013258e+01
-4.305413881937662524e+01 -4.309994379679361742e+01
-4.202440579732259351e+01 -4.308408482869466383e+01
-4.648997910817464430e+01 -4.467600886027017992e+01
-3.988912836710611742e+01 -3.790948359171549242e+01
-4.212298679351806641e+01 -4.754113388061523438e+01
-4.565782483418782789e+01 -4.758193588256835938e+01
-4.622009690602620680e+01 -4.343278376261392992e+01
-4.210763009389241773e+01 -4.567792256673177320e+01
-4.618863519032796461e+01 -4.939373906453450758e+01
-4.430197111765543383e+01 -4.828591156005859375e+01
-4.546650473276773852e+01 -4.310003153483072680e+01
-4.477385266621907789e+01 -3.770708084106445312e+01
-4.455582809448242188e+01 -4.446601104736328125e+01
-4.640690326690673828e+01 -4.517878468831380445e+01
-4.439816856384277344e+01 -4.462996800740560133e+01
-4.795416831970214844e+01 -4.913292566935221117e+01
-4.804899406433105469e+01 -4.721450932820638258e+01
-4.567949549357096117e+01 -3.936541366577148438e+01
-4.571425247192382812e+01 -4.305347061157226562e+01
-4.326540692647298414e+01 -4.570091120402017992e+01
-4.713909912109375000e+01 -4.743212254842122633e+01
-4.491789913177490234e+01 -4.395180257161458570e+01
-4.455306498209635180e+01 -4.418214925130208570e+01
-4.553113937377929688e+01 -4.141934585571289062e+01
-4.312522220611572266e+01 -4.128094100952148438e+01
-4.416287263234456617e+01 -4.767789967854817945e+01
-3.301817401250203687e+01 -3.820886230468750000e+01
-4.031826877593994141e+01 -4.920229339599609375e+01
-4.236089007059732836e+01 -3.128901290893554688e+01
-3.958994102478027344e+01 -4.383489481608072680e+01
-4.445068550109863281e+01 -4.538443247477213305e+01
-4.064283498128255445e+01 -3.884811655680338305e+01
-4.319190470377603930e+01 -4.519896570841471117e+01
-4.630942217508951586e+01 -4.867026138305664062e+01
-4.608396625518798828e+01 -4.929733530680338305e+01
-4.401598008473714430e+01 -4.815944798787435133e+01
-4.611735566457112867e+01 -4.973384475708007812e+01
-4.807407538096109789e+01 -4.899143600463867188e+01
-4.468012587229410570e+01 -4.704258219401041430e+01
-4.420581054687500000e+01 -4.106078974405924242e+01
-4.328028964996337891e+01 -4.358956273396810133e+01
-4.395942656199137133e+01 -4.382816060384114820e+01
-4.471607271830240649e+01 -4.449113082885742188e+01
-4.763872210184732836e+01 -4.630059178670247633e+01
-4.303094959259033203e+01 -4.403297551472982008e+01
-4.652142143249511719e+01 -4.780984624226888258e+01
-4.701096916198730469e+01 -4.613757451375325758e+01
-4.440988477071126539e+01 -4.757204437255859375e+01
-4.525626818339029711e+01 -4.714329655965169508e+01
-4.425361061096191406e+01 -4.140922419230142992e+01
-4.539614423116048414e+01 -4.694826380411783617e+01
-4.761365159352620680e+01 -4.414279429117838305e+01
-3.989714527130126953e+01 -3.801161956787109375e+01
-4.487150128682454664e+01 -4.602853902180989820e+01
-4.542358271280924242e+01 -4.386004892985025805e+01
-4.450679429372151930e+01 -3.953808212280273438e+01
-3.553319199879964430e+01 -3.747993087768554688e+01
-4.137510204315185547e+01 -4.790679041544596117e+01
-4.686888472239176195e+01 -5.011713282267252367e+01
-4.765450795491536695e+01 -4.638883845011392992e+01
-4.458799139658609789e+01 -4.898349634806314867e+01
-4.664706420898437500e+01 -4.498905181884765625e+01
-4.575760237375894945e+01 -4.998912811279296875e+01
-4.618459924062093336e+01 -4.689540481567382812e+01
-4.461488564809163648e+01 -3.798046493530273438e+01
-4.340140183766683180e+01 -4.868398030598958570e+01
-4.776405048370361328e+01 -5.082265345255533617e+01
-4.704040654500325758e+01 -4.638908259073892992e+01
-4.554230435689290601e+01 -4.781266148885091383e+01
-4.768052673339843750e+01 -4.806593068440755445e+01
-4.329356447855631274e+01 -4.369886525472005445e+01
-4.813997554779052734e+01 -4.391556421915689867e+01
-4.048712158203125000e+01 -4.309469858805338305e+01
-4.667243067423502367e+01 -5.072918319702148438e+01
-4.752017402648925781e+01 -3.785990015665689867e+01
-4.369528579711914062e+01 -4.627208073933919508e+01
-4.654371134440103930e+01 -4.769596989949544508e+01
-4.347954050699869555e+01 -4.303764979044596117e+01
-4.447760899861653883e+01 -4.207543690999349195e+01
-4.475702412923177320e+01 -4.436620076497396070e+01
-4.603398259480794508e+01 -4.302587509155273438e+01
-4.429448032379150391e+01 -4.517027537027994555e+01
-4.555464903513590258e+01 -4.329294713338216383e+01
-4.606539885203043383e+01 -4.363041178385416430e+01
-4.695642566680908203e+01 -4.099991734822591383e+01
-4.344567743937174242e+01 -4.867751312255859375e+01
-4.459574000040689867e+01 -4.555185317993164062e+01
-4.679433981577555102e+01 -4.514976374308267992e+01
-4.893847020467122633e+01 -4.899757003784179688e+01
-4.769082291920980055e+01 -4.254853693644205492e+01
-4.854806232452392578e+01 -5.073113123575846117e+01
-4.520122750600179273e+01 -4.863393783569335938e+01
-4.685751279195149976e+01 -4.553097915649414062e+01
-4.398709392547607422e+01 -4.803206888834635180e+01
-4.825188700358072680e+01 -3.683071009318033617e+01
-4.252553399403890211e+01 -4.873962910970052320e+01
-4.605814615885416430e+01 -4.649553171793619555e+01
-4.623740005493164062e+01 -4.673447163899739820e+01
-4.662287553151448805e+01 -4.723080952962239820e+01
-4.772972742716471117e+01 -4.502144114176432055e+01
-4.557028516133626539e+01 -4.422913487752278883e+01
-4.488295491536458570e+01 -4.410624059041341383e+01
-4.837553501129150391e+01 -4.781751378377278883e+01
-4.205483055114746094e+01 -2.826332664489746094e+01
-3.664748303095499438e+01 -4.562257766723632812e+01
-4.409840138753255445e+01 -4.474241256713867188e+01
-4.351703294118245680e+01 -4.670790990193685133e+01
-4.561706797281900805e+01 -4.304731369018554688e+01
-4.463657792409261305e+01 -4.531801859537760180e+01
-4.401738897959391039e+01 -4.824362691243489820e+01
-4.275134881337483961e+01 -4.121074676513671875e+01
-4.598313490549723070e+01 -4.963335037231445312e+01
-4.868887774149576586e+01 -4.996242777506510180e+01
-4.792725435892740649e+01 -4.613171895345052320e+01
-4.663394673665364820e+01 -4.676642608642578125e+01
-4.747489388783773023e+01 -4.624969228108724195e+01
-4.691266409556070727e+01 -5.038132222493489820e+01
-4.632220745086669922e+01 -4.650689570109049242e+01
-4.536468569437662524e+01 -4.599296061197916430e+01
-4.683561229705810547e+01 -4.846884155273437500e+01
-4.397258504231771070e+01 -4.678365325927734375e+01
-4.652054913838704664e+01 -4.004366048177083570e+01
-4.198906612396240234e+01 -4.871373240152994555e+01
-4.499818007151285570e+01 -4.384053929646810133e+01
-4.760668849945068359e+01 -3.833381017049153883e+01
-3.888420486450195312e+01 -4.047558085123697680e+01
-4.583755493164062500e+01 -4.720574188232421875e+01
-4.375605328877767164e+01 -4.313428878784179688e+01
-4.800668366750081617e+01 -4.910372416178385180e+01
-4.682170454661051195e+01 -4.023429870605468750e+01
-4.666130765279134351e+01 -4.085970687866210938e+01
-4.352197297414144117e+01 -4.590269978841146070e+01
-4.610727500915527344e+01 -4.309749984741210938e+01
-4.637825934092203539e+01 -4.242783737182617188e+01
-4.416551526387532789e+01 -4.580795542399088305e+01
-4.565254815419515211e+01 -4.167211151123046875e+01
-4.460573514302571851e+01 -4.775563303629557055e+01
-4.863572724660237867e+01 -4.788945643107096117e+01
-4.685647583007812500e+01 -4.780337397257486742e+01
-4.577729956309000414e+01 -4.677509562174478930e+01
-4.593098831176757812e+01 -4.847324879964192945e+01
-4.651894601186116773e+01 -4.563065083821614820e+01
-4.722671508789062500e+01 -3.836720911661783617e+01
-4.281909529368082445e+01 -4.617850875854492188e+01
-4.517994721730550367e+01 -4.888822428385416430e+01
-4.678053633371988695e+01 -4.271494801839192945e+01
-4.617946688334146899e+01 -4.929242706298828125e+01
-4.704935201009114820e+01 -4.320576731363932055e+01
-4.630275154113769531e+01 -4.489688491821289062e+01
-4.654261302947998047e+01 -4.803712590535482008e+01
-4.083988062540689867e+01 -4.272766240437825758e+01
-4.322876739501953125e+01 -4.525624084472656250e+01
-4.666266504923502367e+01 -4.501841227213541430e+01
-4.722312959035237867e+01 -5.043936030069986742e+01
-4.673480860392252367e+01 -4.579705683390299242e+01
-4.751758098602294922e+01 -4.646497090657552320e+01
-4.874688784281412524e+01 -4.986212793986002367e+01
-4.706586678822835523e+01 -4.500044631958007812e+01
-4.622533766428629320e+01 -4.933120091756185133e+01
-4.857911173502603930e+01 -4.418243662516275805e+01
-4.534542528788248461e+01 -4.556417592366536695e+01
-4.401551373799642164e+01 -4.183082453409830492e+01
-4.537796401977539062e+01 -4.828698603312174242e+01
-4.529938220977783203e+01 -4.263246281941732008e+01
-4.116157054901123047e+01 -4.202454757690429688e+01
-3.795731385548909742e+01 -3.790279134114583570e+01
-4.356084601084391039e+01 -5.268960189819335938e+01
-4.527978865305582445e+01 -4.242569605509439867e+01
-4.582435639699300367e+01 -4.192372385660807055e+01
-4.385910224914550781e+01 -4.717853673299153883e+01
-4.481190427144368726e+01 -4.191872024536132812e+01
-4.591296768188476562e+01 -4.880267715454101562e+01
-4.700580215454101562e+01 -4.386862945556640625e+01
-4.493451150258382398e+01 -4.160218175252278883e+01
-4.500437704722086352e+01 -4.289395777384439867e+01
-4.286764208475748461e+01 -4.525330607096353930e+01
-4.647082773844400805e+01 -5.014507929484049242e+01
-4.559505240122476977e+01 -4.648869196573892992e+01
-4.333435344696044922e+01 -4.021680577596028883e+01
-4.475122801462809008e+01 -4.978824869791666430e+01
-4.533569939931233961e+01 -4.781695810953775805e+01
-4.625394185384114820e+01 -3.993509419759114820e+01
-4.231606578826904297e+01 -4.582246017456054688e+01
-4.620477962493896484e+01 -4.001994196573892992e+01
-4.617158349355062086e+01 -4.812999852498372633e+01
-4.675530560811360914e+01 -4.729336929321289062e+01
-4.400266647338867188e+01 -4.484983444213867188e+01
-4.703940868377685547e+01 -4.897188822428385180e+01
-4.503512763977050781e+01 -4.516412099202474195e+01
-4.543470795949300367e+01 -4.167116292317708570e+01
-4.531874815622965258e+01 -4.671944936116536695e+01
-4.596218236287435133e+01 -4.777395121256510180e+01
-4.672954813639322680e+01 -4.085850016276041430e+01
-4.426333077748616773e+01 -4.693602116902669508e+01
-4.587135791778564453e+01 -4.801399866739908617e+01
-4.487882455190023023e+01 -4.039392598470052320e+01
-4.577003192901611328e+01 -4.876070912679036695e+01
-4.702921867370605469e+01 -4.004522069295247633e+01
-4.524301369984944898e+01 -4.609511057535807055e+01
-4.621450710296630859e+01 -4.932123311360677320e+01
-4.612652619679769117e+01 -4.660550308227539062e+01
-4.467839177449544508e+01 -4.227932484944661695e+01
-4.556412855784098070e+01 -4.729114786783853930e+01
-4.558338737487792969e+01 -4.968384933471679688e+01
-4.521787484486898023e+01 -4.637284851074218750e+01
-4.701522318522135180e+01 -4.917186101277669508e+01
-4.610703500111898023e+01 -4.773081080118814867e+01
-4.376924037933349609e+01 -4.807375971476236742e+01
-4.333597946166992188e+01 -4.111683400472005445e+01
-4.661395581563314039e+01 -4.792998250325521070e+01
-4.814877223968505859e+01 -4.701314798990885180e+01
-4.634098211924234789e+01 -3.448383712768554688e+01
-3.979554589589437086e+01 -4.139963277180989820e+01
-4.583762868245442945e+01 -4.580702082316080492e+01
-4.632290108998616773e+01 -4.798637262980142992e+01
-4.264185746510823805e+01 -4.325793711344400805e+01
-4.014133961995442945e+01 -4.562771860758463305e+01
-4.810549004872640211e+01 -5.225037638346353930e+01
-4.360869216918945312e+01 -3.983256403605142992e+01
-4.450672213236490649e+01 -5.220316823323567945e+01
-4.547078736623128492e+01 -4.463019053141275805e+01
-4.556787268320719164e+01 -4.525187174479166430e+01
-4.672534720102945727e+01 -4.853475697835286695e+01
-4.530080827077230055e+01 -4.719053141276041430e+01
-4.690307076772054273e+01 -4.317886988321939867e+01
-4.413814258575439453e+01 -4.676700083414713305e+01
-4.414827505747476977e+01 -4.447682698567708570e+01
-4.423498535156250000e+01 -4.660356140136718750e+01
-4.613598982493082445e+01 -4.325251897176107008e+01
-4.624157079060872633e+01 -4.300402577718099195e+01
-4.568410968780517578e+01 -5.211841456095377367e+01
-4.310114574432373047e+01 -4.147435124715169508e+01
-4.503507169087728101e+01 -4.802350997924804688e+01
-4.745983759562174242e+01 -4.895809427897135180e+01
-4.626750119527181226e+01 -4.974705505371093750e+01
-4.713514645894368726e+01 -4.533229319254557055e+01
-4.745534324645996094e+01 -4.756160608927408617e+01
-4.672551695505777758e+01 -4.414353052775064867e+01
-4.693254852294921875e+01 -4.585842641194661695e+01
-4.735440572102864820e+01 -4.836719258626302320e+01
-4.732044474283853930e+01 -4.907408777872721117e+01
-4.494827651977539062e+01 -3.933118565877278883e+01
-4.428081035614013672e+01 -5.012173334757486742e+01
-4.401689910888671875e+01 -4.431068420410156250e+01
-4.514903227488199633e+01 -4.432704035441080492e+01
-4.495208231608072680e+01 -4.419420750935872633e+01
-4.425712235768636305e+01 -5.092653656005859375e+01
-4.256264464060465258e+01 -4.002253468831380445e+01
-4.004891109466552734e+01 -4.211413192749023438e+01
-4.267852465311685961e+01 -4.312776056925455492e+01
-4.438314660390218336e+01 -4.590932464599609375e+01
-4.642176946004232008e+01 -4.446427027384439867e+01
-4.845149993896484375e+01 -4.827049001057942945e+01
-4.327275117238362867e+01 -4.320247268676757812e+01
-4.476098950703939039e+01 -4.348079427083333570e+01
-4.632817045847574633e+01 -4.934636688232421875e+01
-3.978055572509765625e+01 -4.470098749796549242e+01
-4.497036139170328539e+01 -4.474138132731119555e+01
-4.727673943837483961e+01 -4.859591801961263258e+01
-4.244698937733968336e+01 -4.135009256998697680e+01
-4.537981605529785156e+01 -4.773123041788736742e+01
-4.453324921925862867e+01 -4.488430150349935133e+01
-4.767651875813802320e+01 -4.873075866699218750e+01
-4.728727118174234789e+01 -4.056064860026041430e+01
-4.528371429443359375e+01 -4.637124252319335938e+01
-4.755016740163167555e+01 -4.833179346720377367e+01
-4.522864913940429688e+01 -4.487162399291992188e+01
-4.509988276163736742e+01 -4.612458928426107008e+01
-4.861706829071044922e+01 -4.753310394287109375e+01
-3.584223604202270508e+01 -3.877652867635091383e+01
-3.907049560546875000e+01 -4.461664962768554688e+01
-4.389280319213867188e+01 -4.384096018473307055e+01
-4.272153504689534742e+01 -4.401861063639322680e+01
-4.347057056427001953e+01 -4.169468688964843750e+01
-4.380926036834716797e+01 -4.783368174235025805e+01
-4.727207565307617188e+01 -4.158914693196614820e+01
-4.447691504160562914e+01 -4.537981033325195312e+01
-4.441409047444661695e+01 -4.755218378702799242e+01
-4.927169322967529297e+01 -4.792709604899088305e+01
-4.584570185343424242e+01 -4.989398320515950758e+01
-4.941484642028808594e+01 -4.277446365356445312e+01
-4.155581696828206617e+01 -4.280909601847330492e+01
-4.465447839101155836e+01 -4.071299489339192945e+01
-4.458283360799153883e+01 -4.427689488728841383e+01
-4.651600996653238695e+01 -4.262535603841146070e+01
-4.275643189748128492e+01 -4.263865152994791430e+01
-4.634516843159993726e+01 -4.940343602498372633e+01
-4.836191113789876539e+01 -3.792184702555338305e+01
-4.384172058105468750e+01 -4.655903752644857008e+01
-4.767276573181152344e+01 -4.617882410685221117e+01
-4.634308751424153883e+01 -4.915732828776041430e+01
-4.959129047393798828e+01 -5.031633122762044508e+01
-4.641147613525390625e+01 -4.650795110066732008e+01
-4.433775933583577711e+01 -5.025910186767578125e+01
-4.624553998311360914e+01 -3.807956441243489820e+01
-4.419663397471109789e+01 -4.766261545817057055e+01
-4.931113274892171461e+01 -4.730463027954101562e+01
-4.786915683746337891e+01 -4.755473963419596117e+01
-4.242321840922037524e+01 -4.006392669677734375e+01
-3.971265633900960523e+01 -4.452189890543619555e+01
-4.450202369689941406e+01 -4.008068339029947680e+01
-4.285263252258300781e+01 -4.333312733968099195e+01
-4.690354220072428149e+01 -5.128358586629232008e+01
-4.473453966776529711e+01 -4.661038208007812500e+01
-4.811186154683431226e+01 -4.958430353800455492e+01
-4.800917561848958570e+01 -4.798806254069010180e+01
-4.718600591023763258e+01 -4.766733678181966383e+01
-4.890249633789062500e+01 -4.741617457071939867e+01
-4.600267950693766039e+01 -4.302935918172200758e+01
-4.644235197703043383e+01 -4.899139658610025805e+01
-4.476410706837972242e+01 -4.543922170003255445e+01
-4.750457636515299242e+01 -4.745894495646158617e+01
-4.683078861236572266e+01 -4.885074106852213305e+01
-4.708821678161621094e+01 -4.767692311604817945e+01
-4.707402547200521070e+01 -4.517127863566080492e+01
-4.511507479349771899e+01 -4.628745905558267992e+01
-4.782894229888916016e+01 -4.371850840250650805e+01
-4.603440348307291430e+01 -4.477023569742838305e+01
-4.631147607167562086e+01 -4.591407521565755445e+01
-4.577124691009521484e+01 -4.777538172403971117e+01
-4.692885812123616773e+01 -4.711353302001953125e+01
-4.572552299499511719e+01 -4.229527028401692945e+01
-4.711235777537027758e+01 -5.109637069702148438e+01
-4.482453409830728930e+01 -4.394843928019205492e+01
-4.639767106374105055e+01 -4.930721664428710938e+01
-4.301168855031331617e+01 -4.079240798950195312e+01
-4.259605820973714430e+01 -4.077812067667642992e+01
-4.504837036132812500e+01 -4.658669153849283617e+01
-4.763285319010416430e+01 -4.653418604532877367e+01
-4.209532674153646070e+01 -4.466915893554687500e+01
-4.636862850189208984e+01 -4.831147766113281250e+01
-4.301961771647135180e+01 -4.222086842854817945e+01
-4.513386631011962891e+01 -4.360354359944661695e+01
-4.556742382049560547e+01 -3.791738891601562500e+01
-3.918368244171142578e+01 -3.936995442708333570e+01
-4.289875984191894531e+01 -5.110516484578450758e+01
-4.548219394683837891e+01 -4.942123540242513258e+01
-4.687065728505452711e+01 -5.054024251302083570e+01
-4.621661472320556641e+01 -4.810345204671224195e+01
-4.725136725107828539e+01 -4.853784942626953125e+01
-4.754380385080973070e+01 -4.584408569335937500e+01
-4.832470575968424242e+01 -4.885702896118164062e+01
-4.430665683746337891e+01 -4.236635080973307055e+01
-4.241428597768148023e+01 -4.157274754842122633e+01
-4.639432398478189867e+01 -4.794694264729817945e+01
-4.658975346883138258e+01 -4.588697179158528883e+01
-4.807825692494710523e+01 -4.739915339152017992e+01
-4.676761754353841383e+01 -5.096959813435872633e+01
-4.719434483846028883e+01 -5.097319920857747633e+01
-4.826915295918782789e+01 -4.884539667765299242e+01
-4.488190333048502367e+01 -3.898193105061849195e+01
-4.253609752655029297e+01 -4.252423350016275805e+01
-4.312321122487386305e+01 -4.275539652506510180e+01
-4.548843574523925781e+01 -4.587434895833333570e+01
-4.564696407318115234e+01 -4.598760859171549242e+01
-4.724372069040934008e+01 -4.737752787272135180e+01
-4.818982537587483961e+01 -4.509805043538411695e+01
-4.636980056762695312e+01 -4.780214182535807055e+01
-4.627947648366292555e+01 -4.576123046875000000e+01
-4.544090080261230469e+01 -4.889542134602864820e+01
-4.796981016794840258e+01 -4.264515304565429688e+01
-4.522282314300537109e+01 -4.688027954101562500e+01
-4.822576045989990234e+01 -4.511101659138997633e+01
-4.767463684082031250e+01 -5.169255193074544508e+01
-4.438330554962158203e+01 -4.119599278767903883e+01
-4.589422988891601562e+01 -4.344853591918945312e+01
-4.566994094848632812e+01 -4.118281936645507812e+01
-4.487456512451171875e+01 -4.350634256998697680e+01
-4.509707228342691820e+01 -4.411814498901367188e+01
-4.687868213653564453e+01 -4.645744323730468750e+01
-4.583831405639648438e+01 -4.571946970621744555e+01
-4.692427190144857008e+01 -4.986646270751953125e+01
-4.620190397898355883e+01 -4.677462387084960938e+01
-4.450481192270914477e+01 -3.796545918782552320e+01
-3.783683586120605469e+01 -4.370144144694010180e+01
-3.787691211700439453e+01 -4.505057398478189867e+01
-4.353186162312825758e+01 -4.233757400512695312e+01
-4.613437684377034742e+01 -4.658417892456054688e+01
-4.784447860717773438e+01 -4.614321009318033617e+01
-4.823124885559082031e+01 -4.491316350301107008e+01
-4.575840886433919508e+01 -4.047938919067382812e+01
-4.383931922912597656e+01 -4.802986399332682055e+01
-4.507949225107828539e+01 -4.354654947916666430e+01
-4.586404291788736742e+01 -3.556180318196614820e+01
-4.296276251475016039e+01 -4.801546478271484375e+01
-4.641705799102783203e+01 -4.407795333862304688e+01
-4.638285001118978101e+01 -3.919430033365885180e+01
-4.245601018269857008e+01 -5.099134826660156250e+01
-4.611937204996744555e+01 -4.818860499064127367e+01
-4.648547903696695727e+01 -4.277252960205078125e+01
-4.503514798482259351e+01 -4.636716842651367188e+01
-4.911218166351318359e+01 -4.920546340942382812e+01
-4.373850949605306226e+01 -4.390250651041666430e+01
-4.770222822825113695e+01 -4.037907536824544508e+01
-4.492951520284017164e+01 -5.245496368408203125e+01
-4.646176878611246508e+01 -4.603088506062825758e+01
-4.282563527425130445e+01 -4.696432367960611742e+01
-4.555480511983235914e+01 -4.148494593302408617e+01
-4.448511409759521484e+01 -4.539356358846028883e+01
-4.756737359364827711e+01 -4.480658467610677320e+01
-4.792444388071695727e+01 -4.343310292561849195e+01
-4.516428597768148023e+01 -4.035523859659830492e+01
-4.544662729899088305e+01 -4.981266657511392992e+01
-4.931782372792562086e+01 -5.122683970133463305e+01
-4.667310460408528883e+01 -4.719405492146810133e+01
-4.765842596689859789e+01 -5.027373758951822680e+01
-4.401220639546712476e+01 -4.925210825602213305e+01
-4.844829114278157789e+01 -4.853364944458007812e+01
-3.995060952504476148e+01 -4.280531056722005445e+01
-4.473920186360677320e+01 -4.221565628051757812e+01
-3.877859624226888258e+01 -4.523699569702148438e+01
-4.689969539642333984e+01 -4.879835255940755445e+01
-4.800774510701497633e+01 -4.850083160400390625e+01
-4.684699757893880445e+01 -4.800406392415364820e+01
-4.670449542999267578e+01 -4.881622695922851562e+01
-4.822538948059082031e+01 -4.462840906778971117e+01
-4.482142066955566406e+01 -4.666328430175781250e+01
-4.711891301472982008e+01 -5.075933074951171875e+01
-4.653118546803792555e+01 -4.839823659261067945e+01
-4.551200803120931226e+01 -4.946759796142578125e+01
-4.753055127461751539e+01 -4.206973139444986742e+01
-4.830235608418782789e+01 -5.207419967651367188e+01
-4.323550860087076586e+01 -4.705597432454427320e+01
-4.517829481760660570e+01 -4.893133544921875000e+01
-4.718816693623860914e+01 -4.754572677612304688e+01
-4.508904043833414477e+01 -4.981692123413085938e+01
-5.035993194580078125e+01 -4.907128397623697680e+01
-4.745350964864095289e+01 -5.048076756795247633e+01
-5.060493723551432055e+01 -4.455121103922525805e+01
-4.772038745880126953e+01 -4.620217386881510180e+01
-4.466474564870198805e+01 -4.969998423258463305e+01
-4.576227124532064039e+01 -4.621910985310872633e+01
-4.536836846669515211e+01 -4.646022415161132812e+01
-4.648484675089517992e+01 -4.474434534708658617e+01
-4.459375381469726562e+01 -4.688750839233398438e+01
-4.547969309488932055e+01 -4.222669601440429688e+01
-4.696318372090657789e+01 -4.860666656494140625e+01
-4.662988344828287524e+01 -5.057962036132812500e+01
-4.948812643686930102e+01 -4.485218811035156250e+01
-4.682700888315836352e+01 -4.481654485066732008e+01
-4.900414180755615234e+01 -4.956066767374674242e+01
-4.942603302001953125e+01 -4.879806518554687500e+01
-5.088573519388834399e+01 -5.016644795735677320e+01
-5.027424526214599609e+01 -4.629021326700846117e+01
-4.944173526763916016e+01 -4.854536437988281250e+01
-4.660935147603353101e+01 -4.445429865519205492e+01
-4.729696083068847656e+01 -3.848756917317708570e+01
-4.305558363596598070e+01 -4.751160812377929688e+01
-4.958832677205403883e+01 -4.745424652099609375e+01
-5.045192432403564453e+01 -4.846723302205403883e+01
-4.684851264953613281e+01 -5.136182912190755445e+01
-4.924219481150309008e+01 -4.411627705891927320e+01
-4.727923615773519117e+01 -4.705422719319661695e+01
-4.831019687652587891e+01 -4.351659901936849195e+01
-4.768766403198242188e+01 -4.794731775919596117e+01
-4.817140165964762133e+01 -4.864717737833658617e+01
-4.492735958099365234e+01 -4.755548350016275805e+01
-4.714561208089192945e+01 -3.577350616455078125e+01
-4.474249108632405836e+01 -4.560044606526692945e+01
-4.484433333079019945e+01 -4.132238260904947680e+01
-4.102784474690755445e+01 -4.489253870646158617e+01
-4.658912213643392164e+01 -4.780762481689453125e+01
-4.684022108713785570e+01 -4.769574610392252367e+01
-4.478414344787597656e+01 -3.978804906209310133e+01
-4.512799040476480883e+01 -5.177209472656250000e+01
-4.673949591318766039e+01 -3.529319127400716383e+01
-4.144726943969726562e+01 -4.912030537923177320e+01
-4.792215887705484789e+01 -4.811441421508789062e+01
-4.885805479685465258e+01 -4.580795796712239820e+01
-4.701816304524739820e+01 -4.408078257242838305e+01
-4.531875133514404297e+01 -3.906871032714843750e+01
-4.433917490641275805e+01 -4.750395075480142992e+01
-4.774928601582845289e+01 -4.339525349934896070e+01
-4.518105125427246094e+01 -4.167638270060221117e+01
-4.152933152516683180e+01 -4.023106892903646070e+01
-4.403325812021891039e+01 -4.378318023681640625e+01
-4.905157693227132398e+01 -5.064119974772135180e+01
-4.633549880981445312e+01 -4.358748245239257812e+01
-4.604115994771321851e+01 -4.720574061075846117e+01
-4.799135303497314453e+01 -4.416483815511067945e+01
-4.607761637369791430e+01 -4.399990463256835938e+01
-4.818854554494222242e+01 -4.842380396525064867e+01
-4.753101476033528883e+01 -4.430816268920898438e+01
-4.694845008850097656e+01 -4.736688232421875000e+01
-4.751438363393148023e+01 -4.469881057739257812e+01
-4.762426471710205078e+01 -4.748214467366536695e+01
-4.781951586405435961e+01 -5.092737960815429688e+01
-4.745350774129232008e+01 -5.074099477132161695e+01
-4.575085576375325758e+01 -4.371415583292642992e+01
-4.615148798624674242e+01 -4.680429712931314867e+01
-4.521057796478271484e+01 -4.482553354899088305e+01
-4.239299519856771070e+01 -4.456584167480468750e+01
-4.324595801035562914e+01 -4.729437891642252367e+01
-4.538739967346191406e+01 -4.513800175984700758e+01
-4.671958859761556226e+01 -4.587255605061849195e+01
-4.707498232523600024e+01 -4.115530268351236742e+01
-4.087799231211344164e+01 -4.178665033976236742e+01
-4.368572107950846117e+01 -4.504502232869466383e+01
-4.881431897481282789e+01 -4.775062052408853930e+01
-4.728816827138265211e+01 -4.207126235961914062e+01
-4.322419706980387133e+01 -4.657162984212239820e+01
-4.663593546549478930e+01 -4.718338139851888258e+01
-4.882753086090087891e+01 -4.845799382527669508e+01
-4.735046354929605883e+01 -4.812192535400390625e+01
-4.776759974161783617e+01 -4.516120783487955492e+01
-4.573912970225016039e+01 -4.364055633544921875e+01
-4.482840506235758227e+01 -4.559804280598958570e+01
-4.620532512664794922e+01 -4.456909561157226562e+01
-4.561598650614420336e+01 -4.597265370686849195e+01
-4.850913715362548828e+01 -4.920926920572916430e+01
-4.722741317749023438e+01 -4.232933934529622633e+01
-4.197642040252685547e+01 -3.544491831461588305e+01
-4.089018789927164477e+01 -4.663393783569335938e+01
-4.989983717600504320e+01 -4.572540791829427320e+01
-4.801908588409423828e+01 -4.790171178181966383e+01
-4.419613075256347656e+01 -4.594589106241861742e+01
-4.563922373453775805e+01 -4.831946436564127367e+01
-4.797498957316080492e+01 -4.977357482910156250e+01
-4.729508241017659742e+01 -4.519782765706380445e+01
-4.666539573669433594e+01 -4.553056335449218750e+01
-4.500267124176025391e+01 -4.208922449747721117e+01
-4.633968226114908617e+01 -4.301144790649414062e+01
-4.388353220621744555e+01 -5.292185338338216383e+01
-4.754846000671386719e+01 -4.784643554687500000e+01
-4.949750391642252367e+01 -5.133861414591471117e+01
-4.872258059183756274e+01 -4.818099975585937500e+01
-4.674602826436360914e+01 -3.935239919026692945e+01
-4.421802139282226562e+01 -4.062428665161132812e+01
-4.519480323791503906e+01 -4.293969726562500000e+01
-4.430977439880371094e+01 -4.523264312744140625e+01
-4.678965918223062914e+01 -5.113831456502278883e+01
-4.093312009175618726e+01 -4.235473505655924242e+01
-4.590191268920898438e+01 -4.423796844482421875e+01
-4.687790711720784742e+01 -4.581586710611978930e+01
-4.518839168548583984e+01 -4.986434173583984375e+01
-4.550981712341308594e+01 -4.177945327758789062e+01
-4.511917400360107422e+01 -4.742642593383789062e+01
-4.671286551157633227e+01 -4.836721928914388258e+01
-4.733214855194091797e+01 -3.938133112589517992e+01
-4.387024211883544922e+01 -4.186826833089192945e+01
-4.487881024678548414e+01 -4.543461863199869555e+01
-4.446715354919433594e+01 -5.075921249389648438e+01
-4.892983214060465258e+01 -4.565994771321614820e+01
-4.742731475830078125e+01 -4.376932525634765625e+01
-4.504039096832275391e+01 -3.830507405598958570e+01
-3.671974452336629469e+01 -3.814615631103515625e+01
-4.572435537974039477e+01 -5.085543187459310133e+01
-4.983226394653320312e+01 -5.136456934611002367e+01
-4.751451555887857836e+01 -4.335713577270507812e+01
-4.748018391927083570e+01 -4.169721221923828125e+01
-4.533150450388590258e+01 -4.579588953653971117e+01
-4.616788514455159742e+01 -4.309385045369466383e+01
-4.583429368336995680e+01 -4.040702946980794508e+01
-4.437644195556640625e+01 -4.867391459147135180e+01
-4.878409989674886305e+01 -4.393050384521484375e+01
-4.280270957946777344e+01 -4.776624806722005445e+01
-4.710612805684407789e+01 -5.157896931966146070e+01
-4.424251683553060133e+01 -3.981985600789388258e+01
-4.542084312438964844e+01 -4.779203414916992188e+01
-4.565174357096353930e+01 -4.223760350545247633e+01
-4.562594191233316820e+01 -4.796534601847330492e+01
-4.648685487111409742e+01 -4.404658508300781250e+01
-4.496799278259277344e+01 -4.733566157023111742e+01
-4.815414937337239820e+01 -4.665153630574544508e+01
-4.604298655192057055e+01 -4.509855397542317945e+01
-4.866645304361978930e+01 -4.965432103474935133e+01
-4.732421175638834399e+01 -4.662427139282226562e+01
-4.776442273457845289e+01 -4.602310562133789062e+01
-4.566825548807779711e+01 -4.605302810668945312e+01
-4.607484086354573805e+01 -4.802511342366536695e+01
-4.779556528727213305e+01 -4.922471237182617188e+01
-4.859742132822672289e+01 -4.368055597941080492e+01
-4.868340810139974195e+01 -4.684025573730468750e+01
-4.611639944712320727e+01 -4.672840499877929688e+01
-4.655337715148925781e+01 -4.446259562174478930e+01
-4.390875307718912524e+01 -3.510019683837890625e+01
-3.990545876820882398e+01 -4.008157221476236742e+01
-4.424300034840901930e+01 -4.930815378824869555e+01
-4.709061209360758227e+01 -4.743162027994791430e+01
-4.724441528320312500e+01 -4.849011103312174242e+01
-4.478111203511556226e+01 -4.412582778930664062e+01
-4.726280148824056226e+01 -4.609644444783528883e+01
-4.605767281850179273e+01 -4.617830022176107008e+01
-4.554277674357096117e+01 -4.558038838704427320e+01
-4.654185835520426195e+01 -4.538032023111978930e+01
-4.588363043467203539e+01 -4.836285909016927320e+01
-4.755224768320719164e+01 -4.856143188476562500e+01
-4.904552714029947680e+01 -4.512969970703125000e+01
-4.572893238067626953e+01 -3.288154602050781250e+01
-3.762958288192749023e+01 -4.167476908365885180e+01
-4.563105646769205492e+01 -4.531923166910807055e+01
-4.462537129720052320e+01 -4.699807739257812500e+01
-4.743824577331542969e+01 -4.960411707560221117e+01
-4.728125317891439039e+01 -4.579159545898437500e+01
-4.815253988901773852e+01 -4.844536844889322680e+01
-4.715719636281331617e+01 -4.669244384765625000e+01
-4.793627071380615234e+01 -4.671768188476562500e+01
-4.184408124287923414e+01 -3.503548685709635180e+01
-3.900537935892740649e+01 -4.472424697875976562e+01
-4.774799569447835523e+01 -5.137815348307291430e+01
-4.298913701375325758e+01 -4.660136159261067945e+01
-4.695813306172689039e+01 -4.741236750284830492e+01
-4.901604715983072680e+01 -5.007472229003906250e+01
-4.780742073059082031e+01 -4.913850657145182055e+01
-4.732384236653646070e+01 -4.513698959350585938e+01
-4.646656386057535570e+01 -4.534576543172200758e+01
-4.212654113769531250e+01 -4.005707804361978930e+01
-4.667491817474365234e+01 -4.505344263712564867e+01
-4.885022513071695727e+01 -5.277560679117838305e+01
-3.938437843322753906e+01 -4.100933202107747633e+01
-4.751244672139485914e+01 -5.310054906209310133e+01
-4.780367755889892578e+01 -4.893089548746744555e+01
-4.778940773010253906e+01 -4.583572514851888258e+01
-4.548218218485514086e+01 -4.991899998982747633e+01
-4.848013146718343336e+01 -4.124804814656575758e+01
-4.583897209167480469e+01 -4.963532892862955492e+01
-4.806119823455810547e+01 -5.090629196166992188e+01
-4.778721300760904711e+01 -4.337910715738932055e+01
-4.608754571278890211e+01 -4.889533869425455492e+01
-4.899170303344726562e+01 -4.424578730265299242e+01
-4.745136674245198805e+01 -4.274996058146158617e+01
-4.315931892395019531e+01 -4.742497634887695312e+01
-5.083822854359944898e+01 -5.295728556315103930e+01
-4.856401920318603516e+01 -5.222726440429687500e+01
-4.926174672444661695e+01 -4.883567428588867188e+01
-4.387109947204589844e+01 -4.335523223876953125e+01
-4.522532176971435547e+01 -5.319997278849283617e+01
-4.912702401479085523e+01 -4.632987340291341383e+01
-4.713667265574137133e+01 -4.431478118896484375e+01
-4.552479076385498047e+01 -4.277478281656900805e+01
-4.608398850758870680e+01 -4.558787027994791430e+01
-4.651107756296793383e+01 -4.453328704833984375e+01
-4.912959829966226977e+01 -4.600137710571289062e+01
-4.727340253194173414e+01 -4.747495269775390625e+01
-4.799694983164469164e+01 -4.497701390584310133e+01
-4.437299283345540601e+01 -4.699711990356445312e+01
-4.537540308634439867e+01 -5.094873555501302320e+01
-3.860240904490152758e+01 -3.299087270100911695e+01
-4.133897590637207031e+01 -5.420969009399414062e+01
-4.666202449798583984e+01 -5.053233718872070312e+01
-4.541053803761800367e+01 -4.459584681193033617e+01
-4.260134728749593336e+01 -3.608290354410807055e+01
-4.276540215810140211e+01 -5.061928812662760180e+01
-4.501933956146240234e+01 -4.733325831095377367e+01
-4.825741799672444898e+01 -4.802897898356119555e+01
-4.704464022318521899e+01 -4.848920059204101562e+01
-4.940148003896077711e+01 -4.271815363566080492e+01
-4.515635172526041430e+01 -4.270613098144531250e+01
-4.590742270151773852e+01 -5.262570317586263258e+01
-3.776292912165323656e+01 -3.593827311197916430e+01
-4.209946187337239820e+01 -4.843503952026367188e+01
-4.853228346506754320e+01 -3.709532165527343750e+01
-4.214105510711669922e+01 -4.478211085001627367e+01
-4.863441499074300367e+01 -5.134317016601562500e+01
-5.016680399576822680e+01 -5.154647827148437500e+01
-4.623299757639566820e+01 -4.180898793538411695e+01
-4.492694028218587476e+01 -5.077008310953775805e+01
-4.702306842803955078e+01 -4.680077743530273438e+01
-4.798987515767415601e+01 -4.971443939208984375e+01
-4.934156926472982008e+01 -5.177335993448892992e+01
-4.871524206797281664e+01 -4.786908340454101562e+01
-4.827623240152994555e+01 -4.417707951863607008e+01
-4.199212010701497633e+01 -4.127292378743489820e+01
-4.678587849934896070e+01 -4.769957478841146070e+01
-4.901827589670816820e+01 -4.731832758585611742e+01
-4.836152648925781250e+01 -4.996025721232096117e+01
-4.664538447062174242e+01 -4.729376856486002367e+01
-4.452753639221191406e+01 -4.532564926147460938e+01
-4.646702448527017992e+01 -4.681472524007161695e+01
-4.864606825510660570e+01 -4.933234024047851562e+01
-4.857882499694824219e+01 -4.346742121378580492e+01
-4.667073376973470289e+01 -3.170784568786621094e+01
-3.492220640182495117e+01 -3.902011489868164062e+01
-4.301796404520670336e+01 -4.457911300659179688e+01
-4.460285886128743726e+01 -4.611216481526692945e+01
-4.862268416086832445e+01 -4.633969624837239820e+01
-4.507924048105875414e+01 -4.233385467529296875e+01
-4.287336889902750414e+01 -3.920420837402343750e+01
-4.335893249511718750e+01 -4.573946634928385180e+01
-4.606394926706949633e+01 -4.457439422607421875e+01
-4.591103426615396899e+01 -4.333139801025390625e+01
-4.489026006062825758e+01 -4.628250122070312500e+01
-4.243118858337402344e+01 -4.139985656738281250e+01
-4.588089688618978101e+01 -4.956869761149088305e+01
-4.577355957031250000e+01 -4.793210093180338305e+01
-4.705899206797281664e+01 -4.596301905314127367e+01
-4.818028704325357836e+01 -4.409996795654296875e+01
-4.500782903035482008e+01 -3.606423060099283617e+01
-4.207228978474935133e+01 -4.610973103841146070e+01
-4.698052755991617602e+01 -5.004878234863281250e+01
-4.810385894775390625e+01 -5.124794260660807055e+01
-4.423373126983642578e+01 -4.355782826741536695e+01
-4.751376279195149976e+01 -5.436309941609700758e+01
-4.715020116170247633e+01 -4.823224512736002367e+01
-4.676374117533365649e+01 -4.642421086629232008e+01
-4.838378334045410156e+01 -4.376414744059244555e+01
-4.707112375895182055e+01 -4.591698582967122633e+01
-4.974437395731607836e+01 -5.075764083862304688e+01
-4.796489397684732836e+01 -4.315305328369140625e+01
-4.631365489959716797e+01 -4.448769124348958570e+01
-4.055543438593546313e+01 -3.548697662353515625e+01
-3.831243451436360914e+01 -3.957441075642903883e+01
-4.328436978658040601e+01 -5.081206130981445312e+01
-4.353457768758138258e+01 -4.556168238321939867e+01
-4.709213892618814867e+01 -4.524975713094075758e+01
-4.748310820261637133e+01 -5.031042861938476562e+01
-4.440546512603759766e+01 -4.827829488118489820e+01
-4.618758742014566820e+01 -4.403969065348307055e+01
-4.718876743316650391e+01 -4.642964680989583570e+01
-4.498439343770345289e+01 -4.502974573771158617e+01
-4.392322095235189039e+01 -3.924474080403646070e+01
-4.536596616109212476e+01 -4.327831268310546875e+01
-4.517683569590250414e+01 -4.270902506510416430e+01
-4.644766807556152344e+01 -4.313367207845052320e+01
-4.260245418548583984e+01 -4.489352671305338305e+01
-4.703615347544351977e+01 -4.715979258219400805e+01
-4.871116002400716383e+01 -4.826538213094075758e+01
-4.553025754292806226e+01 -3.638904444376627367e+01
-4.353035163879394531e+01 -4.671908569335937500e+01
-4.819367472330728930e+01 -5.004075495402017992e+01
-4.750783634185791016e+01 -4.196078872680664062e+01
-4.353152656555175781e+01 -4.604749552408853930e+01
-4.844809691111246508e+01 -4.703284327189127367e+01
-4.717158699035644531e+01 -4.823938751220703125e+01
-4.669844277699788648e+01 -4.507226435343424242e+01
-4.763719685872396070e+01 -4.176920700073242188e+01
-4.363727092742919922e+01 -4.824642690022786695e+01
-4.562952486673990649e+01 -4.038846206665039062e+01
-4.738541030883789062e+01 -4.946169153849283617e+01
-4.885939725240071851e+01 -4.570254770914713305e+01
-4.581243197123209399e+01 -4.440341313680013258e+01
-4.478245353698730469e+01 -4.345065943400064867e+01
-4.530082448323567945e+01 -3.361057408650716383e+01
-3.910653018951416016e+01 -4.363416544596353930e+01
-4.660394954681396484e+01 -4.713666407267252367e+01
-4.369666830698648852e+01 -4.548035176595052320e+01
-4.759779485066732008e+01 -4.552067947387695312e+01
-4.885313828786214430e+01 -5.027059809366861742e+01
-4.629700247446695727e+01 -3.886290868123372633e+01
-4.439420922597249586e+01 -4.225264231363932055e+01
-3.910587215423583984e+01 -4.414733123779296875e+01
-4.355875682830810547e+01 -4.804241943359375000e+01
-4.966969267527262133e+01 -4.886594772338867188e+01
-4.805049037933349609e+01 -4.985929107666015625e+01
-4.422129917144775391e+01 -4.699156443277994555e+01
-4.502862230936685961e+01 -5.027076212565103930e+01
-4.927836704254150391e+01 -4.298218536376953125e+01
-4.342704327901204664e+01 -4.848611195882161695e+01
-4.094079494476318359e+01 -3.987696584065755445e+01
-4.176900227864583570e+01 -4.562481689453125000e+01
-4.906073029836019117e+01 -4.596892038981119555e+01
-4.775423177083333570e+01 -4.711962381998697680e+01
-4.406421216328939039e+01 -4.908804575602213305e+01
-4.570171451568603516e+01 -4.560144424438476562e+01
-4.736153093973795336e+01 -4.306723403930664062e+01
-4.607712046305338305e+01 -5.082882690429687500e+01
-4.737169933319091797e+01 -4.429950841267903883e+01
-4.650713952382405836e+01 -3.808516947428385180e+01
-4.444101683298746508e+01 -4.888109461466471117e+01
-4.778757603963216383e+01 -4.379404958089192945e+01
-4.498724873860677320e+01 -4.366103617350260180e+01
-4.597141965230306226e+01 -4.829505284627278883e+01
-4.788958358764648438e+01 -4.710905710856119555e+01
-4.659914366404215258e+01 -4.725269063313802320e+01
-4.511602306365966797e+01 -4.342034276326497633e+01
-4.741144212086995680e+01 -5.153438186645507812e+01
-4.894364674886067945e+01 -4.709774653116861742e+01
-4.733556302388509351e+01 -4.705354690551757812e+01
-4.921619478861490649e+01 -4.776101430257161695e+01
-4.895359102884928149e+01 -4.649520492553710938e+01
-4.794301859537760180e+01 -5.038340632120767992e+01
-4.789750353495279711e+01 -5.093548711140950758e+01
-4.895913537343343336e+01 -4.151925150553385180e+01
-4.299489879608154297e+01 -3.952924474080403883e+01
-4.512499300638834399e+01 -5.429339599609375000e+01
-4.526201375325521070e+01 -4.744122568766275805e+01
-4.733543904622396070e+01 -4.228621037801107008e+01
-4.488293711344400805e+01 -4.994985453287760180e+01
-3.868167257308959961e+01 -3.778603998819986742e+01
-4.365767002105712891e+01 -4.279976272583007812e+01
-4.665685558319091797e+01 -4.249360148111978930e+01
-4.651721350351969164e+01 -5.162323379516601562e+01
-4.742590904235839844e+01 -4.399973805745442945e+01
-4.670164903004964430e+01 -5.186143747965494555e+01
-4.731155077616373461e+01 -3.986949284871419508e+01
-4.687899208068847656e+01 -4.895069249471028883e+01
-4.965594768524169922e+01 -4.330627950032552320e+01
-4.807976659138997633e+01 -5.067647933959960938e+01
-4.699366378784179688e+01 -4.857746632893880445e+01
-4.881451892852783203e+01 -4.558875147501627367e+01
-4.625985590616861742e+01 -5.061738204956054688e+01
-4.221452967325846117e+01 -4.395656204223632812e+01
-4.533686701456705492e+01 -4.620157114664713305e+01
-4.701929823557535570e+01 -5.005208587646484375e+01
-4.751281897226969164e+01 -4.795222473144531250e+01
-5.117567729949951172e+01 -5.596353403727213305e+01
-4.614027468363443774e+01 -4.718845494588216383e+01
-4.410148175557454664e+01 -4.404395039876302320e+01
-4.921410306294759351e+01 -5.007904561360677320e+01
-4.774495410919189453e+01 -5.080516815185546875e+01
-4.332576942443847656e+01 -4.807736460367838305e+01
-4.657091776529947680e+01 -4.643486913045247633e+01
-4.530148410797119141e+01 -4.560523223876953125e+01
-4.362850856781005859e+01 -4.038781102498372633e+01
-4.416822942097982008e+01 -4.467669423421224195e+01
-4.753575642903646070e+01 -4.477357864379882812e+01
-4.479261461893717211e+01 -4.791690190633138258e+01
-4.605095640818277758e+01 -5.043585713704427320e+01
-4.140867519378662109e+01 -4.463939793904622633e+01
-4.028234513600667555e+01 -4.543595631917317945e+01
-4.505979951222737867e+01 -3.920975621541341383e+01
-4.287011655171712476e+01 -4.538888041178385180e+01
-4.762537924448648852e+01 -4.746861648559570312e+01
-4.827115821838378906e+01 -4.485896809895833570e+01
-4.668236478169759351e+01 -4.402902348836263258e+01
-4.615592829386392992e+01 -5.019098663330078125e+01
-4.845499865214029711e+01 -4.962718200683593750e+01
-5.039731184641519945e+01 -5.270058441162109375e+01
-4.825583839416503906e+01 -4.853844070434570312e+01
-4.869609228769937914e+01 -4.642143630981445312e+01
-4.611255232493082445e+01 -5.122165425618489820e+01
-4.908783880869547289e+01 -4.887247085571289062e+01
-5.132002639770507812e+01 -5.246566645304361742e+01
-4.750706132253011305e+01 -4.854715983072916430e+01
-4.928199958801269531e+01 -4.960338973999023438e+01
-4.789560763041178149e+01 -5.160461934407552320e+01
-4.311050224304199219e+01 -4.163997268676757812e+01
-4.715727456410726148e+01 -5.154063924153646070e+01
-4.679295794169107836e+01 -4.462818018595377367e+01
-4.536800320943196851e+01 -4.590535863240560133e+01
-4.619148190816243726e+01 -5.334569295247396070e+01
-4.565556081136067945e+01 -4.208720906575521070e+01
-4.651410643259684008e+01 -4.415583801269531250e+01
-4.734791088104248047e+01 -4.462983067830403883e+01
-4.431542968750000000e+01 -4.333274714152017992e+01
-4.701780414581298828e+01 -4.497088495890299242e+01
-4.751623344421386719e+01 -4.713459396362304688e+01
-4.875843111673990649e+01 -5.327045186360677320e+01
-4.351519552866617602e+01 -4.190734863281250000e+01
-4.245334021250406664e+01 -4.622989400227864820e+01
-4.542676194508870680e+01 -4.205810165405273438e+01
-4.591052754720052320e+01 -5.231155776977539062e+01
-4.374828275044759351e+01 -4.312577946980794508e+01
-4.783040396372476977e+01 -4.720559565226236742e+01
-4.732967885335286695e+01 -4.495891443888346117e+01
-4.282536919911702711e+01 -4.778397623697916430e+01
-5.026198832194010180e+01 -4.685944366455078125e+01
-4.718228435516357422e+01 -4.728525797526041430e+01
-4.823596731821695727e+01 -5.037522761027017992e+01
-4.861247158050537109e+01 -4.722796503702799242e+01
-4.608133443196614820e+01 -4.255588912963867188e+01
-4.631494490305582445e+01 -4.824728775024414062e+01
-4.362129179636637133e+01 -4.279941558837890625e+01
-4.482937781016031664e+01 -4.543358993530273438e+01
-4.772563680013021070e+01 -4.812122853597005445e+01
-4.829126389821370680e+01 -4.703192774454752367e+01
-4.736682192484537524e+01 -5.082280985514322680e+01
-4.791765149434407789e+01 -4.832889048258463305e+01
-4.653637282053629320e+01 -4.560262552897135180e+01
-4.518065865834554273e+01 -4.651855468750000000e+01
-4.857633813222249586e+01 -4.813600031534830492e+01
-4.932373269399007398e+01 -4.928721237182617188e+01
-4.713589191436767578e+01 -4.482804743448892992e+01
-4.754692776997884351e+01 -4.809738922119140625e+01
-4.980340480804443359e+01 -5.228519185384114820e+01
-4.895791117350260180e+01 -5.042706934611002367e+01
-4.608717028299967211e+01 -4.893996556599935133e+01
-4.650206406911214430e+01 -4.924784088134765625e+01
-4.833352883656819898e+01 -4.762444559733072680e+01
-4.984381230672200758e+01 -4.507389450073242188e+01
-4.310765616099039477e+01 -4.433977127075195312e+01
-4.475902557373046875e+01 -4.314047241210937500e+01
-4.678960482279459399e+01 -5.116658274332682055e+01
-4.884449450174967211e+01 -4.541362635294596117e+01
-4.476231416066487867e+01 -4.328587214152017992e+01
-4.613237285614013672e+01 -4.686333719889322680e+01
-4.837872600555419922e+01 -4.698181915283203125e+01
-4.810951201121012133e+01 -4.616352208455403883e+01
-5.012377866109212476e+01 -4.864094543457031250e+01
-4.554161802927652758e+01 -4.484145355224609375e+01
-4.854504807790120680e+01 -5.038457616170247633e+01
-4.857720438639322680e+01 -4.718508148193359375e+01
-4.527232233683267992e+01 -4.561646270751953125e+01
-4.496597321828206617e+01 -4.267055002848307055e+01
-4.629016526540120680e+01 -4.419865926106771070e+01
-4.704662926991780836e+01 -4.856076812744140625e+01
-4.936782360076904297e+01 -4.949375661214192945e+01
-4.822829373677571851e+01 -4.434993108113607008e+01
-4.767815876007080078e+01 -4.727471669514974195e+01
-4.693118317921956617e+01 -4.401908111572265625e+01
-4.717689355214437086e+01 -5.179470952351888258e+01
-4.526287587483724195e+01 -4.836513773600260180e+01
-4.803563976287841797e+01 -4.132830429077148438e+01
-4.652199300130208570e+01 -5.310961278279622633e+01
-4.703538481394449633e+01 -4.608581034342447680e+01
-4.307956250508626539e+01 -4.047891616821289062e+01
-4.383045164744059008e+01 -3.851628748575846117e+01
-4.359671243031819898e+01 -4.769132995605468750e+01
-4.661640707651773852e+01 -4.849564615885416430e+01
-4.742213090260823805e+01 -4.667263412475585938e+01
-4.715127340952555102e+01 -4.725939432779947680e+01
-4.626539293924967211e+01 -4.537701034545898438e+01
-4.892596149444580078e+01 -4.751809438069661695e+01
-5.138902505238851148e+01 -5.219207890828450758e+01
-4.664355564117431641e+01 -4.064269765218099195e+01
-4.254124863942464430e+01 -4.890644709269205492e+01
-4.534362729390462476e+01 -4.741205596923828125e+01
-4.557800292968750000e+01 -4.419448216756185133e+01
-4.201049963633219164e+01 -3.592770894368489820e+01
-4.130737463633219164e+01 -4.372251256306966383e+01
-4.715468343098958570e+01 -4.606573232014974195e+01
-4.795044422149658203e+01 -4.946142959594726562e+01
-4.926817544301351148e+01 -4.856287129720052320e+01
-4.867597103118896484e+01 -4.499474970499674242e+01
-4.600073846181233961e+01 -5.031615447998046875e+01
-4.825040022532144945e+01 -4.474070866902669508e+01
-4.625907897949218750e+01 -4.770093154907226562e+01
-4.489527066548665601e+01 -3.960190327962239820e+01
-4.228796736399332445e+01 -4.490304692586263258e+01
-5.072605260213216383e+01 -4.841113281250000000e+01
-4.756493409474690992e+01 -4.501421483357747633e+01
-4.549129041035970289e+01 -4.723743184407552320e+01
-4.531558481852213305e+01 -4.155174636840820312e+01
-4.736183389027913648e+01 -5.383009338378906250e+01
-4.953350416819254320e+01 -4.719639078776041430e+01
-4.882621765136718750e+01 -4.242168807983398438e+01
-4.715385723114013672e+01 -4.604254913330078125e+01
-4.776563930511474609e+01 -4.735138448079427320e+01
-4.905888525644937914e+01 -4.595876057942708570e+01
-4.666122023264566820e+01 -4.452546946207682055e+01
-4.661630439758300781e+01 -4.847928746541341383e+01
-4.646705977121988695e+01 -4.084700266520182055e+01
-4.602041912078857422e+01 -4.840654627482096117e+01
-4.224726835886637133e+01 -4.389872741699218750e+01
-4.661567846934000414e+01 -4.805545298258463305e+01
-4.224179013570149976e+01 -4.635649998982747633e+01
-4.712310155232747633e+01 -4.104534657796224195e+01
-4.381716060638427734e+01 -5.222369639078775805e+01
-4.654824733734130859e+01 -4.327983601888021070e+01
-4.798891448974609375e+01 -5.190214029947916430e+01
-4.964894771575927734e+01 -4.891935857137044508e+01
-4.691079711914062500e+01 -4.622352472941080492e+01
-4.719041919708251953e+01 -4.469699859619140625e+01
-4.805018297831217211e+01 -4.841963958740234375e+01
-4.883888308207193774e+01 -4.189534759521484375e+01
-4.646497917175292969e+01 -4.415289052327474195e+01
-4.870645745595296461e+01 -4.706374740600585938e+01
-4.808942985534667969e+01 -4.495509465535482008e+01
-4.785290590922037524e+01 -4.738926569620767992e+01
-4.163794390360514086e+01 -4.297425206502278883e+01
-4.698504956563314039e+01 -4.757241439819335938e+01
-4.760231018066406250e+01 -5.165444946289062500e+01
-5.054479440053304273e+01 -4.660236740112304688e+01
-4.832555739084879320e+01 -4.558768208821614820e+01
-4.521350415547689039e+01 -3.910917027791341383e+01
-4.504869620005289477e+01 -5.195957692464192945e+01
-4.913277975718180102e+01 -4.276589965820312500e+01
-4.843627484639485914e+01 -5.180501683553060133e+01
-4.510053443908691406e+01 -4.553554280598958570e+01
-4.466684468587239820e+01 -4.947408803304036695e+01
-4.917244879404703539e+01 -5.343418629964192945e+01
-4.819129498799642164e+01 -4.766478856404622633e+01
-4.751224708557128906e+01 -4.363543065388997633e+01
-4.766395187377929688e+01 -5.133726882934570312e+01
-4.887790648142496508e+01 -4.367500686645507812e+01
-4.563367493947347242e+01 -4.865926742553710938e+01
-4.621985403696695727e+01 -4.802361424763997633e+01
-4.412813568115234375e+01 -4.349515914916992188e+01
-4.828081130981445312e+01 -4.706460952758789062e+01
-4.963849035898844164e+01 -4.911190287272135180e+01
-4.738246790568033617e+01 -5.178662745157877367e+01
-4.771625582377115649e+01 -4.699271265665689867e+01
-4.666402784983316820e+01 -4.618066406250000000e+01
-5.045381863911946851e+01 -5.409890619913736742e+01
-4.795142269134521484e+01 -4.700756581624349195e+01
-4.779991722106933594e+01 -4.728652318318685133e+01
-4.928821150461832445e+01 -4.713505427042642992e+01
-4.904286162058512133e+01 -5.051176834106445312e+01
-4.825099658966064453e+01 -4.921385447184244555e+01
-4.729151916503906250e+01 -4.759073130289713305e+01
-5.091518084208170336e+01 -4.972712580362955492e+01
-4.500121434529622633e+01 -3.972007115681966383e+01
-4.513668473561605055e+01 -4.321191151936849195e+01
-4.148266156514485914e+01 -4.463441594441732008e+01
-4.684350967407226562e+01 -4.758495712280273438e+01
-4.862800375620523852e+01 -4.852587763468424242e+01
-5.008830865224202711e+01 -5.021212768554687500e+01
-4.935164451599121094e+01 -4.662815602620442945e+01
-4.695999240875244141e+01 -4.465267181396484375e+01
-4.502363999684651930e+01 -4.829283650716146070e+01
-4.681890455881754320e+01 -4.904277547200521070e+01
-4.846600945790608961e+01 -5.368172963460286695e+01
-4.312265078226725024e+01 -3.852586491902669508e+01
-4.402303314208984375e+01 -4.554207865397135180e+01
-4.673028914133707445e+01 -4.739347966512044508e+01
-4.613998317718505859e+01 -4.463398361206054688e+01
-4.630336189270019531e+01 -4.668672307332357008e+01
-4.766121673583984375e+01 -4.427970504760742188e+01
-4.669002469380696851e+01 -3.834698867797851562e+01
-4.697744560241699219e+01 -5.036366144816080492e+01
-4.825021044413248461e+01 -4.730686950683593750e+01
-4.659102471669515211e+01 -5.288249715169271070e+01
-4.873730595906575758e+01 -4.712749735514322680e+01
-4.775022379557291430e+01 -4.354883066813150805e+01
-4.551190884908040601e+01 -4.768360265096028883e+01
-4.912926546732584399e+01 -4.976678212483724195e+01
-4.586925697326660156e+01 -4.466388956705728930e+01
-4.724568335215250414e+01 -4.113467407226562500e+01
-4.689116382598876953e+01 -5.194073104858398438e+01
-4.632189782460530836e+01 -4.702298863728841383e+01
-5.178495629628499586e+01 -5.223697662353515625e+01
-4.644433784484863281e+01 -4.947839736938476562e+01
-5.121351337432861328e+01 -4.936716715494791430e+01
-4.992897860209146899e+01 -4.943230565388997633e+01
-5.037079524993896484e+01 -4.670853551228841383e+01
-4.987025769551595289e+01 -4.978728485107421875e+01
-4.828801155090332031e+01 -4.931284459431966383e+01
-4.885474999745687086e+01 -4.968883260091146070e+01
-4.861157004038492602e+01 -4.043533960978189867e+01
-4.142635409037271899e+01 -4.415687306722005445e+01
-4.593546263376871508e+01 -4.749052556355794508e+01
-4.878483645121256274e+01 -5.234970347086588305e+01
-4.764455509185791016e+01 -4.730269495646158617e+01
-4.549161497751871508e+01 -3.105555407206217566e+01
-3.628739833831787109e+01 -3.894007364908853930e+01
-4.416540877024332445e+01 -4.613413747151692945e+01
-4.799996344248453539e+01 -4.324856694539388258e+01
-4.473141638437906664e+01 -4.436845397949218750e+01
-4.752077039082845289e+01 -5.145710118611653883e+01
-4.887406285603841383e+01 -5.288445281982421875e+01
-4.986220963795980055e+01 -3.092101224263508996e+01
-3.427224191029866773e+01 -4.373913955688476562e+01
-4.237623405456542969e+01 -4.670076497395833570e+01
-4.543476772308349609e+01 -4.222008514404296875e+01
-4.478045845031738281e+01 -5.087661870320638258e+01
-4.966683355967203539e+01 -4.676974995930989820e+01
-4.760238297780355055e+01 -4.865192413330078125e+01
-4.795740699768066406e+01 -4.679341379801432055e+01
-4.637189324696858961e+01 -4.787623087565103930e+01
-4.925525347391764086e+01 -5.219637044270833570e+01
-4.560943921407064039e+01 -4.968124771118164062e+01
-4.649129994710286695e+01 -4.776696014404296875e+01
-4.735482215881347656e+01 -4.317964935302734375e+01
-4.681136035919189453e+01 -3.720700709025064867e+01
-4.433640003204345703e+01 -5.024136734008789062e+01
-4.959125614166259766e+01 -4.641605631510416430e+01
-4.742951138814290601e+01 -4.319255956013997633e+01
-4.684975147247314453e+01 -5.029874928792317945e+01
-4.593305047353108961e+01 -4.816801706949869555e+01
-4.496713002522786695e+01 -4.323172505696614820e+01
-4.619221973419189453e+01 -4.634754562377929688e+01
-4.524569861094156664e+01 -5.239459737141927320e+01
-5.083352502187093336e+01 -5.115276209513346117e+01
-3.631678374608357984e+01 -4.251379267374674242e+01
-4.619227631886800367e+01 -4.890211741129557055e+01
-4.786335627237955492e+01 -4.479010264078775805e+01
-4.202073987325032789e+01 -4.454485956827799242e+01
-4.641116174062093336e+01 -4.891341400146484375e+01
-4.936921660105387133e+01 -4.335250981648763258e+01
-4.495930798848470289e+01 -4.675377146402994555e+01
-4.720735708872476977e+01 -4.853689066569010180e+01
-4.753270467122396070e+01 -4.513297526041666430e+01
-4.791843859354654711e+01 -4.890690612792968750e+01
-5.092222785949707031e+01 -5.202531560262044508e+01
-5.101770877838134766e+01 -5.005310694376627367e+01
-4.888926060994466383e+01 -4.895157496134439867e+01
-4.603265158335367602e+01 -4.664067840576171875e+01
-4.786055501302083570e+01 -4.012639999389648438e+01
-4.781006209055582445e+01 -4.442964935302734375e+01
-4.808864370981851977e+01 -4.548529688517252367e+01
-4.758603096008300781e+01 -4.854715728759765625e+01
-4.713828531901041430e+01 -4.280785497029622633e+01
-4.429246203104654711e+01 -4.761758295694986742e+01
-4.848663075764974195e+01 -4.751551818847656250e+01
-4.446168136596679688e+01 -4.610285059611002367e+01
-4.584008757273355883e+01 -3.909385553995767992e+01
-4.187027549743652344e+01 -4.570469538370767992e+01
-4.508636442820230883e+01 -4.273025894165039062e+01
-4.404818916320800781e+01 -4.391025924682617188e+01
-4.489006392161051195e+01 -4.406375503540039062e+01
-4.716864522298177320e+01 -3.983056004842122633e+01
-4.131150945027669508e+01 -4.571677271525064867e+01
-4.808531570434570312e+01 -4.565616989135742188e+01
-4.688342444101969164e+01 -4.703557332356771070e+01
-4.888665962219238281e+01 -4.924629592895507812e+01
-4.888140233357747633e+01 -4.992786916097005445e+01
-4.616276868184407789e+01 -4.588238143920898438e+01
-4.864234224955240649e+01 -5.049240112304687500e+01
-5.085889561971028883e+01 -5.293752161661783617e+01
-4.982927926381429273e+01 -4.993557230631510180e+01
-4.732351303100585938e+01 -5.001793670654296875e+01
-4.711805438995361328e+01 -4.715574900309244555e+01
-4.717118708292642992e+01 -4.686537424723307055e+01
-4.607435099283853930e+01 -4.202716954549153883e+01
-4.425474961598714430e+01 -4.862382888793945312e+01
-5.028390312194824219e+01 -4.717145284016927320e+01
-4.712254937489827711e+01 -4.777476247151692945e+01
-4.838458124796549242e+01 -4.191847356160482008e+01
-4.603395716349283617e+01 -4.898016993204752367e+01
-4.967798391977945727e+01 -4.576318359375000000e+01
-4.943783060709635180e+01 -4.168448384602864820e+01
-4.606028556823730469e+01 -4.263731384277343750e+01
-4.627787590026855469e+01 -4.608118438720703125e+01
-4.956428813934326172e+01 -5.068342971801757812e+01
-4.705262056986490649e+01 -4.059693018595377367e+01
-4.642532221476236742e+01 -4.944199752807617188e+01
-4.927579561869303149e+01 -4.324220530192057055e+01
-4.891881370544433594e+01 -4.772735214233398438e+01
-4.902849674224853516e+01 -4.907873789469400805e+01
-4.773767471313476562e+01 -3.880248769124349195e+01
-4.442405096689859789e+01 -4.628809992472330492e+01
-4.684052848815917969e+01 -4.518110020955403883e+01
-4.653655020395914477e+01 -5.013080215454101562e+01
-4.864984798431396484e+01 -5.233211644490560133e+01
-4.165941365559896070e+01 -4.763143920898437500e+01
-4.749970149993896484e+01 -4.653740310668945312e+01
-4.659982077280680102e+01 -4.652822748819986742e+01
-4.575692431131998461e+01 -4.569029998779296875e+01
-4.795602480570475024e+01 -5.057746632893880445e+01
-5.137462743123372633e+01 -5.359785715738932055e+01
-4.944570446014404297e+01 -5.052653503417968750e+01
-4.806700166066487867e+01 -4.622247314453125000e+01
-4.727208201090494555e+01 -5.172027715047200758e+01
-4.493837896982828539e+01 -4.727627436319986742e+01
-4.687820402781168383e+01 -4.739483006795247633e+01
-4.888679440816243726e+01 -5.131052652994791430e+01
-4.893149534861246508e+01 -4.970198313395182055e+01
-5.023689365386962891e+01 -5.318078486124674242e+01
-5.074527136484781664e+01 -4.346820576985677320e+01
-4.493520768483480055e+01 -4.776711273193359375e+01
-5.021526050567626953e+01 -4.395287450154622633e+01
-4.823570823669433594e+01 -4.709979629516601562e+01
-4.906729475657144945e+01 -4.843519719441732008e+01
-4.774031956990560133e+01 -5.209927495320638258e+01
-4.623719533284505445e+01 -4.737087631225585938e+01
-5.009685325622558594e+01 -5.613164647420247633e+01
-4.974896748860677320e+01 -5.003969446818033617e+01
-4.608527501424153883e+01 -5.130592473347982008e+01
-4.884251149495442945e+01 -4.536351648966471117e+01
-4.502175966898600024e+01 -4.229578908284505445e+01
-4.723108673095703125e+01 -5.053919092814127367e+01
-4.811020787556966383e+01 -5.016861852010091383e+01
-4.907765038808187086e+01 -5.029120254516601562e+01
-4.800470034281412524e+01 -4.422038777669271070e+01
-4.496304988861083984e+01 -4.458054860432942945e+01
-4.480139605204264086e+01 -4.991131591796875000e+01
-4.778067334493001539e+01 -4.343757629394531250e+01
-4.581797122955322266e+01 -4.202593231201171875e+01
-4.681561406453450758e+01 -4.822853469848632812e+01
-4.948626963297525805e+01 -4.634936141967773438e+01
-4.837994543711344164e+01 -4.502481587727864820e+01
-4.993191655476888258e+01 -4.028382873535156250e+01
-4.699506473541259766e+01 -5.156597391764322680e+01
-4.732769711812337476e+01 -5.508079401652017992e+01
-4.069973373413085938e+01 -3.727935155232747633e+01
-4.416840235392252367e+01 -5.003395970662435133e+01
-4.707491525014241773e+01 -4.880565897623697680e+01
-4.686286163330078125e+01 -4.462166341145833570e+01
