Ha_OII_OIII_Cont,OII_all_cross,OIII_all_cross,OII_all_cross_1,OIII_all_cross_1,Cont_all_cross,Ha,OII,OIII,Cont,Z_OII,Z_OIII
/path/to/Cls_scattered_01_wCont/Cls_scattered_01_wCont/Ha_OII_OIII_Cont/Cl_0.npy,/path/to/Cls_scattered_01_wCont/Cls_scattered_01_wCont/OII_all_cross/Cl_0.npy,/path/to/Cls_scattered_01_wCont/Cls_scattered_01_wCont/OIII_all_cross/Cl_0.npy,/path/to/Cls_scattered_01_wCont/Cls_scattered_01_wCont/OII_all_cross/Cl_0_1.npy,/path/to/Cls_scattered_01_wCont/Cls_scattered_01_wCont/OIII_all_cross/Cl_0_1.npy,/path/to/Cls_scattered_01_wCont/Cls_scattered_01_wCont/Shift7_all_cross/Cl_0.npy,/path/to/Cls_scattered_01_wCont/Cls_scattered_01_wCont/Ha/Cl_0.npy,/path/to/Cls_scattered_01_wCont/Cls_scattered_01_wCont/OII/Cl_0.npy,/path/to/Cls_scattered_01_wCont/Cls_scattered_01_wCont/OIII/Cl_0.npy,/path/to/Cls_scattered_01_wCont/Cls_scattered_01_wCont/Cont/Cl_0.npy,1.1743861657567323,0.6540982295759021
/path/to/Cls_scattered_01_wCont/Cls_scattered_01_wCont/Ha_OII_OIII_Cont/Cl_1.npy,/path/to/Cls_scattered_01_wCont/Cls_scattered_01_wCont/OII_all_cross/Cl_1.npy,/path/to/Cls_scattered_01_wCont/Cls_scattered_01_wCont/OIII_all_cross/Cl_1.npy,/path/to/Cls_scattered_01_wCont/Cls_scattered_01_wCont/OII_all_cross/Cl_1_1.npy,/path/to/Cls_scattered_01_wCont/Cls_scattered_01_wCont/OIII_all_cross/Cl_1_1.npy,/path/to/Cls_scattered_01_wCont/Cls_scattered_01_wCont/Shift7_all_cross/Cl_1.npy,/path/to/Cls_scattered_01_wCont/Cls_scattered_01_wCont/Ha/Cl_1.npy,/path/to/Cls_scattered_01_wCont/Cls_scattered_01_wCont/OII/Cl_1.npy,/path/to/Cls_scattered_01_wCont/Cls_scattered_01_wCont/OIII/Cl_1.npy,/path/to/Cls_scattered_01_wCont/Cls_scattered_01_wCont/Cont/Cl_1.npy,0.741728846821934,1.5212248132564128
/path/to/Cls_scattered_01_wCont/Cls_scattered_01_wCont/Ha_OII_OIII_Cont/Cl_2.npy,/path/to/Cls_scattered_01_wCont/Cls_scattered_01_wCont/OII_all_cross/Cl_2.npy,/path/to/Cls_scattered_01_wCont/Cls_scattered_01_wCont/OIII_all_cross/Cl_2.npy,/path/to/Cls_scattered_01_wCont/Cls_scattered_01_wCont/OII_all_cross/Cl_2_1.npy,/path/to/Cls_scattered_01_wCont/Cls_scattered_01_wCont/OIII_all_cross/Cl_2_1.npy,/path/to/Cls_scattered_01_wCont/Cls_scattered_01_wCont/Shift7_all_cross/Cl_2.npy,/path/to/Cls_scattered_01_wCont/Cls_scattered_01_wCont/Ha/Cl_2.npy,/path/to/Cls_scattered_01_wCont/Cls_scattered_01_wCont/OII/Cl_2.npy,/path/to/Cls_scattered_01_wCont/Cls_scattered_01_wCont/OIII/Cl_2.npy,/path/to/Cls_scattered_01_wCont/Cls_scattered_01_wCont/Cont/Cl_2.npy,0.2880624251440167,0.21116818580776453
/path/to/Cls_scattered_01_wCont/Cls_scattered_01_wCont/Ha_OII_OIII_Cont/Cl_3.npy,/path/to/Cls_scattered_01_wCont/Cls_scattered_01_wCont/OII_all_cross/Cl_3.npy,/path/to/Cls_scattered_01_wCont/Cls_scattered_01_wCont/OIII_all_cross/Cl_3.npy,/path/to/Cls_scattered_01_wCont/Cls_scattered_01_wCont/OII_all_cross/Cl_3_1.npy,/path/to/Cls_scattered_01_wCont/Cls_scattered_01_wCont/OIII_all_cross/Cl_3_1.npy,/path/to/Cls_scattered_01_wCont/Cls_scattered_01_wCont/Shift7_all_cross/Cl_3.npy,/path/to/Cls_scattered_01_wCont/Cls_scattered_01_wCont/Ha/Cl_3.npy,/path/to/Cls_scattered_01_wCont/Cls_scattered_01_wCont/OII/Cl_3.npy,/path/to/Cls_scattered_01_wCont/Cls_scattered_01_wCont/OIII/Cl_3.npy,/path/to/Cls_scattered_01_wCont/Cls_scattered_01_wCont/Cont/Cl_3.npy,1.7616386046633123,1.9642819186672569
/path/to/Cls_scattered_01_wCont/Cls_scattered_01_wCont/Ha_OII_OIII_Cont/Cl_4.npy,/path/to/Cls_scattered_01_wCont/Cls_scattered_01_wCont/OII_all_cross/Cl_4.npy,/path/to/Cls_scattered_01_wCont/Cls_scattered_01_wCont/OIII_all_cross/Cl_4.npy,/path/to/Cls_scattered_01_wCont/Cls_scattered_01_wCont/OII_all_cross/Cl_4_1.npy,/path/to/Cls_scattered_01_wCont/Cls_scattered_01_wCont/OIII_all_cross/Cl_4_1.npy,/path/to/Cls_scattered_01_wCont/Cls_scattered_01_wCont/Shift7_all_cross/Cl_4.npy,/path/to/Cls_scattered_01_wCont/Cls_scattered_01_wCont/Ha/Cl_4.npy,/path/to/Cls_scattered_01_wCont/Cls_scattered_01_wCont/OII/Cl_4.npy,/path/to/Cls_scattered_01_wCont/Cls_scattered_01_wCont/OIII/Cl_4.npy,/path/to/Cls_scattered_01_wCont/Cls_scattered_01_wCont/Cont/Cl_4.npy,1.9026445168070496,0.3418099866248667
/path/to/Cls_scattered_01_wCont/Cls_scattered_01_wCont/Ha_OII_OIII_Cont/Cl_5.npy,/path/to/Cls_scattered_01_wCont/Cls_scattered_01_wCont/OII_all_cross/Cl_5.npy,/path/to/Cls_scattered_01_wCont/Cls_scattered_01_wCont/OIII_all_cross/Cl_5.npy,/path/to/Cls_scattered_01_wCont/Cls_scattered_01_wCont/OII_all_cross/Cl_5_1.npy,/path/to/Cls_scattered_01_wCont/Cls_scattered_01_wCont/OIII_all_cross/Cl_5_1.npy,/path/to/Cls_scattered_01_wCont/Cls_scattered_01_wCont/Shift7_all_cross/Cl_5.npy,/path/to/Cls_scattered_01_wCont/Cls_scattered_01_wCont/Ha/Cl_5.npy,/path/to/Cls_scattered_01_wCont/Cls_scattered_01_wCont/OII/Cl_5.npy,/path/to/Cls_scattered_01_wCont/Cls_scattered_01_wCont/OIII/Cl_5.npy,/path/to/Cls_scattered_01_wCont/Cls_scattered_01_wCont/Cont/Cl_5.npy,0.48841553470119836,1.6827491988427936
/path/to/Cls_scattered_01_wCont/Cls_scattered_01_wCont/Ha_OII_OIII_Cont/Cl_6.npy,/path/to/Cls_scattered_01_wCont/Cls_scattered_01_wCont/OII_all_cross/Cl_6.npy,/path/to/Cls_scattered_01_wCont/Cls_scattered_01_wCont/OIII_all_cross/Cl_6.npy,/path/to/Cls_scattered_01_wCont/Cls_scattered_01_wCont/OII_all_cross/Cl_6_1.npy,/path/to/Cls_scattered_01_wCont/Cls_scattered_01_wCont/OIII_all_cross/Cl_6_1.npy,/path/to/Cls_scattered_01_wCont/Cls_scattered_01_wCont/Shift7_all_cross/Cl_6.npy,/path/to/Cls_scattered_01_wCont/Cls_scattered_01_wCont/Ha/Cl_6.npy,/path/to/Cls_scattered_01_wCont/Cls_scattered_01_wCont/OII/Cl_6.npy,/path/to/Cls_scattered_01_wCont/Cls_scattered_01_wCont/OIII/Cl_6.npy,/path/to/Cls_scattered_01_wCont/Cls_scattered_01_wCont/Cont/Cl_6.npy,1.0162925489246846,0.8479455551132559
/path/to/Cls_scattered_01_wCont/Cls_scattered_01_wCont/Ha_OII_OIII_Cont/Cl_7.npy,/path/to/Cls_scattered_01_wCont/Cls_scattered_01_wCont/OII_all_cross/Cl_7.npy,/path/to/Cls_scattered_01_wCont/Cls_scattered_01_wCont/OIII_all_cross/Cl_7.npy,/path/to/Cls_scattered_01_wCont/Cls_scattered_01_wCont/OII_all_cross/Cl_7_1.npy,/path/to/Cls_scattered_01_wCont/Cls_scattered_01_wCont/OIII_all_cross/Cl_7_1.npy,/path/to/Cls_scattered_01_wCont/Cls_scattered_01_wCont/Shift7_all_cross/Cl_7.npy,/path/to/Cls_scattered_01_wCont/Cls_scattered_01_wCont/Ha/Cl_7.npy,/path/to/Cls_scattered_01_wCont/Cls_scattered_01_wCont/OII/Cl_7.npy,/path/to/Cls_scattered_01_wCont/Cls_scattered_01_wCont/OIII/Cl_7.npy,/path/to/Cls_scattered_01_wCont/Cls_scattered_01_wCont/Cont/Cl_7.npy,1.5083544824272395,1.1767257431522011
/path/to/Cls_scattered_01_wCont/Cls_scattered_01_wCont/Ha_OII_OIII_Cont/Cl_8.npy,/path/to/Cls_scattered_01_wCont/Cls_scattered_01_wCont/OII_all_cross/Cl_8.npy,/path/to/Cls_scattered_01_wCont/Cls_scattered_01_wCont/OIII_all_cross/Cl_8.npy,/path/to/Cls_scattered_01_wCont/Cls_scattered_01_wCont/OII_all_cross/Cl_8_1.npy,/path/to/Cls_scattered_01_wCont/Cls_scattered_01_wCont/OIII_all_cross/Cl_8_1.npy,/path/to/Cls_scattered_01_wCont/Cls_scattered_01_wCont/Shift7_all_cross/Cl_8.npy,/path/to/Cls_scattered_01_wCont/Cls_scattered_01_wCont/Ha/Cl_8.npy,/path/to/Cls_scattered_01_wCont/Cls_scattered_01_wCont/OII/Cl_8.npy,/path/to/Cls_scattered_01_wCont/Cls_scattered_01_wCont/OIII/Cl_8.npy,/path/to/Cls_scattered_01_wCont/Cls_scattered_01_wCont/Cont/Cl_8.npy,1.3846911025233568,0.24648527428507805
/path/to/Cls_scattered_01_wCont/Cls_scattered_01_wCont/Ha_OII_OIII_Cont/Cl_9.npy,/path/to/Cls_scattered_01_wCont/Cls_scattered_01_wCont/OII_all_cross/Cl_9.npy,/path/to/Cls_scattered_01_wCont/Cls_scattered_01_wCont/OIII_all_cross/Cl_9.npy,/path/to/Cls_scattered_01_wCont/Cls_scattered_01_wCont/OII_all_cross/Cl_9_1.npy,/path/to/Cls_scattered_01_wCont/Cls_scattered_01_wCont/OIII_all_cross/Cl_9_1.npy,/path/to/Cls_scattered_01_wCont/Cls_scattered_01_wCont/Shift7_all_cross/Cl_9.npy,/path/to/Cls_scattered_01_wCont/Cls_scattered_01_wCont/Ha/Cl_9.npy,/path/to/Cls_scattered_01_wCont/Cls_scattered_01_wCont/OII/Cl_9.npy,/path/to/Cls_scattered_01_wCont/Cls_scattered_01_wCont/OIII/Cl_9.npy,/path/to/Cls_scattered_01_wCont/Cls_scattered_01_wCont/Cont/Cl_9.npy,0.8991540567018091,1.810080736503005
/path/to/Cls_scattered_01_wCont/Cls_scattered_01_wCont/Ha_OII_OIII_Cont/Cl_10.npy,/path/to/Cls_scattered_01_wCont/Cls_scattered_01_wCont/OII_all_cross/Cl_10.npy,/path/to/Cls_scattered_01_wCont/Cls_scattered_01_wCont/OIII_all_cross/Cl_10.npy,/path/to/Cls_scattered_01_wCont/Cls_scattered_01_wCont/OII_all_cross/Cl_10_1.npy,/path/to/Cls_scattered_01_wCont/Cls_scattered_01_wCont/OIII_all_cross/Cl_10_1.npy,/path/to/Cls_scattered_01_wCont/Cls_scattered_01_wCont/Shift7_all_cross/Cl_10.npy,/path/to/Cls_scattered_01_wCont/Cls_scattered_01_wCont/Ha/Cl_10.npy,/path/to/Cls_scattered_01_wCont/Cls_scattered_01_wCont/OII/Cl_10.npy,/path/to/Cls_scattered_01_wCont/Cls_scattered_01_wCont/OIII/Cl_10.npy,/path/to/Cls_scattered_01_wCont/Cls_scattered_01_wCont/Cont/Cl_10.npy,0.3712684320285916,0.752620846312493
/path/to/Cls_scattered_01_wCont/Cls_scattered_01_wCont/Ha_OII_OIII_Cont/Cl_11.npy,/path/to/Cls_scattered_01_wCont/Cls_scattered_01_wCont/OII_all_cross/Cl_11.npy,/path/to/Cls_scattered_01_wCont/Cls_scattered_01_wCont/OIII_all_cross/Cl_11.npy,/path/to/Cls_scattered_01_wCont/Cls_scattered_01_wCont/OII_all_cross/Cl_11_1.npy,/path/to/Cls_scattered_01_wCont/Cls_scattered_01_wCont/OIII_all_cross/Cl_11_1.npy,/path/to/Cls_scattered_01_wCont/Cls_scattered_01_wCont/Shift7_all_cross/Cl_11.npy,/path/to/Cls_scattered_01_wCont/Cls_scattered_01_wCont/Ha/Cl_11.npy,/path/to/Cls_scattered_01_wCont/Cls_scattered_01_wCont/OII/Cl_11.npy,/path/to/Cls_scattered_01_wCont/Cls_scattered_01_wCont/OIII/Cl_11.npy,/path/to/Cls_scattered_01_wCont/Cls_scattered_01_wCont/Cont/Cl_11.npy,1.7789761504158377,1.3040572843514384
/path/to/Cls_scattered_01_wCont/Cls_scattered_01_wCont/Ha_OII_OIII_Cont/Cl_12.npy,/path/to/Cls_scattered_01_wCont/Cls_scattered_01_wCont/OII_all_cross/Cl_12.npy,/path/to/Cls_scattered_01_wCont/Cls_scattered_01_wCont/OIII_all_cross/Cl_12.npy,/path/to/Cls_scattered_01_wCont/Cls_scattered_01_wCont/OII_all_cross/Cl_12_1.npy,/path/to/Cls_scattered_01_wCont/Cls_scattered_01_wCont/OIII_all_cross/Cl_12_1.npy,/path/to/Cls_scattered_01_wCont/Cls_scattered_01_wCont/Shift7_all_cross/Cl_12.npy,/path/to/Cls_scattered_01_wCont/Cls_scattered_01_wCont/Ha/Cl_12.npy,/path/to/Cls_scattered_01_wCont/Cls_scattered_01_wCont/OII/Cl_12.npy,/path/to/Cls_scattered_01_wCont/Cls_scattered_01_wCont/OIII/Cl_12.npy,/path/to/Cls_scattered_01_wCont/Cls_scattered_01_wCont/Cont/Cl_12.npy,1.6380662131123245,1.0017666812986135
/path/to/Cls_scattered_01_wCont/Cls_scattered_01_wCont/Ha_OII_OIII_Cont/Cl_13.npy,/path/to/Cls_scattered_01_wCont/Cls_scattered_01_wCont/OII_all_cross/Cl_13.npy,/path/to/Cls_scattered_01_wCont/Cls_scattered_01_wCont/OIII_all_cross/Cl_13.npy,/path/to/Cls_scattered_01_wCont/Cls_scattered_01_wCont/OII_all_cross/Cl_13_1.npy,/path/to/Cls_scattered_01_wCont/Cls_scattered_01_wCont/OIII_all_cross/Cl_13_1.npy,/path/to/Cls_scattered_01_wCont/Cls_scattered_01_wCont/Shift7_all_cross/Cl_13.npy,/path/to/Cls_scattered_01_wCont/Cls_scattered_01_wCont/Ha/Cl_13.npy,/path/to/Cls_scattered_01_wCont/Cls_scattered_01_wCont/OII/Cl_13.npy,/path/to/Cls_scattered_01_wCont/Cls_scattered_01_wCont/OIII/Cl_13.npy,/path/to/Cls_scattered_01_wCont/Cls_scattered_01_wCont/Cont/Cl_13.npy,0.17095705112442375,1.1415495149791242
/path/to/Cls_scattered_01_wCont/Cls_scattered_01_wCont/Ha_OII_OIII_Cont/Cl_14.npy,/path/to/Cls_scattered_01_wCont/Cls_scattered_01_wCont/OII_all_cross/Cl_14.npy,/path/to/Cls_scattered_01_wCont/Cls_scattered_01_wCont/OIII_all_cross/Cl_14.npy,/path/to/Cls_scattered_01_wCont/Cls_scattered_01_wCont/OII_all_cross/Cl_14_1.npy,/path/to/Cls_scattered_01_wCont/Cls_scattered_01_wCont/OIII_all_cross/Cl_14_1.npy,/path/to/Cls_scattered_01_wCont/Cls_scattered_01_wCont/Shift7_all_cross/Cl_14.npy,/path/to/Cls_scattered_01_wCont/Cls_scattered_01_wCont/Ha/Cl_14.npy,/path/to/Cls_scattered_01_wCont/Cls_scattered_01_wCont/OII/Cl_14.npy,/path/to/Cls_scattered_01_wCont/Cls_scattered_01_wCont/OIII/Cl_14.npy,/path/to/Cls_scattered_01_wCont/Cls_scattered_01_wCont/Cont/Cl_14.npy,0.624613956362009,0.5588366410695016
/path/to/Cls_scattered_01_wCont/Cls_scattered_01_wCont/Ha_OII_OIII_Cont/Cl_15.npy,/path/to/Cls_scattered_01_wCont/Cls_scattered_01_wCont/OII_all_cross/Cl_15.npy,/path/to/Cls_scattered_01_wCont/Cls_scattered_01_wCont/OIII_all_cross/Cl_15.npy,/path/to/Cls_scattered_01_wCont/Cls_scattered_01_wCont/OII_all_cross/Cl_15_1.npy,/path/to/Cls_scattered_01_wCont/Cls_scattered_01_wCont/OIII_all_cross/Cl_15_1.npy,/path/to/Cls_scattered_01_wCont/Cls_scattered_01_wCont/Shift7_all_cross/Cl_15.npy,/path/to/Cls_scattered_01_wCont/Cls_scattered_01_wCont/Ha/Cl_15.npy,/path/to/Cls_scattered_01_wCont/Cls_scattered_01_wCont/OII/Cl_15.npy,/path/to/Cls_scattered_01_wCont/Cls_scattered_01_wCont/OIII/Cl_15.npy,/path/to/Cls_scattered_01_wCont/Cls_scattered_01_wCont/Cont/Cl_15.npy,1.0508078817278146,1.584606623928994
/path/to/Cls_scattered_01_wCont/Cls_scattered_01_wCont/Ha_OII_OIII_Cont/Cl_16.npy,/path/to/Cls_scattered_01_wCont/Cls_scattered_01_wCont/OII_all_cross/Cl_16.npy,/path/to/Cls_scattered_01_wCont/Cls_scattered_01_wCont/OIII_all_cross/Cl_16.npy,/path/to/Cls_scattered_01_wCont/Cls_scattered_01_wCont/OII_all_cross/Cl_16_1.npy,/path/to/Cls_scattered_01_wCont/Cls_scattered_01_wCont/OIII_all_cross/Cl_16_1.npy,/path/to/Cls_scattered_01_wCont/Cls_scattered_01_wCont/Shift7_all_cross/Cl_16.npy,/path/to/Cls_scattered_01_wCont/Cls_scattered_01_wCont/Ha/Cl_16.npy,/path/to/Cls_scattered_01_wCont/Cls_scattered_01_wCont/OII/Cl_16.npy,/path/to/Cls_scattered_01_wCont/Cls_scattered_01_wCont/OIII/Cl_16.npy,/path/to/Cls_scattered_01_wCont/Cls_scattered_01_wCont/Cont/Cl_16.npy,1.1466118471696973,0.4698358793742955
/path/to/Cls_scattered_01_wCont/Cls_scattered_01_wCont/Ha_OII_OIII_Cont/Cl_17.npy,/path/to/Cls_scattered_01_wCont/Cls_scattered_01_wCont/OII_all_cross/Cl_17.npy,/path/to/Cls_scattered_01_wCont/Cls_scattered_01_wCont/OIII_all_cross/Cl_17.npy,/path/to/Cls_scattered_01_wCont/Cls_scattered_01_wCont/OII_all_cross/Cl_17_1.npy,/path/to/Cls_scattered_01_wCont/Cls_scattered_01_wCont/OIII_all_cross/Cl_17_1.npy,/path/to/Cls_scattered_01_wCont/Cls_scattered_01_wCont/Shift7_all_cross/Cl_17.npy,/path/to/Cls_scattered_01_wCont/Cls_scattered_01_wCont/Ha/Cl_17.npy,/path/to/Cls_scattered_01_wCont/Cls_scattered_01_wCont/OII/Cl_17.npy,/path/to/Cls_scattered_01_wCont/Cls_scattered_01_wCont/OIII/Cl_17.npy,/path/to/Cls_scattered_01_wCont/Cls_scattered_01_wCont/Cont/Cl_17.npy,0.6617695262655615,1.5547194556333124
/path/to/Cls_scattered_01_wCont/Cls_scattered_01_wCont/Ha_OII_OIII_Cont/Cl_18.npy,/path/to/Cls_scattered_01_wCont/Cls_scattered_01_wCont/OII_all_cross/Cl_18.npy,/path/to/Cls_scattered_01_wCont/Cls_scattered_01_wCont/OIII_all_cross/Cl_18.npy,/path/to/Cls_scattered_01_wCont/Cls_scattered_01_wCont/OII_all_cross/Cl_18_1.npy,/path/to/Cls_scattered_01_wCont/Cls_scattered_01_wCont/OIII_all_cross/Cl_18_1.npy,/path/to/Cls_scattered_01_wCont/Cls_scattered_01_wCont/Shift7_all_cross/Cl_18.npy,/path/to/Cls_scattered_01_wCont/Cls_scattered_01_wCont/Ha/Cl_18.npy,/path/to/Cls_scattered_01_wCont/Cls_scattered_01_wCont/OII/Cl_18.npy,/path/to/Cls_scattered_01_wCont/Cls_scattered_01_wCont/OIII/Cl_18.npy,/path/to/Cls_scattered_01_wCont/Cls_scattered_01_wCont/Cont/Cl_18.npy,0.13388483943417667,0.9722634265199303
/path/to/Cls_scattered_01_wCont/Cls_scattered_01_wCont/Ha_OII_OIII_Cont/Cl_19.npy,/path/to/Cls_scattered_01_wCont/Cls_scattered_01_wCont/OII_all_cross/Cl_19.npy,/path/to/Cls_scattered_01_wCont/Cls_scattered_01_wCont/OIII_all_cross/Cl_19.npy,/path/to/Cls_scattered_01_wCont/Cls_scattered_01_wCont/OII_all_cross/Cl_19_1.npy,/path/to/Cls_scattered_01_wCont/Cls_scattered_01_wCont/OIII_all_cross/Cl_19_1.npy,/path/to/Cls_scattered_01_wCont/Cls_scattered_01_wCont/Shift7_all_cross/Cl_19.npy,/path/to/Cls_scattered_01_wCont/Cls_scattered_01_wCont/Ha/Cl_19.npy,/path/to/Cls_scattered_01_wCont/Cls_scattered_01_wCont/OII/Cl_19.npy,/path/to/Cls_scattered_01_wCont/Cls_scattered_01_wCont/OIII/Cl_19.npy,/path/to/Cls_scattered_01_wCont/Cls_scattered_01_wCont/Cont/Cl_19.npy,1.5408960209228098,1.0524117222055793
/path/to/Cls_scattered_01_wCont/Cls_scattered_01_wCont/Ha_OII_OIII_Cont/Cl_20.npy,/path/to/Cls_scattered_01_wCont/Cls_scattered_01_wCont/OII_all_cross/Cl_20.npy,/path/to/Cls_scattered_01_wCont/Cls_scattered_01_wCont/OIII_all_cross/Cl_20.npy,/path/to/Cls_scattered_01_wCont/Cls_scattered_01_wCont/OII_all_cross/Cl_20_1.npy,/path/to/Cls_scattered_01_wCont/Cls_scattered_01_wCont/OIII_all_cross/Cl_20_1.npy,/path/to/Cls_scattered_01_wCont/Cls_scattered_01_wCont/Shift7_all_cross/Cl_20.npy,/path/to/Cls_scattered_01_wCont/Cls_scattered_01_wCont/Ha/Cl_20.npy,/path/to/Cls_scattered_01_wCont/Cls_scattered_01_wCont/OII/Cl_20.npy,/path/to/Cls_scattered_01_wCont/Cls_scattered_01_wCont/OIII/Cl_20.npy,/path/to/Cls_scattered_01_wCont/Cls_scattered_01_wCont/Cont/Cl_20.npy,1.8749867029488088,0.7821306482888758
/path/to/Cls_scattered_01_wCont/Cls_scattered_01_wCont/Ha_OII_OIII_Cont/Cl_21.npy,/path/to/Cls_scattered_01_wCont/Cls_scattered_01_wCont/OII_all_cross/Cl_21.npy,/path/to/Cls_scattered_01_wCont/Cls_scattered_01_wCont/OIII_all_cross/Cl_21.npy,/path/to/Cls_scattered_01_wCont/Cls_scattered_01_wCont/OII_all_cross/Cl_21_1.npy,/path/to/Cls_scattered_01_wCont/Cls_scattered_01_wCont/OIII_all_cross/Cl_21_1.npy,/path/to/Cls_scattered_01_wCont/Cls_scattered_01_wCont/Shift7_all_cross/Cl_21.npy,/path/to/Cls_scattered_01_wCont/Cls_scattered_01_wCont/Ha/Cl_21.npy,/path/to/Cls_scattered_01_wCont/Cls_scattered_01_wCont/OII/Cl_21.npy,/path/to/Cls_scattered_01_wCont/Cls_scattered_01_wCont/OIII/Cl_21.npy,/path/to/Cls_scattered_01_wCont/Cls_scattered_01_wCont/Cont/Cl_21.npy,0.4085726056247949,1.3932034929282964
/path/to/Cls_scattered_01_wCont/Cls_scattered_01_wCont/Ha_OII_OIII_Cont/Cl_22.npy,/path/to/Cls_scattered_01_wCont/Cls_scattered_01_wCont/OII_all_cross/Cl_22.npy,/path/to/Cls_scattered_01_wCont/Cls_scattered_01_wCont/OIII_all_cross/Cl_22.npy,/path/to/Cls_scattered_01_wCont/Cls_scattered_01_wCont/OII_all_cross/Cl_22_1.npy,/path/to/Cls_scattered_01_wCont/Cls_scattered_01_wCont/OIII_all_cross/Cl_22_1.npy,/path/to/Cls_scattered_01_wCont/Cls_scattered_01_wCont/Shift7_all_cross/Cl_22.npy,/path/to/Cls_scattered_01_wCont/Cls_scattered_01_wCont/Ha/Cl_22.npy,/path/to/Cls_scattered_01_wCont/Cls_scattered_01_wCont/OII/Cl_22.npy,/path/to/Cls_scattered_01_wCont/Cls_scattered_01_wCont/OIII/Cl_22.npy,/path/to/Cls_scattered_01_wCont/Cls_scattered_01_wCont/Cont/Cl_22.npy,0.8622303920798003,0.3354795029386878
/path/to/Cls_scattered_01_wCont/Cls_scattered_01_wCont/Ha_OII_OIII_Cont/Cl_23.npy,/path/to/Cls_scattered_01_wCont/Cls_scattered_01_wCont/OII_all_cross/Cl_23.npy,/path/to/Cls_scattered_01_wCont/Cls_scattered_01_wCont/OIII_all_cross/Cl_23.npy,/path/to/Cls_scattered_01_wCont/Cls_scattered_01_wCont/OII_all_cross/Cl_23_1.npy,/path/to/Cls_scattered_01_wCont/Cls_scattered_01_wCont/OIII_all_cross/Cl_23_1.npy,/path/to/Cls_scattered_01_wCont/Cls_scattered_01_wCont/Shift7_all_cross/Cl_23.npy,/path/to/Cls_scattered_01_wCont/Cls_scattered_01_wCont/Ha/Cl_23.npy,/path/to/Cls_scattered_01_wCont/Cls_scattered_01_wCont/OII/Cl_23.npy,/path/to/Cls_scattered_01_wCont/Cls_scattered_01_wCont/OIII/Cl_23.npy,/path/to/Cls_scattered_01_wCont/Cls_scattered_01_wCont/Cont/Cl_23.npy,1.287727440800518,1.8399595031514764
/path/to/Cls_scattered_01_wCont/Cls_scattered_01_wCont/Ha_OII_OIII_Cont/Cl_24.npy,/path/to/Cls_scattered_01_wCont/Cls_scattered_01_wCont/OII_all_cross/Cl_24.npy,/path/to/Cls_scattered_01_wCont/Cls_scattered_01_wCont/OIII_all_cross/Cl_24.npy,/path/to/Cls_scattered_01_wCont/Cls_scattered_01_wCont/OII_all_cross/Cl_24_1.npy,/path/to/Cls_scattered_01_wCont/Cls_scattered_01_wCont/OIII_all_cross/Cl_24_1.npy,/path/to/Cls_scattered_01_wCont/Cls_scattered_01_wCont/Shift7_all_cross/Cl_24.npy,/path/to/Cls_scattered_01_wCont/Cls_scattered_01_wCont/Ha/Cl_24.npy,/path/to/Cls_scattered_01_wCont/Cls_scattered_01_wCont/OII/Cl_24.npy,/path/to/Cls_scattered_01_wCont/Cls_scattered_01_wCont/OIII/Cl_24.npy,/path/to/Cls_scattered_01_wCont/Cls_scattered_01_wCont/Cont/Cl_24.npy,1.4126972662284971,0.877455350011587
/path/to/Cls_scattered_01_wCont/Cls_scattered_01_wCont/Ha_OII_OIII_Cont/Cl_25.npy,/path/to/Cls_scattered_01_wCont/Cls_scattered_01_wCont/OII_all_cross/Cl_25.npy,/path/to/Cls_scattered_01_wCont/Cls_scattered_01_wCont/OIII_all_cross/Cl_25.npy,/path/to/Cls_scattered_01_wCont/Cls_scattered_01_wCont/OII_all_cross/Cl_25_1.npy,/path/to/Cls_scattered_01_wCont/Cls_scattered_01_wCont/OIII_all_cross/Cl_25_1.npy,/path/to/Cls_scattered_01_wCont/Cls_scattered_01_wCont/Shift7_all_cross/Cl_25.npy,/path/to/Cls_scattered_01_wCont/Cls_scattered_01_wCont/Ha/Cl_25.npy,/path/to/Cls_scattered_01_wCont/Cls_scattered_01_wCont/OII/Cl_25.npy,/path/to/Cls_scattered_01_wCont/Cls_scattered_01_wCont/OIII/Cl_25.npy,/path/to/Cls_scattered_01_wCont/Cls_scattered_01_wCont/Cont/Cl_25.npy,0.978881468437612,1.2658719446510076
/path/to/Cls_scattered_01_wCont/Cls_scattered_01_wCont/Ha_OII_OIII_Cont/Cl_26.npy,/path/to/Cls_scattered_01_wCont/Cls_scattered_01_wCont/OII_all_cross/Cl_26.npy,/path/to/Cls_scattered_01_wCont/Cls_scattered_01_wCont/OIII_all_cross/Cl_26.npy,/path/to/Cls_scattered_01_wCont/Cls_scattered_01_wCont/OII_all_cross/Cl_26_1.npy,/path/to/Cls_scattered_01_wCont/Cls_scattered_01_wCont/OIII_all_cross/Cl_26_1.npy,/path/to/Cls_scattered_01_wCont/Cls_scattered_01_wCont/Shift7_all_cross/Cl_26.npy,/path/to/Cls_scattered_01_wCont/Cls_scattered_01_wCont/Ha/Cl_26.npy,/path/to/Cls_scattered_01_wCont/Cls_scattered_01_wCont/OII/Cl_26.npy,/path/to/Cls_scattered_01_wCont/Cls_scattered_01_wCont/OIII/Cl_26.npy,/path/to/Cls_scattered_01_wCont/Cls_scattered_01_wCont/Cont/Cl_26.npy,0.5252141726203262,0.43080420820042487
/path/to/Cls_scattered_01_wCont/Cls_scattered_01_wCont/Ha_OII_OIII_Cont/Cl_27.npy,/path/to/Cls_scattered_01_wCont/Cls_scattered_01_wCont/OII_all_cross/Cl_27.npy,/path/to/Cls_scattered_01_wCont/Cls_scattered_01_wCont/OIII_all_cross/Cl_27.npy,/path/to/Cls_scattered_01_wCont/Cls_scattered_01_wCont/OII_all_cross/Cl_27_1.npy,/path/to/Cls_scattered_01_wCont/Cls_scattered_01_wCont/OIII_all_cross/Cl_27_1.npy,/path/to/Cls_scattered_01_wCont/Cls_scattered_01_wCont/Shift7_all_cross/Cl_27.npy,/path/to/Cls_scattered_01_wCont/Cls_scattered_01_wCont/Ha/Cl_27.npy,/path/to/Cls_scattered_01_wCont/Cls_scattered_01_wCont/OII/Cl_27.npy,/path/to/Cls_scattered_01_wCont/Cls_scattered_01_wCont/OIII/Cl_27.npy,/path/to/Cls_scattered_01_wCont/Cls_scattered_01_wCont/Cont/Cl_27.npy,1.9999506429769098,1.7126279584132136
/path/to/Cls_scattered_01_wCont/Cls_scattered_01_wCont/Ha_OII_OIII_Cont/Cl_28.npy,/path/to/Cls_scattered_01_wCont/Cls_scattered_01_wCont/OII_all_cross/Cl_28.npy,/path/to/Cls_scattered_01_wCont/Cls_scattered_01_wCont/OIII_all_cross/Cl_28.npy,/path/to/Cls_scattered_01_wCont/Cls_scattered_01_wCont/OII_all_cross/Cl_28_1.npy,/path/to/Cls_scattered_01_wCont/Cls_scattered_01_wCont/OIII_all_cross/Cl_28_1.npy,/path/to/Cls_scattered_01_wCont/Cls_scattered_01_wCont/Shift7_all_cross/Cl_28.npy,/path/to/Cls_scattered_01_wCont/Cls_scattered_01_wCont/Ha/Cl_28.npy,/path/to/Cls_scattered_01_wCont/Cls_scattered_01_wCont/OII/Cl_28.npy,/path/to/Cls_scattered_01_wCont/Cls_scattered_01_wCont/OIII/Cl_28.npy,/path/to/Cls_scattered_01_wCont/Cls_scattered_01_wCont/Cont/Cl_28.npy,1.6659560419619084,0.1221674170345068
/path/to/Cls_scattered_01_wCont/Cls_scattered_01_wCont/Ha_OII_OIII_Cont/Cl_29.npy,/path/to/Cls_scattered_01_wCont/Cls_scattered_01_wCont/OII_all_cross/Cl_29.npy,/path/to/Cls_scattered_01_wCont/Cls_scattered_01_wCont/OIII_all_cross/Cl_29.npy,/path/to/Cls_scattered_01_wCont/Cls_scattered_01_wCont/OII_all_cross/Cl_29_1.npy,/path/to/Cls_scattered_01_wCont/Cls_scattered_01_wCont/OIII_all_cross/Cl_29_1.npy,/path/to/Cls_scattered_01_wCont/Cls_scattered_01_wCont/Shift7_all_cross/Cl_29.npy,/path/to/Cls_scattered_01_wCont/Cls_scattered_01_wCont/Ha/Cl_29.npy,/path/to/Cls_scattered_01_wCont/Cls_scattered_01_wCont/OII/Cl_29.npy,/path/to/Cls_scattered_01_wCont/Cls_scattered_01_wCont/OIII/Cl_29.npy,/path/to/Cls_scattered_01_wCont/Cls_scattered_01_wCont/Cont/Cl_29.npy,0.25056801475584506,1.9343947432935238
/path/to/Cls_scattered_01_wCont/Cls_scattered_01_wCont/Ha_OII_OIII_Cont/Cl_30.npy,/path/to/Cls_scattered_01_wCont/Cls_scattered_01_wCont/OII_all_cross/Cl_30.npy,/path/to/Cls_scattered_01_wCont/Cls_scattered_01_wCont/OIII_all_cross/Cl_30.npy,/path/to/Cls_scattered_01_wCont/Cls_scattered_01_wCont/OII_all_cross/Cl_30_1.npy,/path/to/Cls_scattered_01_wCont/Cls_scattered_01_wCont/OIII_all_cross/Cl_30_1.npy,/path/to/Cls_scattered_01_wCont/Cls_scattered_01_wCont/Shift7_all_cross/Cl_30.npy,/path/to/Cls_scattered_01_wCont/Cls_scattered_01_wCont/Ha/Cl_30.npy,/path/to/Cls_scattered_01_wCont/Cls_scattered_01_wCont/OII/Cl_30.npy,/path/to/Cls_scattered_01_wCont/Cls_scattered_01_wCont/OIII/Cl_30.npy,/path/to/Cls_scattered_01_wCont/Cls_scattered_01_wCont/Cont/Cl_30.npy,0.7784440982155502,0.6245949677191674
/path/to/Cls_scattered_01_wCont/Cls_scattered_01_wCont/Ha_OII_OIII_Cont/Cl_31.npy,/path/to/Cls_scattered_01_wCont/Cls_scattered_01_wCont/OII_all_cross/Cl_31.npy,/path/to/Cls_scattered_01_wCont/Cls_scattered_01_wCont/OIII_all_cross/Cl_31.npy,/path/to/Cls_scattered_01_wCont/Cls_scattered_01_wCont/OII_all_cross/Cl_31_1.npy,/path/to/Cls_scattered_01_wCont/Cls_scattered_01_wCont/OIII_all_cross/Cl_31_1.npy,/path/to/Cls_scattered_01_wCont/Cls_scattered_01_wCont/Shift7_all_cross/Cl_31.npy,/path/to/Cls_scattered_01_wCont/Cls_scattered_01_wCont/Ha/Cl_31.npy,/path/to/Cls_scattered_01_wCont/Cls_scattered_01_wCont/OII/Cl_31.npy,/path/to/Cls_scattered_01_wCont/Cls_scattered_01_wCont/OIII/Cl_31.npy,/path/to/Cls_scattered_01_wCont/Cls_scattered_01_wCont/Cont/Cl_31.npy,1.2716668887995184,1.4320870134048165
/path/to/Cls_scattered_01_wCont/Cls_scattered_01_wCont/Ha_OII_OIII_Cont/Cl_32.npy,/path/to/Cls_scattered_01_wCont/Cls_scattered_01_wCont/OII_all_cross/Cl_32.npy,/path/to/Cls_scattered_01_wCont/Cls_scattered_01_wCont/OIII_all_cross/Cl_32.npy,/path/to/Cls_scattered_01_wCont/Cls_scattered_01_wCont/OII_all_cross/Cl_32_1.npy,/path/to/Cls_scattered_01_wCont/Cls_scattered_01_wCont/OIII_all_cross/Cl_32_1.npy,/path/to/Cls_scattered_01_wCont/Cls_scattered_01_wCont/Shift7_all_cross/Cl_32.npy,/path/to/Cls_scattered_01_wCont/Cls_scattered_01_wCont/Ha/Cl_32.npy,/path/to/Cls_scattered_01_wCont/Cls_scattered_01_wCont/OII/Cl_32.npy,/path/to/Cls_scattered_01_wCont/Cls_scattered_01_wCont/OIII/Cl_32.npy,/path/to/Cls_scattered_01_wCont/Cls_scattered_01_wCont/Cont/Cl_32.npy,1.2528820142149926,0.18431582059711218
/path/to/Cls_scattered_01_wCont/Cls_scattered_01_wCont/Ha_OII_OIII_Cont/Cl_33.npy,/path/to/Cls_scattered_01_wCont/Cls_scattered_01_wCont/OII_all_cross/Cl_33.npy,/path/to/Cls_scattered_01_wCont/Cls_scattered_01_wCont/OIII_all_cross/Cl_33.npy,/path/to/Cls_scattered_01_wCont/Cls_scattered_01_wCont/OII_all_cross/Cl_33_1.npy,/path/to/Cls_scattered_01_wCont/Cls_scattered_01_wCont/OIII_all_cross/Cl_33_1.npy,/path/to/Cls_scattered_01_wCont/Cls_scattered_01_wCont/Shift7_all_cross/Cl_33.npy,/path/to/Cls_scattered_01_wCont/Cls_scattered_01_wCont/Ha/Cl_33.npy,/path/to/Cls_scattered_01_wCont/Cls_scattered_01_wCont/OII/Cl_33.npy,/path/to/Cls_scattered_01_wCont/Cls_scattered_01_wCont/OIII/Cl_33.npy,/path/to/Cls_scattered_01_wCont/Cls_scattered_01_wCont/Cont/Cl_33.npy,0.7967686127871274,1.9891499379649757
/path/to/Cls_scattered_01_wCont/Cls_scattered_01_wCont/Ha_OII_OIII_Cont/Cl_34.npy,/path/to/Cls_scattered_01_wCont/Cls_scattered_01_wCont/OII_all_cross/Cl_34.npy,/path/to/Cls_scattered_01_wCont/Cls_scattered_01_wCont/OIII_all_cross/Cl_34.npy,/path/to/Cls_scattered_01_wCont/Cls_scattered_01_wCont/OII_all_cross/Cl_34_1.npy,/path/to/Cls_scattered_01_wCont/Cls_scattered_01_wCont/OIII_all_cross/Cl_34_1.npy,/path/to/Cls_scattered_01_wCont/Cls_scattered_01_wCont/Shift7_all_cross/Cl_34.npy,/path/to/Cls_scattered_01_wCont/Cls_scattered_01_wCont/Ha/Cl_34.npy,/path/to/Cls_scattered_01_wCont/Cls_scattered_01_wCont/OII/Cl_34.npy,/path/to/Cls_scattered_01_wCont/Cls_scattered_01_wCont/OIII/Cl_34.npy,/path/to/Cls_scattered_01_wCont/Cls_scattered_01_wCont/Cont/Cl_34.npy,0.23919777078554033,0.6867471084930002
/path/to/Cls_scattered_01_wCont/Cls_scattered_01_wCont/Ha_OII_OIII_Cont/Cl_35.npy,/path/to/Cls_scattered_01_wCont/Cls_scattered_01_wCont/OII_all_cross/Cl_35.npy,/path/to/Cls_scattered_01_wCont/Cls_scattered_01_wCont/OIII_all_cross/Cl_35.npy,/path/to/Cls_scattered_01_wCont/Cls_scattered_01_wCont/OII_all_cross/Cl_35_1.npy,/path/to/Cls_scattered_01_wCont/Cls_scattered_01_wCont/OIII_all_cross/Cl_35_1.npy,/path/to/Cls_scattered_01_wCont/Cls_scattered_01_wCont/Shift7_all_cross/Cl_35.npy,/path/to/Cls_scattered_01_wCont/Cls_scattered_01_wCont/Ha/Cl_35.npy,/path/to/Cls_scattered_01_wCont/Cls_scattered_01_wCont/OII/Cl_35.npy,/path/to/Cls_scattered_01_wCont/Cls_scattered_01_wCont/OIII/Cl_35.npy,/path/to/Cls_scattered_01_wCont/Cls_scattered_01_wCont/Cont/Cl_35.npy,1.6768514371477068,1.4868457187898458
/path/to/Cls_scattered_01_wCont/Cls_scattered_01_wCont/Ha_OII_OIII_Cont/Cl_36.npy,/path/to/Cls_scattered_01_wCont/Cls_scattered_01_wCont/OII_all_cross/Cl_36.npy,/path/to/Cls_scattered_01_wCont/Cls_scattered_01_wCont/OIII_all_cross/Cl_36.npy,/path/to/Cls_scattered_01_wCont/Cls_scattered_01_wCont/OII_all_cross/Cl_36_1.npy,/path/to/Cls_scattered_01_wCont/Cls_scattered_01_wCont/OIII_all_cross/Cl_36_1.npy,/path/to/Cls_scattered_01_wCont/Cls_scattered_01_wCont/Shift7_all_cross/Cl_36.npy,/path/to/Cls_scattered_01_wCont/Cls_scattered_01_wCont/Ha/Cl_36.npy,/path/to/Cls_scattered_01_wCont/Cls_scattered_01_wCont/OII/Cl_36.npy,/path/to/Cls_scattered_01_wCont/Cls_scattered_01_wCont/OIII/Cl_36.npy,/path/to/Cls_scattered_01_wCont/Cls_scattered_01_wCont/Cont/Cl_36.npy,1.9514820197597147,0.8227233925834297
/path/to/Cls_scattered_01_wCont/Cls_scattered_01_wCont/Ha_OII_OIII_Cont/Cl_37.npy,/path/to/Cls_scattered_01_wCont/Cls_scattered_01_wCont/OII_all_cross/Cl_37.npy,/path/to/Cls_scattered_01_wCont/Cls_scattered_01_wCont/OIII_all_cross/Cl_37.npy,/path/to/Cls_scattered_01_wCont/Cls_scattered_01_wCont/OII_all_cross/Cl_37_1.npy,/path/to/Cls_scattered_01_wCont/Cls_scattered_01_wCont/OIII_all_cross/Cl_37_1.npy,/path/to/Cls_scattered_01_wCont/Cls_scattered_01_wCont/Shift7_all_cross/Cl_37.npy,/path/to/Cls_scattered_01_wCont/Cls_scattered_01_wCont/Ha/Cl_37.npy,/path/to/Cls_scattered_01_wCont/Cls_scattered_01_wCont/OII/Cl_37.npy,/path/to/Cls_scattered_01_wCont/Cls_scattered_01_wCont/OIII/Cl_37.npy,/path/to/Cls_scattered_01_wCont/Cls_scattered_01_wCont/Cont/Cl_37.npy,0.5732299102470279,1.2036894461140037
/path/to/Cls_scattered_01_wCont/Cls_scattered_01_wCont/Ha_OII_OIII_Cont/Cl_38.npy,/path/to/Cls_scattered_01_wCont/Cls_scattered_01_wCont/OII_all_cross/Cl_38.npy,/path/to/Cls_scattered_01_wCont/Cls_scattered_01_wCont/OIII_all_cross/Cl_38.npy,/path/to/Cls_scattered_01_wCont/Cls_scattered_01_wCont/OII_all_cross/Cl_38_1.npy,/path/to/Cls_scattered_01_wCont/Cls_scattered_01_wCont/OIII_all_cross/Cl_38_1.npy,/path/to/Cls_scattered_01_wCont/Cls_scattered_01_wCont/Shift7_all_cross/Cl_38.npy,/path/to/Cls_scattered_01_wCont/Cls_scattered_01_wCont/Ha/Cl_38.npy,/path/to/Cls_scattered_01_wCont/Cls_scattered_01_wCont/OII/Cl_38.npy,/path/to/Cls_scattered_01_wCont/Cls_scattered_01_wCont/OIII/Cl_38.npy,/path/to/Cls_scattered_01_wCont/Cls_scattered_01_wCont/Cont/Cl_38.npy,0.9378274758346378,0.3760757614858449
/path/to/Cls_scattered_01_wCont/Cls_scattered_01_wCont/Ha_OII_OIII_Cont/Cl_39.npy,/path/to/Cls_scattered_01_wCont/Cls_scattered_01_wCont/OII_all_cross/Cl_39.npy,/path/to/Cls_scattered_01_wCont/Cls_scattered_01_wCont/OIII_all_cross/Cl_39.npy,/path/to/Cls_scattered_01_wCont/Cls_scattered_01_wCont/OII_all_cross/Cl_39_1.npy,/path/to/Cls_scattered_01_wCont/Cls_scattered_01_wCont/OIII_all_cross/Cl_39_1.npy,/path/to/Cls_scattered_01_wCont/Cls_scattered_01_wCont/Shift7_all_cross/Cl_39.npy,/path/to/Cls_scattered_01_wCont/Cls_scattered_01_wCont/Ha/Cl_39.npy,/path/to/Cls_scattered_01_wCont/Cls_scattered_01_wCont/OII/Cl_39.npy,/path/to/Cls_scattered_01_wCont/Cls_scattered_01_wCont/OIII/Cl_39.npy,/path/to/Cls_scattered_01_wCont/Cls_scattered_01_wCont/Cont/Cl_39.npy,1.4532838844694198,1.6504491970874369
/path/to/Cls_scattered_01_wCont/Cls_scattered_01_wCont/Ha_OII_OIII_Cont/Cl_40.npy,/path/to/Cls_scattered_01_wCont/Cls_scattered_01_wCont/OII_all_cross/Cl_40.npy,/path/to/Cls_scattered_01_wCont/Cls_scattered_01_wCont/OIII_all_cross/Cl_40.npy,/path/to/Cls_scattered_01_wCont/Cls_scattered_01_wCont/OII_all_cross/Cl_40_1.npy,/path/to/Cls_scattered_01_wCont/Cls_scattered_01_wCont/OIII_all_cross/Cl_40_1.npy,/path/to/Cls_scattered_01_wCont/Cls_scattered_01_wCont/Shift7_all_cross/Cl_40.npy,/path/to/Cls_scattered_01_wCont/Cls_scattered_01_wCont/Ha/Cl_40.npy,/path/to/Cls_scattered_01_wCont/Cls_scattered_01_wCont/OII/Cl_40.npy,/path/to/Cls_scattered_01_wCont/Cls_scattered_01_wCont/OIII/Cl_40.npy,/path/to/Cls_scattered_01_wCont/Cls_scattered_01_wCont/Cont/Cl_40.npy,1.336203421652317,0.7106994650326669
/path/to/Cls_scattered_01_wCont/Cls_scattered_01_wCont/Ha_OII_OIII_Cont/Cl_41.npy,/path/to/Cls_scattered_01_wCont/Cls_scattered_01_wCont/OII_all_cross/Cl_41.npy,/path/to/Cls_scattered_01_wCont/Cls_scattered_01_wCont/OIII_all_cross/Cl_41.npy,/path/to/Cls_scattered_01_wCont/Cls_scattered_01_wCont/OII_all_cross/Cl_41_1.npy,/path/to/Cls_scattered_01_wCont/Cls_scattered_01_wCont/OIII_all_cross/Cl_41_1.npy,/path/to/Cls_scattered_01_wCont/Cls_scattered_01_wCont/Shift7_all_cross/Cl_41.npy,/path/to/Cls_scattered_01_wCont/Cls_scattered_01_wCont/Ha/Cl_41.npy,/path/to/Cls_scattered_01_wCont/Cls_scattered_01_wCont/OII/Cl_41.npy,/path/to/Cls_scattered_01_wCont/Cls_scattered_01_wCont/OIII/Cl_41.npy,/path/to/Cls_scattered_01_wCont/Cls_scattered_01_wCont/Cont/Cl_41.npy,0.8142220120877027,1.3440092685632408
/path/to/Cls_scattered_01_wCont/Cls_scattered_01_wCont/Ha_OII_OIII_Cont/Cl_42.npy,/path/to/Cls_scattered_01_wCont/Cls_scattered_01_wCont/OII_all_cross/Cl_42.npy,/path/to/Cls_scattered_01_wCont/Cls_scattered_01_wCont/OIII_all_cross/Cl_42.npy,/path/to/Cls_scattered_01_wCont/Cls_scattered_01_wCont/OII_all_cross/Cl_42_1.npy,/path/to/Cls_scattered_01_wCont/Cls_scattered_01_wCont/OIII_all_cross/Cl_42_1.npy,/path/to/Cls_scattered_01_wCont/Cls_scattered_01_wCont/Shift7_all_cross/Cl_42.npy,/path/to/Cls_scattered_01_wCont/Cls_scattered_01_wCont/Ha/Cl_42.npy,/path/to/Cls_scattered_01_wCont/Cls_scattered_01_wCont/OII/Cl_42.npy,/path/to/Cls_scattered_01_wCont/Cls_scattered_01_wCont/OIII/Cl_42.npy,/path/to/Cls_scattered_01_wCont/Cls_scattered_01_wCont/Cont/Cl_42.npy,0.44961946709081535,0.2640518303960562
/path/to/Cls_scattered_01_wCont/Cls_scattered_01_wCont/Ha_OII_OIII_Cont/Cl_43.npy,/path/to/Cls_scattered_01_wCont/Cls_scattered_01_wCont/OII_all_cross/Cl_43.npy,/path/to/Cls_scattered_01_wCont/Cls_scattered_01_wCont/OIII_all_cross/Cl_43.npy,/path/to/Cls_scattered_01_wCont/Cls_scattered_01_wCont/OII_all_cross/Cl_43_1.npy,/path/to/Cls_scattered_01_wCont/Cls_scattered_01_wCont/OIII_all_cross/Cl_43_1.npy,/path/to/Cls_scattered_01_wCont/Cls_scattered_01_wCont/Shift7_all_cross/Cl_43.npy,/path/to/Cls_scattered_01_wCont/Cls_scattered_01_wCont/Ha/Cl_43.npy,/path/to/Cls_scattered_01_wCont/Cls_scattered_01_wCont/OII/Cl_43.npy,/path/to/Cls_scattered_01_wCont/Cls_scattered_01_wCont/OIII/Cl_43.npy,/path/to/Cls_scattered_01_wCont/Cls_scattered_01_wCont/Cont/Cl_43.npy,1.8343929535709322,1.7907690159976482
/path/to/Cls_scattered_01_wCont/Cls_scattered_01_wCont/Ha_OII_OIII_Cont/Cl_44.npy,/path/to/Cls_scattered_01_wCont/Cls_scattered_01_wCont/OII_all_cross/Cl_44.npy,/path/to/Cls_scattered_01_wCont/Cls_scattered_01_wCont/OIII_all_cross/Cl_44.npy,/path/to/Cls_scattered_01_wCont/Cls_scattered_01_wCont/OII_all_cross/Cl_44_1.npy,/path/to/Cls_scattered_01_wCont/Cls_scattered_01_wCont/OIII_all_cross/Cl_44_1.npy,/path/to/Cls_scattered_01_wCont/Cls_scattered_01_wCont/Shift7_all_cross/Cl_44.npy,/path/to/Cls_scattered_01_wCont/Cls_scattered_01_wCont/Ha/Cl_44.npy,/path/to/Cls_scattered_01_wCont/Cls_scattered_01_wCont/OII/Cl_44.npy,/path/to/Cls_scattered_01_wCont/Cls_scattered_01_wCont/OIII/Cl_44.npy,/path/to/Cls_scattered_01_wCont/Cls_scattered_01_wCont/Cont/Cl_44.npy,1.5596880266442894,0.5189959946088493
/path/to/Cls_scattered_01_wCont/Cls_scattered_01_wCont/Ha_OII_OIII_Cont/Cl_45.npy,/path/to/Cls_scattered_01_wCont/Cls_scattered_01_wCont/OII_all_cross/Cl_45.npy,/path/to/Cls_scattered_01_wCont/Cls_scattered_01_wCont/OIII_all_cross/Cl_45.npy,/path/to/Cls_scattered_01_wCont/Cls_scattered_01_wCont/OII_all_cross/Cl_45_1.npy,/path/to/Cls_scattered_01_wCont/Cls_scattered_01_wCont/OIII_all_cross/Cl_45_1.npy,/path/to/Cls_scattered_01_wCont/Cls_scattered_01_wCont/Shift7_all_cross/Cl_45.npy,/path/to/Cls_scattered_01_wCont/Cls_scattered_01_wCont/Ha/Cl_45.npy,/path/to/Cls_scattered_01_wCont/Cls_scattered_01_wCont/OII/Cl_45.npy,/path/to/Cls_scattered_01_wCont/Cls_scattered_01_wCont/OIII/Cl_45.npy,/path/to/Cls_scattered_01_wCont/Cls_scattered_01_wCont/Cont/Cl_45.npy,0.1155674559995532,1.626173861976713
/path/to/Cls_scattered_01_wCont/Cls_scattered_01_wCont/Ha_OII_OIII_Cont/Cl_46.npy,/path/to/Cls_scattered_01_wCont/Cls_scattered_01_wCont/OII_all_cross/Cl_46.npy,/path/to/Cls_scattered_01_wCont/Cls_scattered_01_wCont/OIII_all_cross/Cl_46.npy,/path/to/Cls_scattered_01_wCont/Cls_scattered_01_wCont/OII_all_cross/Cl_46_1.npy,/path/to/Cls_scattered_01_wCont/Cls_scattered_01_wCont/OIII_all_cross/Cl_46_1.npy,/path/to/Cls_scattered_01_wCont/Cls_scattered_01_wCont/Shift7_all_cross/Cl_46.npy,/path/to/Cls_scattered_01_wCont/Cls_scattered_01_wCont/Ha/Cl_46.npy,/path/to/Cls_scattered_01_wCont/Cls_scattered_01_wCont/OII/Cl_46.npy,/path/to/Cls_scattered_01_wCont/Cls_scattered_01_wCont/OIII/Cl_46.npy,/path/to/Cls_scattered_01_wCont/Cls_scattered_01_wCont/Cont/Cl_46.npy,0.6731324126012623,1.0214272789657115
/path/to/Cls_scattered_01_wCont/Cls_scattered_01_wCont/Ha_OII_OIII_Cont/Cl_47.npy,/path/to/Cls_scattered_01_wCont/Cls_scattered_01_wCont/OII_all_cross/Cl_47.npy,/path/to/Cls_scattered_01_wCont/Cls_scattered_01_wCont/OIII_all_cross/Cl_47.npy,/path/to/Cls_scattered_01_wCont/Cls_scattered_01_wCont/OII_all_cross/Cl_47_1.npy,/path/to/Cls_scattered_01_wCont/Cls_scattered_01_wCont/OIII_all_cross/Cl_47_1.npy,/path/to/Cls_scattered_01_wCont/Cls_scattered_01_wCont/Shift7_all_cross/Cl_47.npy,/path/to/Cls_scattered_01_wCont/Cls_scattered_01_wCont/Ha/Cl_47.npy,/path/to/Cls_scattered_01_wCont/Cls_scattered_01_wCont/OII/Cl_47.npy,/path/to/Cls_scattered_01_wCont/Cls_scattered_01_wCont/OIII/Cl_47.npy,/path/to/Cls_scattered_01_wCont/Cls_scattered_01_wCont/Cont/Cl_47.npy,1.135709094349295,1.1238696392625571
/path/to/Cls_scattered_01_wCont/Cls_scattered_01_wCont/Ha_OII_OIII_Cont/Cl_48.npy,/path/to/Cls_scattered_01_wCont/Cls_scattered_01_wCont/OII_all_cross/Cl_48.npy,/path/to/Cls_scattered_01_wCont/Cls_scattered_01_wCont/OIII_all_cross/Cl_48.npy,/path/to/Cls_scattered_01_wCont/Cls_scattered_01_wCont/OII_all_cross/Cl_48_1.npy,/path/to/Cls_scattered_01_wCont/Cls_scattered_01_wCont/OIII_all_cross/Cl_48_1.npy,/path/to/Cls_scattered_01_wCont/Cls_scattered_01_wCont/Shift7_all_cross/Cl_48.npy,/path/to/Cls_scattered_01_wCont/Cls_scattered_01_wCont/Ha/Cl_48.npy,/path/to/Cls_scattered_01_wCont/Cls_scattered_01_wCont/OII/Cl_48.npy,/path/to/Cls_scattered_01_wCont/Cls_scattered_01_wCont/OIII/Cl_48.npy,/path/to/Cls_scattered_01_wCont/Cls_scattered_01_wCont/Cont/Cl_48.npy,1.0988198856823146,0.9321945836767553
/path/to/Cls_scattered_01_wCont/Cls_scattered_01_wCont/Ha_OII_OIII_Cont/Cl_49.npy,/path/to/Cls_scattered_01_wCont/Cls_scattered_01_wCont/OII_all_cross/Cl_49.npy,/path/to/Cls_scattered_01_wCont/Cls_scattered_01_wCont/OIII_all_cross/Cl_49.npy,/path/to/Cls_scattered_01_wCont/Cls_scattered_01_wCont/OII_all_cross/Cl_49_1.npy,/path/to/Cls_scattered_01_wCont/Cls_scattered_01_wCont/OIII_all_cross/Cl_49_1.npy,/path/to/Cls_scattered_01_wCont/Cls_scattered_01_wCont/Shift7_all_cross/Cl_49.npy,/path/to/Cls_scattered_01_wCont/Cls_scattered_01_wCont/Ha/Cl_49.npy,/path/to/Cls_scattered_01_wCont/Cls_scattered_01_wCont/OII/Cl_49.npy,/path/to/Cls_scattered_01_wCont/Cls_scattered_01_wCont/OIII/Cl_49.npy,/path/to/Cls_scattered_01_wCont/Cls_scattered_01_wCont/Cont/Cl_49.npy,0.5761415994726121,1.0942144045606255
/path/to/Cls_scattered_01_wCont/Cls_scattered_01_wCont/Ha_OII_OIII_Cont/Cl_50.npy,/path/to/Cls_scattered_01_wCont/Cls_scattered_01_wCont/OII_all_cross/Cl_50.npy,/path/to/Cls_scattered_01_wCont/Cls_scattered_01_wCont/OIII_all_cross/Cl_50.npy,/path/to/Cls_scattered_01_wCont/Cls_scattered_01_wCont/OII_all_cross/Cl_50_1.npy,/path/to/Cls_scattered_01_wCont/Cls_scattered_01_wCont/OIII_all_cross/Cl_50_1.npy,/path/to/Cls_scattered_01_wCont/Cls_scattered_01_wCont/Shift7_all_cross/Cl_50.npy,/path/to/Cls_scattered_01_wCont/Cls_scattered_01_wCont/Ha/Cl_50.npy,/path/to/Cls_scattered_01_wCont/Cls_scattered_01_wCont/OII/Cl_50.npy,/path/to/Cls_scattered_01_wCont/Cls_scattered_01_wCont/OIII/Cl_50.npy,/path/to/Cls_scattered_01_wCont/Cls_scattered_01_wCont/Cont/Cl_50.npy,0.21153992861509324,0.4892608062364161
/path/to/Cls_scattered_01_wCont/Cls_scattered_01_wCont/Ha_OII_OIII_Cont/Cl_51.npy,/path/to/Cls_scattered_01_wCont/Cls_scattered_01_wCont/OII_all_cross/Cl_51.npy,/path/to/Cls_scattered_01_wCont/Cls_scattered_01_wCont/OIII_all_cross/Cl_51.npy,/path/to/Cls_scattered_01_wCont/Cls_scattered_01_wCont/OII_all_cross/Cl_51_1.npy,/path/to/Cls_scattered_01_wCont/Cls_scattered_01_wCont/OIII_all_cross/Cl_51_1.npy,/path/to/Cls_scattered_01_wCont/Cls_scattered_01_wCont/Shift7_all_cross/Cl_51.npy,/path/to/Cls_scattered_01_wCont/Cls_scattered_01_wCont/Ha/Cl_51.npy,/path/to/Cls_scattered_01_wCont/Cls_scattered_01_wCont/OII/Cl_51.npy,/path/to/Cls_scattered_01_wCont/Cls_scattered_01_wCont/OIII/Cl_51.npy,/path/to/Cls_scattered_01_wCont/Cls_scattered_01_wCont/Cont/Cl_51.npy,1.597008479759097,1.537268002796918
/path/to/Cls_scattered_01_wCont/Cls_scattered_01_wCont/Ha_OII_OIII_Cont/Cl_52.npy,/path/to/Cls_scattered_01_wCont/Cls_scattered_01_wCont/OII_all_cross/Cl_52.npy,/path/to/Cls_scattered_01_wCont/Cls_scattered_01_wCont/OIII_all_cross/Cl_52.npy,/path/to/Cls_scattered_01_wCont/Cls_scattered_01_wCont/OII_all_cross/Cl_52_1.npy,/path/to/Cls_scattered_01_wCont/Cls_scattered_01_wCont/OIII_all_cross/Cl_52_1.npy,/path/to/Cls_scattered_01_wCont/Cls_scattered_01_wCont/Shift7_all_cross/Cl_52.npy,/path/to/Cls_scattered_01_wCont/Cls_scattered_01_wCont/Ha/Cl_52.npy,/path/to/Cls_scattered_01_wCont/Cls_scattered_01_wCont/OII/Cl_52.npy,/path/to/Cls_scattered_01_wCont/Cls_scattered_01_wCont/OIII/Cl_52.npy,/path/to/Cls_scattered_01_wCont/Cls_scattered_01_wCont/Cont/Cl_52.npy,1.7973044057376684,0.2937935659661889
/path/to/Cls_scattered_01_wCont/Cls_scattered_01_wCont/Ha_OII_OIII_Cont/Cl_53.npy,/path/to/Cls_scattered_01_wCont/Cls_scattered_01_wCont/OII_all_cross/Cl_53.npy,/path/to/Cls_scattered_01_wCont/Cls_scattered_01_wCont/OIII_all_cross/Cl_53.npy,/path/to/Cls_scattered_01_wCont/Cls_scattered_01_wCont/OII_all_cross/Cl_53_1.npy,/path/to/Cls_scattered_01_wCont/Cls_scattered_01_wCont/OIII_all_cross/Cl_53_1.npy,/path/to/Cls_scattered_01_wCont/Cls_scattered_01_wCont/Shift7_all_cross/Cl_53.npy,/path/to/Cls_scattered_01_wCont/Cls_scattered_01_wCont/Ha/Cl_53.npy,/path/to/Cls_scattered_01_wCont/Cls_scattered_01_wCont/OII/Cl_53.npy,/path/to/Cls_scattered_01_wCont/Cls_scattered_01_wCont/OIII/Cl_53.npy,/path/to/Cls_scattered_01_wCont/Cls_scattered_01_wCont/Cont/Cl_53.npy,0.352487298194319,1.8796832909807564
/path/to/Cls_scattered_01_wCont/Cls_scattered_01_wCont/Ha_OII_OIII_Cont/Cl_54.npy,/path/to/Cls_scattered_01_wCont/Cls_scattered_01_wCont/OII_all_cross/Cl_54.npy,/path/to/Cls_scattered_01_wCont/Cls_scattered_01_wCont/OIII_all_cross/Cl_54.npy,/path/to/Cls_scattered_01_wCont/Cls_scattered_01_wCont/OII_all_cross/Cl_54_1.npy,/path/to/Cls_scattered_01_wCont/Cls_scattered_01_wCont/OIII_all_cross/Cl_54_1.npy,/path/to/Cls_scattered_01_wCont/Cls_scattered_01_wCont/Shift7_all_cross/Cl_54.npy,/path/to/Cls_scattered_01_wCont/Cls_scattered_01_wCont/Ha/Cl_54.npy,/path/to/Cls_scattered_01_wCont/Cls_scattered_01_wCont/OII/Cl_54.npy,/path/to/Cls_scattered_01_wCont/Cls_scattered_01_wCont/OIII/Cl_54.npy,/path/to/Cls_scattered_01_wCont/Cls_scattered_01_wCont/Cont/Cl_54.npy,0.9100531855598092,0.7999256272800266
/path/to/Cls_scattered_01_wCont/Cls_scattered_01_wCont/Ha_OII_OIII_Cont/Cl_55.npy,/path/to/Cls_scattered_01_wCont/Cls_scattered_01_wCont/OII_all_cross/Cl_55.npy,/path/to/Cls_scattered_01_wCont/Cls_scattered_01_wCont/OIII_all_cross/Cl_55.npy,/path/to/Cls_scattered_01_wCont/Cls_scattered_01_wCont/OII_all_cross/Cl_55_1.npy,/path/to/Cls_scattered_01_wCont/Cls_scattered_01_wCont/OIII_all_cross/Cl_55_1.npy,/path/to/Cls_scattered_01_wCont/Cls_scattered_01_wCont/Shift7_all_cross/Cl_55.npy,/path/to/Cls_scattered_01_wCont/Cls_scattered_01_wCont/Ha/Cl_55.npy,/path/to/Cls_scattered_01_wCont/Cls_scattered_01_wCont/OII/Cl_55.npy,/path/to/Cls_scattered_01_wCont/Cls_scattered_01_wCont/OIII/Cl_55.npy,/path/to/Cls_scattered_01_wCont/Cls_scattered_01_wCont/Cont/Cl_55.npy,1.3733245922252537,1.3736561016179623
/path/to/Cls_scattered_01_wCont/Cls_scattered_01_wCont/Ha_OII_OIII_Cont/Cl_56.npy,/path/to/Cls_scattered_01_wCont/Cls_scattered_01_wCont/OII_all_cross/Cl_56.npy,/path/to/Cls_scattered_01_wCont/Cls_scattered_01_wCont/OIII_all_cross/Cl_56.npy,/path/to/Cls_scattered_01_wCont/Cls_scattered_01_wCont/OII_all_cross/Cl_56_1.npy,/path/to/Cls_scattered_01_wCont/Cls_scattered_01_wCont/OIII_all_cross/Cl_56_1.npy,/path/to/Cls_scattered_01_wCont/Cls_scattered_01_wCont/Shift7_all_cross/Cl_56.npy,/path/to/Cls_scattered_01_wCont/Cls_scattered_01_wCont/Ha/Cl_56.npy,/path/to/Cls_scattered_01_wCont/Cls_scattered_01_wCont/OII/Cl_56.npy,/path/to/Cls_scattered_01_wCont/Cls_scattered_01_wCont/OIII/Cl_56.npy,/path/to/Cls_scattered_01_wCont/Cls_scattered_01_wCont/Cont/Cl_56.npy,1.4900335918180645,0.405817489977926
/path/to/Cls_scattered_01_wCont/Cls_scattered_01_wCont/Ha_OII_OIII_Cont/Cl_57.npy,/path/to/Cls_scattered_01_wCont/Cls_scattered_01_wCont/OII_all_cross/Cl_57.npy,/path/to/Cls_scattered_01_wCont/Cls_scattered_01_wCont/OIII_all_cross/Cl_57.npy,/path/to/Cls_scattered_01_wCont/Cls_scattered_01_wCont/OII_all_cross/Cl_57_1.npy,/path/to/Cls_scattered_01_wCont/Cls_scattered_01_wCont/OIII_all_cross/Cl_57_1.npy,/path/to/Cls_scattered_01_wCont/Cls_scattered_01_wCont/Shift7_all_cross/Cl_57.npy,/path/to/Cls_scattered_01_wCont/Cls_scattered_01_wCont/Ha/Cl_57.npy,/path/to/Cls_scattered_01_wCont/Cls_scattered_01_wCont/OII/Cl_57.npy,/path/to/Cls_scattered_01_wCont/Cls_scattered_01_wCont/OIII/Cl_57.npy,/path/to/Cls_scattered_01_wCont/Cls_scattered_01_wCont/Cont/Cl_57.npy,1.0350810474716128,1.7393634649924934
/path/to/Cls_scattered_01_wCont/Cls_scattered_01_wCont/Ha_OII_OIII_Cont/Cl_58.npy,/path/to/Cls_scattered_01_wCont/Cls_scattered_01_wCont/OII_all_cross/Cl_58.npy,/path/to/Cls_scattered_01_wCont/Cls_scattered_01_wCont/OIII_all_cross/Cl_58.npy,/path/to/Cls_scattered_01_wCont/Cls_scattered_01_wCont/OII_all_cross/Cl_58_1.npy,/path/to/Cls_scattered_01_wCont/Cls_scattered_01_wCont/OIII_all_cross/Cl_58_1.npy,/path/to/Cls_scattered_01_wCont/Cls_scattered_01_wCont/Shift7_all_cross/Cl_58.npy,/path/to/Cls_scattered_01_wCont/Cls_scattered_01_wCont/Ha/Cl_58.npy,/path/to/Cls_scattered_01_wCont/Cls_scattered_01_wCont/OII/Cl_58.npy,/path/to/Cls_scattered_01_wCont/Cls_scattered_01_wCont/OIII/Cl_58.npy,/path/to/Cls_scattered_01_wCont/Cls_scattered_01_wCont/Cont/Cl_58.npy,0.4775092676281929,0.911949547752738
/path/to/Cls_scattered_01_wCont/Cls_scattered_01_wCont/Ha_OII_OIII_Cont/Cl_59.npy,/path/to/Cls_scattered_01_wCont/Cls_scattered_01_wCont/OII_all_cross/Cl_59.npy,/path/to/Cls_scattered_01_wCont/Cls_scattered_01_wCont/OIII_all_cross/Cl_59.npy,/path/to/Cls_scattered_01_wCont/Cls_scattered_01_wCont/OII_all_cross/Cl_59_1.npy,/path/to/Cls_scattered_01_wCont/Cls_scattered_01_wCont/OIII_all_cross/Cl_59_1.npy,/path/to/Cls_scattered_01_wCont/Cls_scattered_01_wCont/Shift7_all_cross/Cl_59.npy,/path/to/Cls_scattered_01_wCont/Cls_scattered_01_wCont/Ha/Cl_59.npy,/path/to/Cls_scattered_01_wCont/Cls_scattered_01_wCont/OII/Cl_59.npy,/path/to/Cls_scattered_01_wCont/Cls_scattered_01_wCont/OIII/Cl_59.npy,/path/to/Cls_scattered_01_wCont/Cls_scattered_01_wCont/Cont/Cl_59.npy,1.9140038888901472,1.2333362720906735
/path/to/Cls_scattered_01_wCont/Cls_scattered_01_wCont/Ha_OII_OIII_Cont/Cl_60.npy,/path/to/Cls_scattered_01_wCont/Cls_scattered_01_wCont/OII_all_cross/Cl_60.npy,/path/to/Cls_scattered_01_wCont/Cls_scattered_01_wCont/OIII_all_cross/Cl_60.npy,/path/to/Cls_scattered_01_wCont/Cls_scattered_01_wCont/OII_all_cross/Cl_60_1.npy,/path/to/Cls_scattered_01_wCont/Cls_scattered_01_wCont/OIII_all_cross/Cl_60_1.npy,/path/to/Cls_scattered_01_wCont/Cls_scattered_01_wCont/Shift7_all_cross/Cl_60.npy,/path/to/Cls_scattered_01_wCont/Cls_scattered_01_wCont/Ha/Cl_60.npy,/path/to/Cls_scattered_01_wCont/Cls_scattered_01_wCont/OII/Cl_60.npy,/path/to/Cls_scattered_01_wCont/Cls_scattered_01_wCont/OIII/Cl_60.npy,/path/to/Cls_scattered_01_wCont/Cls_scattered_01_wCont/Cont/Cl_60.npy,1.7136337389238179,0.5975144061259925
/path/to/Cls_scattered_01_wCont/Cls_scattered_01_wCont/Ha_OII_OIII_Cont/Cl_61.npy,/path/to/Cls_scattered_01_wCont/Cls_scattered_01_wCont/OII_all_cross/Cl_61.npy,/path/to/Cls_scattered_01_wCont/Cls_scattered_01_wCont/OIII_all_cross/Cl_61.npy,/path/to/Cls_scattered_01_wCont/Cls_scattered_01_wCont/OII_all_cross/Cl_61_1.npy,/path/to/Cls_scattered_01_wCont/Cls_scattered_01_wCont/OIII_all_cross/Cl_61_1.npy,/path/to/Cls_scattered_01_wCont/Cls_scattered_01_wCont/Shift7_all_cross/Cl_61.npy,/path/to/Cls_scattered_01_wCont/Cls_scattered_01_wCont/Ha/Cl_61.npy,/path/to/Cls_scattered_01_wCont/Cls_scattered_01_wCont/OII/Cl_61.npy,/path/to/Cls_scattered_01_wCont/Cls_scattered_01_wCont/OIII/Cl_61.npy,/path/to/Cls_scattered_01_wCont/Cls_scattered_01_wCont/Cont/Cl_61.npy,0.336541920248419,1.4571904770098627
/path/to/Cls_scattered_01_wCont/Cls_scattered_01_wCont/Ha_OII_OIII_Cont/Cl_62.npy,/path/to/Cls_scattered_01_wCont/Cls_scattered_01_wCont/OII_all_cross/Cl_62.npy,/path/to/Cls_scattered_01_wCont/Cls_scattered_01_wCont/OIII_all_cross/Cl_62.npy,/path/to/Cls_scattered_01_wCont/Cls_scattered_01_wCont/OII_all_cross/Cl_62_1.npy,/path/to/Cls_scattered_01_wCont/Cls_scattered_01_wCont/OIII_all_cross/Cl_62_1.npy,/path/to/Cls_scattered_01_wCont/Cls_scattered_01_wCont/Shift7_all_cross/Cl_62.npy,/path/to/Cls_scattered_01_wCont/Cls_scattered_01_wCont/Ha/Cl_62.npy,/path/to/Cls_scattered_01_wCont/Cls_scattered_01_wCont/OII/Cl_62.npy,/path/to/Cls_scattered_01_wCont/Cls_scattered_01_wCont/OIII/Cl_62.npy,/path/to/Cls_scattered_01_wCont/Cls_scattered_01_wCont/Cont/Cl_62.npy,0.7011386046186089,0.15458062514662743
/path/to/Cls_scattered_01_wCont/Cls_scattered_01_wCont/Ha_OII_OIII_Cont/Cl_63.npy,/path/to/Cls_scattered_01_wCont/Cls_scattered_01_wCont/OII_all_cross/Cl_63.npy,/path/to/Cls_scattered_01_wCont/Cls_scattered_01_wCont/OIII_all_cross/Cl_63.npy,/path/to/Cls_scattered_01_wCont/Cls_scattered_01_wCont/OII_all_cross/Cl_63_1.npy,/path/to/Cls_scattered_01_wCont/Cls_scattered_01_wCont/OIII_all_cross/Cl_63_1.npy,/path/to/Cls_scattered_01_wCont/Cls_scattered_01_wCont/Shift7_all_cross/Cl_63.npy,/path/to/Cls_scattered_01_wCont/Cls_scattered_01_wCont/Ha/Cl_63.npy,/path/to/Cls_scattered_01_wCont/Cls_scattered_01_wCont/OII/Cl_63.npy,/path/to/Cls_scattered_01_wCont/Cls_scattered_01_wCont/OIII/Cl_63.npy,/path/to/Cls_scattered_01_wCont/Cls_scattered_01_wCont/Cont/Cl_63.npy,1.2154365343973041,1.9002440717071294
/path/to/Cls_scattered_01_wCont/Cls_scattered_01_wCont/Ha_OII_OIII_Cont/Cl_64.npy,/path/to/Cls_scattered_01_wCont/Cls_scattered_01_wCont/OII_all_cross/Cl_64.npy,/path/to/Cls_scattered_01_wCont/Cls_scattered_01_wCont/OIII_all_cross/Cl_64.npy,/path/to/Cls_scattered_01_wCont/Cls_scattered_01_wCont/OII_all_cross/Cl_64_1.npy,/path/to/Cls_scattered_01_wCont/Cls_scattered_01_wCont/OIII_all_cross/Cl_64_1.npy,/path/to/Cls_scattered_01_wCont/Cls_scattered_01_wCont/Shift7_all_cross/Cl_64.npy,/path/to/Cls_scattered_01_wCont/Cls_scattered_01_wCont/Ha/Cl_64.npy,/path/to/Cls_scattered_01_wCont/Cls_scattered_01_wCont/OII/Cl_64.npy,/path/to/Cls_scattered_01_wCont/Cls_scattered_01_wCont/OIII/Cl_64.npy,/path/to/Cls_scattered_01_wCont/Cls_scattered_01_wCont/Cont/Cl_64.npy,1.2028591393493115,0.38469175510108466
/path/to/Cls_scattered_01_wCont/Cls_scattered_01_wCont/Ha_OII_OIII_Cont/Cl_65.npy,/path/to/Cls_scattered_01_wCont/Cls_scattered_01_wCont/OII_all_cross/Cl_65.npy,/path/to/Cls_scattered_01_wCont/Cls_scattered_01_wCont/OIII_all_cross/Cl_65.npy,/path/to/Cls_scattered_01_wCont/Cls_scattered_01_wCont/OII_all_cross/Cl_65_1.npy,/path/to/Cls_scattered_01_wCont/Cls_scattered_01_wCont/OIII_all_cross/Cl_65_1.npy,/path/to/Cls_scattered_01_wCont/Cls_scattered_01_wCont/Shift7_all_cross/Cl_65.npy,/path/to/Cls_scattered_01_wCont/Cls_scattered_01_wCont/Ha/Cl_65.npy,/path/to/Cls_scattered_01_wCont/Cls_scattered_01_wCont/OII/Cl_65.npy,/path/to/Cls_scattered_01_wCont/Cls_scattered_01_wCont/OIII/Cl_65.npy,/path/to/Cls_scattered_01_wCont/Cls_scattered_01_wCont/Cont/Cl_65.npy,0.7098710569553077,1.6701399631798268
/path/to/Cls_scattered_01_wCont/Cls_scattered_01_wCont/Ha_OII_OIII_Cont/Cl_66.npy,/path/to/Cls_scattered_01_wCont/Cls_scattered_01_wCont/OII_all_cross/Cl_66.npy,/path/to/Cls_scattered_01_wCont/Cls_scattered_01_wCont/OIII_all_cross/Cl_66.npy,/path/to/Cls_scattered_01_wCont/Cls_scattered_01_wCont/OII_all_cross/Cl_66_1.npy,/path/to/Cls_scattered_01_wCont/Cls_scattered_01_wCont/OIII_all_cross/Cl_66_1.npy,/path/to/Cls_scattered_01_wCont/Cls_scattered_01_wCont/Shift7_all_cross/Cl_66.npy,/path/to/Cls_scattered_01_wCont/Cls_scattered_01_wCont/Ha/Cl_66.npy,/path/to/Cls_scattered_01_wCont/Cls_scattered_01_wCont/OII/Cl_66.npy,/path/to/Cls_scattered_01_wCont/Cls_scattered_01_wCont/OIII/Cl_66.npy,/path/to/Cls_scattered_01_wCont/Cls_scattered_01_wCont/Cont/Cl_66.npy,0.31558600552380084,0.8276320195756852
/path/to/Cls_scattered_01_wCont/Cls_scattered_01_wCont/Ha_OII_OIII_Cont/Cl_67.npy,/path/to/Cls_scattered_01_wCont/Cls_scattered_01_wCont/OII_all_cross/Cl_67.npy,/path/to/Cls_scattered_01_wCont/Cls_scattered_01_wCont/OIII_all_cross/Cl_67.npy,/path/to/Cls_scattered_01_wCont/Cls_scattered_01_wCont/OII_all_cross/Cl_67_1.npy,/path/to/Cls_scattered_01_wCont/Cls_scattered_01_wCont/OIII_all_cross/Cl_67_1.npy,/path/to/Cls_scattered_01_wCont/Cls_scattered_01_wCont/Shift7_all_cross/Cl_67.npy,/path/to/Cls_scattered_01_wCont/Cls_scattered_01_wCont/Ha/Cl_67.npy,/path/to/Cls_scattered_01_wCont/Cls_scattered_01_wCont/OII/Cl_67.npy,/path/to/Cls_scattered_01_wCont/Cls_scattered_01_wCont/OIII/Cl_67.npy,/path/to/Cls_scattered_01_wCont/Cls_scattered_01_wCont/Cont/Cl_67.npy,1.7307447604835033,1.2270948338322343
/path/to/Cls_scattered_01_wCont/Cls_scattered_01_wCont/Ha_OII_OIII_Cont/Cl_68.npy,/path/to/Cls_scattered_01_wCont/Cls_scattered_01_wCont/OII_all_cross/Cl_68.npy,/path/to/Cls_scattered_01_wCont/Cls_scattered_01_wCont/OIII_all_cross/Cl_68.npy,/path/to/Cls_scattered_01_wCont/Cls_scattered_01_wCont/OII_all_cross/Cl_68_1.npy,/path/to/Cls_scattered_01_wCont/Cls_scattered_01_wCont/OIII_all_cross/Cl_68_1.npy,/path/to/Cls_scattered_01_wCont/Cls_scattered_01_wCont/Shift7_all_cross/Cl_68.npy,/path/to/Cls_scattered_01_wCont/Cls_scattered_01_wCont/Ha/Cl_68.npy,/path/to/Cls_scattered_01_wCont/Cls_scattered_01_wCont/OII/Cl_68.npy,/path/to/Cls_scattered_01_wCont/Cls_scattered_01_wCont/OIII/Cl_68.npy,/path/to/Cls_scattered_01_wCont/Cls_scattered_01_wCont/Cont/Cl_68.npy,1.9312045575119554,0.6670526511967182
/path/to/Cls_scattered_01_wCont/Cls_scattered_01_wCont/Ha_OII_OIII_Cont/Cl_69.npy,/path/to/Cls_scattered_01_wCont/Cls_scattered_01_wCont/OII_all_cross/Cl_69.npy,/path/to/Cls_scattered_01_wCont/Cls_scattered_01_wCont/OIII_all_cross/Cl_69.npy,/path/to/Cls_scattered_01_wCont/Cls_scattered_01_wCont/OII_all_cross/Cl_69_1.npy,/path/to/Cls_scattered_01_wCont/Cls_scattered_01_wCont/OIII_all_cross/Cl_69_1.npy,/path/to/Cls_scattered_01_wCont/Cls_scattered_01_wCont/Shift7_all_cross/Cl_69.npy,/path/to/Cls_scattered_01_wCont/Cls_scattered_01_wCont/Ha/Cl_69.npy,/path/to/Cls_scattered_01_wCont/Cls_scattered_01_wCont/OII/Cl_69.npy,/path/to/Cls_scattered_01_wCont/Cls_scattered_01_wCont/OIII/Cl_69.npy,/path/to/Cls_scattered_01_wCont/Cls_scattered_01_wCont/Cont/Cl_69.npy,0.4567026820965111,1.4782261472195388
/path/to/Cls_scattered_01_wCont/Cls_scattered_01_wCont/Ha_OII_OIII_Cont/Cl_70.npy,/path/to/Cls_scattered_01_wCont/Cls_scattered_01_wCont/OII_all_cross/Cl_70.npy,/path/to/Cls_scattered_01_wCont/Cls_scattered_01_wCont/OIII_all_cross/Cl_70.npy,/path/to/Cls_scattered_01_wCont/Cls_scattered_01_wCont/OII_all_cross/Cl_70_1.npy,/path/to/Cls_scattered_01_wCont/Cls_scattered_01_wCont/OIII_all_cross/Cl_70_1.npy,/path/to/Cls_scattered_01_wCont/Cls_scattered_01_wCont/Shift7_all_cross/Cl_70.npy,/path/to/Cls_scattered_01_wCont/Cls_scattered_01_wCont/Ha/Cl_70.npy,/path/to/Cls_scattered_01_wCont/Cls_scattered_01_wCont/OII/Cl_70.npy,/path/to/Cls_scattered_01_wCont/Cls_scattered_01_wCont/OIII/Cl_70.npy,/path/to/Cls_scattered_01_wCont/Cls_scattered_01_wCont/Cont/Cl_70.npy,1.0439610099419951,0.1609141099266708
/path/to/Cls_scattered_01_wCont/Cls_scattered_01_wCont/Ha_OII_OIII_Cont/Cl_71.npy,/path/to/Cls_scattered_01_wCont/Cls_scattered_01_wCont/OII_all_cross/Cl_71.npy,/path/to/Cls_scattered_01_wCont/Cls_scattered_01_wCont/OIII_all_cross/Cl_71.npy,/path/to/Cls_scattered_01_wCont/Cls_scattered_01_wCont/OII_all_cross/Cl_71_1.npy,/path/to/Cls_scattered_01_wCont/Cls_scattered_01_wCont/OIII_all_cross/Cl_71_1.npy,/path/to/Cls_scattered_01_wCont/Cls_scattered_01_wCont/Shift7_all_cross/Cl_71.npy,/path/to/Cls_scattered_01_wCont/Cls_scattered_01_wCont/Ha/Cl_71.npy,/path/to/Cls_scattered_01_wCont/Cls_scattered_01_wCont/OII/Cl_71.npy,/path/to/Cls_scattered_01_wCont/Cls_scattered_01_wCont/OIII/Cl_71.npy,/path/to/Cls_scattered_01_wCont/Cls_scattered_01_wCont/Cont/Cl_71.npy,1.4775476487353445,1.9842448747716843
/path/to/Cls_scattered_01_wCont/Cls_scattered_01_wCont/Ha_OII_OIII_Cont/Cl_72.npy,/path/to/Cls_scattered_01_wCont/Cls_scattered_01_wCont/OII_all_cross/Cl_72.npy,/path/to/Cls_scattered_01_wCont/Cls_scattered_01_wCont/OIII_all_cross/Cl_72.npy,/path/to/Cls_scattered_01_wCont/Cls_scattered_01_wCont/OII_all_cross/Cl_72_1.npy,/path/to/Cls_scattered_01_wCont/Cls_scattered_01_wCont/OIII_all_cross/Cl_72_1.npy,/path/to/Cls_scattered_01_wCont/Cls_scattered_01_wCont/Shift7_all_cross/Cl_72.npy,/path/to/Cls_scattered_01_wCont/Cls_scattered_01_wCont/Ha/Cl_72.npy,/path/to/Cls_scattered_01_wCont/Cls_scattered_01_wCont/OII/Cl_72.npy,/path/to/Cls_scattered_01_wCont/Cls_scattered_01_wCont/OIII/Cl_72.npy,/path/to/Cls_scattered_01_wCont/Cls_scattered_01_wCont/Cont/Cl_72.npy,1.3562252848409118,1.0448724807240068
/path/to/Cls_scattered_01_wCont/Cls_scattered_01_wCont/Ha_OII_OIII_Cont/Cl_73.npy,/path/to/Cls_scattered_01_wCont/Cls_scattered_01_wCont/OII_all_cross/Cl_73.npy,/path/to/Cls_scattered_01_wCont/Cls_scattered_01_wCont/OIII_all_cross/Cl_73.npy,/path/to/Cls_scattered_01_wCont/Cls_scattered_01_wCont/OII_all_cross/Cl_73_1.npy,/path/to/Cls_scattered_01_wCont/Cls_scattered_01_wCont/OIII_all_cross/Cl_73_1.npy,/path/to/Cls_scattered_01_wCont/Cls_scattered_01_wCont/Shift7_all_cross/Cl_73.npy,/path/to/Cls_scattered_01_wCont/Cls_scattered_01_wCont/Ha/Cl_73.npy,/path/to/Cls_scattered_01_wCont/Cls_scattered_01_wCont/OII/Cl_73.npy,/path/to/Cls_scattered_01_wCont/Cls_scattered_01_wCont/OIII/Cl_73.npy,/path/to/Cls_scattered_01_wCont/Cls_scattered_01_wCont/Cont/Cl_73.npy,0.9309611323289573,1.1287022267468274
/path/to/Cls_scattered_01_wCont/Cls_scattered_01_wCont/Ha_OII_OIII_Cont/Cl_74.npy,/path/to/Cls_scattered_01_wCont/Cls_scattered_01_wCont/OII_all_cross/Cl_74.npy,/path/to/Cls_scattered_01_wCont/Cls_scattered_01_wCont/OIII_all_cross/Cl_74.npy,/path/to/Cls_scattered_01_wCont/Cls_scattered_01_wCont/OII_all_cross/Cl_74_1.npy,/path/to/Cls_scattered_01_wCont/Cls_scattered_01_wCont/OIII_all_cross/Cl_74_1.npy,/path/to/Cls_scattered_01_wCont/Cls_scattered_01_wCont/Shift7_all_cross/Cl_74.npy,/path/to/Cls_scattered_01_wCont/Cls_scattered_01_wCont/Ha/Cl_74.npy,/path/to/Cls_scattered_01_wCont/Cls_scattered_01_wCont/OII/Cl_74.npy,/path/to/Cls_scattered_01_wCont/Cls_scattered_01_wCont/OIII/Cl_74.npy,/path/to/Cls_scattered_01_wCont/Cls_scattered_01_wCont/Cont/Cl_74.npy,0.34370868988335135,0.5387339359149337
/path/to/Cls_scattered_01_wCont/Cls_scattered_01_wCont/Ha_OII_OIII_Cont/Cl_75.npy,/path/to/Cls_scattered_01_wCont/Cls_scattered_01_wCont/OII_all_cross/Cl_75.npy,/path/to/Cls_scattered_01_wCont/Cls_scattered_01_wCont/OIII_all_cross/Cl_75.npy,/path/to/Cls_scattered_01_wCont/Cls_scattered_01_wCont/OII_all_cross/Cl_75_1.npy,/path/to/Cls_scattered_01_wCont/Cls_scattered_01_wCont/OIII_all_cross/Cl_75_1.npy,/path/to/Cls_scattered_01_wCont/Cls_scattered_01_wCont/Shift7_all_cross/Cl_75.npy,/path/to/Cls_scattered_01_wCont/Cls_scattered_01_wCont/Ha/Cl_75.npy,/path/to/Cls_scattered_01_wCont/Cls_scattered_01_wCont/OII/Cl_75.npy,/path/to/Cls_scattered_01_wCont/Cls_scattered_01_wCont/OIII/Cl_75.npy,/path/to/Cls_scattered_01_wCont/Cls_scattered_01_wCont/Cont/Cl_75.npy,1.8098917029798032,1.6347209507599474
/path/to/Cls_scattered_01_wCont/Cls_scattered_01_wCont/Ha_OII_OIII_Cont/Cl_76.npy,/path/to/Cls_scattered_01_wCont/Cls_scattered_01_wCont/OII_all_cross/Cl_76.npy,/path/to/Cls_scattered_01_wCont/Cls_scattered_01_wCont/OIII_all_cross/Cl_76.npy,/path/to/Cls_scattered_01_wCont/Cls_scattered_01_wCont/OII_all_cross/Cl_76_1.npy,/path/to/Cls_scattered_01_wCont/Cls_scattered_01_wCont/OIII_all_cross/Cl_76_1.npy,/path/to/Cls_scattered_01_wCont/Cls_scattered_01_wCont/Shift7_all_cross/Cl_76.npy,/path/to/Cls_scattered_01_wCont/Cls_scattered_01_wCont/Ha/Cl_76.npy,/path/to/Cls_scattered_01_wCont/Cls_scattered_01_wCont/OII/Cl_76.npy,/path/to/Cls_scattered_01_wCont/Cls_scattered_01_wCont/OIII/Cl_76.npy,/path/to/Cls_scattered_01_wCont/Cls_scattered_01_wCont/Cont/Cl_76.npy,1.609455528948456,0.2592156861908734
/path/to/Cls_scattered_01_wCont/Cls_scattered_01_wCont/Ha_OII_OIII_Cont/Cl_77.npy,/path/to/Cls_scattered_01_wCont/Cls_scattered_01_wCont/OII_all_cross/Cl_77.npy,/path/to/Cls_scattered_01_wCont/Cls_scattered_01_wCont/OIII_all_cross/Cl_77.npy,/path/to/Cls_scattered_01_wCont/Cls_scattered_01_wCont/OII_all_cross/Cl_77_1.npy,/path/to/Cls_scattered_01_wCont/Cls_scattered_01_wCont/OIII_all_cross/Cl_77_1.npy,/path/to/Cls_scattered_01_wCont/Cls_scattered_01_wCont/Shift7_all_cross/Cl_77.npy,/path/to/Cls_scattered_01_wCont/Cls_scattered_01_wCont/Ha/Cl_77.npy,/path/to/Cls_scattered_01_wCont/Cls_scattered_01_wCont/OII/Cl_77.npy,/path/to/Cls_scattered_01_wCont/Cls_scattered_01_wCont/OIII/Cl_77.npy,/path/to/Cls_scattered_01_wCont/Cls_scattered_01_wCont/Cont/Cl_77.npy,0.20267713041976093,1.7673201442696154
/path/to/Cls_scattered_01_wCont/Cls_scattered_01_wCont/Ha_OII_OIII_Cont/Cl_78.npy,/path/to/Cls_scattered_01_wCont/Cls_scattered_01_wCont/OII_all_cross/Cl_78.npy,/path/to/Cls_scattered_01_wCont/Cls_scattered_01_wCont/OIII_all_cross/Cl_78.npy,/path/to/Cls_scattered_01_wCont/Cls_scattered_01_wCont/OII_all_cross/Cl_78_1.npy,/path/to/Cls_scattered_01_wCont/Cls_scattered_01_wCont/OIII_all_cross/Cl_78_1.npy,/path/to/Cls_scattered_01_wCont/Cls_scattered_01_wCont/Shift7_all_cross/Cl_78.npy,/path/to/Cls_scattered_01_wCont/Cls_scattered_01_wCont/Ha/Cl_78.npy,/path/to/Cls_scattered_01_wCont/Cls_scattered_01_wCont/OII/Cl_78.npy,/path/to/Cls_scattered_01_wCont/Cls_scattered_01_wCont/OIII/Cl_78.npy,/path/to/Cls_scattered_01_wCont/Cls_scattered_01_wCont/Cont/Cl_78.npy,0.5969671612605453,0.7021559471264481
/path/to/Cls_scattered_01_wCont/Cls_scattered_01_wCont/Ha_OII_OIII_Cont/Cl_79.npy,/path/to/Cls_scattered_01_wCont/Cls_scattered_01_wCont/OII_all_cross/Cl_79.npy,/path/to/Cls_scattered_01_wCont/Cls_scattered_01_wCont/OIII_all_cross/Cl_79.npy,/path/to/Cls_scattered_01_wCont/Cls_scattered_01_wCont/OII_all_cross/Cl_79_1.npy,/path/to/Cls_scattered_01_wCont/Cls_scattered_01_wCont/OIII_all_cross/Cl_79_1.npy,/path/to/Cls_scattered_01_wCont/Cls_scattered_01_wCont/Shift7_all_cross/Cl_79.npy,/path/to/Cls_scattered_01_wCont/Cls_scattered_01_wCont/Ha/Cl_79.npy,/path/to/Cls_scattered_01_wCont/Cls_scattered_01_wCont/OII/Cl_79.npy,/path/to/Cls_scattered_01_wCont/Cls_scattered_01_wCont/OIII/Cl_79.npy,/path/to/Cls_scattered_01_wCont/Cls_scattered_01_wCont/Cont/Cl_79.npy,1.0815785111859442,1.324275011382997
/path/to/Cls_scattered_01_wCont/Cls_scattered_01_wCont/Ha_OII_OIII_Cont/Cl_80.npy,/path/to/Cls_scattered_01_wCont/Cls_scattered_01_wCont/OII_all_cross/Cl_80.npy,/path/to/Cls_scattered_01_wCont/Cls_scattered_01_wCont/OIII_all_cross/Cl_80.npy,/path/to/Cls_scattered_01_wCont/Cls_scattered_01_wCont/OII_all_cross/Cl_80_1.npy,/path/to/Cls_scattered_01_wCont/Cls_scattered_01_wCont/OIII_all_cross/Cl_80_1.npy,/path/to/Cls_scattered_01_wCont/Cls_scattered_01_wCont/Shift7_all_cross/Cl_80.npy,/path/to/Cls_scattered_01_wCont/Cls_scattered_01_wCont/Ha/Cl_80.npy,/path/to/Cls_scattered_01_wCont/Cls_scattered_01_wCont/OII/Cl_80.npy,/path/to/Cls_scattered_01_wCont/Cls_scattered_01_wCont/OIII/Cl_80.npy,/path/to/Cls_scattered_01_wCont/Cls_scattered_01_wCont/Cont/Cl_80.npy,1.1195368099957705,0.7913675498217344
/path/to/Cls_scattered_01_wCont/Cls_scattered_01_wCont/Ha_OII_OIII_Cont/Cl_81.npy,/path/to/Cls_scattered_01_wCont/Cls_scattered_01_wCont/OII_all_cross/Cl_81.npy,/path/to/Cls_scattered_01_wCont/Cls_scattered_01_wCont/OIII_all_cross/Cl_81.npy,/path/to/Cls_scattered_01_wCont/Cls_scattered_01_wCont/OII_all_cross/Cl_81_1.npy,/path/to/Cls_scattered_01_wCont/Cls_scattered_01_wCont/OIII_all_cross/Cl_81_1.npy,/path/to/Cls_scattered_01_wCont/Cls_scattered_01_wCont/Shift7_all_cross/Cl_81.npy,/path/to/Cls_scattered_01_wCont/Cls_scattered_01_wCont/Ha/Cl_81.npy,/path/to/Cls_scattered_01_wCont/Cls_scattered_01_wCont/OII/Cl_81.npy,/path/to/Cls_scattered_01_wCont/Cls_scattered_01_wCont/OIII/Cl_81.npy,/path/to/Cls_scattered_01_wCont/Cls_scattered_01_wCont/Cont/Cl_81.npy,0.693113612383604,1.35390739813447
/path/to/Cls_scattered_01_wCont/Cls_scattered_01_wCont/Ha_OII_OIII_Cont/Cl_82.npy,/path/to/Cls_scattered_01_wCont/Cls_scattered_01_wCont/OII_all_cross/Cl_82.npy,/path/to/Cls_scattered_01_wCont/Cls_scattered_01_wCont/OIII_all_cross/Cl_82.npy,/path/to/Cls_scattered_01_wCont/Cls_scattered_01_wCont/OII_all_cross/Cl_82_1.npy,/path/to/Cls_scattered_01_wCont/Cls_scattered_01_wCont/OIII_all_cross/Cl_82_1.npy,/path/to/Cls_scattered_01_wCont/Cls_scattered_01_wCont/Shift7_all_cross/Cl_82.npy,/path/to/Cls_scattered_01_wCont/Cls_scattered_01_wCont/Ha/Cl_82.npy,/path/to/Cls_scattered_01_wCont/Cls_scattered_01_wCont/OII/Cl_82.npy,/path/to/Cls_scattered_01_wCont/Cls_scattered_01_wCont/OIII/Cl_82.npy,/path/to/Cls_scattered_01_wCont/Cls_scattered_01_wCont/Cont/Cl_82.npy,0.105860239174217,0.2889429754577577
/path/to/Cls_scattered_01_wCont/Cls_scattered_01_wCont/Ha_OII_OIII_Cont/Cl_83.npy,/path/to/Cls_scattered_01_wCont/Cls_scattered_01_wCont/OII_all_cross/Cl_83.npy,/path/to/Cls_scattered_01_wCont/Cls_scattered_01_wCont/OIII_all_cross/Cl_83.npy,/path/to/Cls_scattered_01_wCont/Cls_scattered_01_wCont/OII_all_cross/Cl_83_1.npy,/path/to/Cls_scattered_01_wCont/Cls_scattered_01_wCont/OIII_all_cross/Cl_83_1.npy,/path/to/Cls_scattered_01_wCont/Cls_scattered_01_wCont/Shift7_all_cross/Cl_83.npy,/path/to/Cls_scattered_01_wCont/Cls_scattered_01_wCont/Ha/Cl_83.npy,/path/to/Cls_scattered_01_wCont/Cls_scattered_01_wCont/OII/Cl_83.npy,/path/to/Cls_scattered_01_wCont/Cls_scattered_01_wCont/OIII/Cl_83.npy,/path/to/Cls_scattered_01_wCont/Cls_scattered_01_wCont/Cont/Cl_83.npy,1.573204109352082,1.85621985970065
/path/to/Cls_scattered_01_wCont/Cls_scattered_01_wCont/Ha_OII_OIII_Cont/Cl_84.npy,/path/to/Cls_scattered_01_wCont/Cls_scattered_01_wCont/OII_all_cross/Cl_84.npy,/path/to/Cls_scattered_01_wCont/Cls_scattered_01_wCont/OIII_all_cross/Cl_84.npy,/path/to/Cls_scattered_01_wCont/Cls_scattered_01_wCont/OII_all_cross/Cl_84_1.npy,/path/to/Cls_scattered_01_wCont/Cls_scattered_01_wCont/OIII_all_cross/Cl_84_1.npy,/path/to/Cls_scattered_01_wCont/Cls_scattered_01_wCont/Shift7_all_cross/Cl_84.npy,/path/to/Cls_scattered_01_wCont/Cls_scattered_01_wCont/Ha/Cl_84.npy,/path/to/Cls_scattered_01_wCont/Cls_scattered_01_wCont/OII/Cl_84.npy,/path/to/Cls_scattered_01_wCont/Cls_scattered_01_wCont/OIII/Cl_84.npy,/path/to/Cls_scattered_01_wCont/Cls_scattered_01_wCont/Cont/Cl_84.npy,1.8477666294202209,0.5090132929384709
/path/to/Cls_scattered_01_wCont/Cls_scattered_01_wCont/Ha_OII_OIII_Cont/Cl_85.npy,/path/to/Cls_scattered_01_wCont/Cls_scattered_01_wCont/OII_all_cross/Cl_85.npy,/path/to/Cls_scattered_01_wCont/Cls_scattered_01_wCont/OIII_all_cross/Cl_85.npy,/path/to/Cls_scattered_01_wCont/Cls_scattered_01_wCont/OII_all_cross/Cl_85_1.npy,/path/to/Cls_scattered_01_wCont/Cls_scattered_01_wCont/OIII_all_cross/Cl_85_1.npy,/path/to/Cls_scattered_01_wCont/Cls_scattered_01_wCont/Shift7_all_cross/Cl_85.npy,/path/to/Cls_scattered_01_wCont/Cls_scattered_01_wCont/Ha/Cl_85.npy,/path/to/Cls_scattered_01_wCont/Cls_scattered_01_wCont/OII/Cl_85.npy,/path/to/Cls_scattered_01_wCont/Cls_scattered_01_wCont/OIII/Cl_85.npy,/path/to/Cls_scattered_01_wCont/Cls_scattered_01_wCont/Cont/Cl_85.npy,0.43982975203543906,1.5458295237272979
/path/to/Cls_scattered_01_wCont/Cls_scattered_01_wCont/Ha_OII_OIII_Cont/Cl_86.npy,/path/to/Cls_scattered_01_wCont/Cls_scattered_01_wCont/OII_all_cross/Cl_86.npy,/path/to/Cls_scattered_01_wCont/Cls_scattered_01_wCont/OIII_all_cross/Cl_86.npy,/path/to/Cls_scattered_01_wCont/Cls_scattered_01_wCont/OII_all_cross/Cl_86_1.npy,/path/to/Cls_scattered_01_wCont/Cls_scattered_01_wCont/OIII_all_cross/Cl_86_1.npy,/path/to/Cls_scattered_01_wCont/Cls_scattered_01_wCont/Shift7_all_cross/Cl_86.npy,/path/to/Cls_scattered_01_wCont/Cls_scattered_01_wCont/Ha/Cl_86.npy,/path/to/Cls_scattered_01_wCont/Cls_scattered_01_wCont/OII/Cl_86.npy,/path/to/Cls_scattered_01_wCont/Cls_scattered_01_wCont/OIII/Cl_86.npy,/path/to/Cls_scattered_01_wCont/Cls_scattered_01_wCont/Cont/Cl_86.npy,0.8341189087368547,0.9556542175821959
/path/to/Cls_scattered_01_wCont/Cls_scattered_01_wCont/Ha_OII_OIII_Cont/Cl_87.npy,/path/to/Cls_scattered_01_wCont/Cls_scattered_01_wCont/OII_all_cross/Cl_87.npy,/path/to/Cls_scattered_01_wCont/Cls_scattered_01_wCont/OIII_all_cross/Cl_87.npy,/path/to/Cls_scattered_01_wCont/Cls_scattered_01_wCont/OII_all_cross/Cl_87_1.npy,/path/to/Cls_scattered_01_wCont/Cls_scattered_01_wCont/OIII_all_cross/Cl_87_1.npy,/path/to/Cls_scattered_01_wCont/Cls_scattered_01_wCont/Shift7_all_cross/Cl_87.npy,/path/to/Cls_scattered_01_wCont/Cls_scattered_01_wCont/Ha/Cl_87.npy,/path/to/Cls_scattered_01_wCont/Cls_scattered_01_wCont/OII/Cl_87.npy,/path/to/Cls_scattered_01_wCont/Cls_scattered_01_wCont/OIII/Cl_87.npy,/path/to/Cls_scattered_01_wCont/Cls_scattered_01_wCont/Cont/Cl_87.npy,1.3198905494995417,1.0990615374408663
/path/to/Cls_scattered_01_wCont/Cls_scattered_01_wCont/Ha_OII_OIII_Cont/Cl_88.npy,/path/to/Cls_scattered_01_wCont/Cls_scattered_01_wCont/OII_all_cross/Cl_88.npy,/path/to/Cls_scattered_01_wCont/Cls_scattered_01_wCont/OIII_all_cross/Cl_88.npy,/path/to/Cls_scattered_01_wCont/Cls_scattered_01_wCont/OII_all_cross/Cl_88_1.npy,/path/to/Cls_scattered_01_wCont/Cls_scattered_01_wCont/OIII_all_cross/Cl_88_1.npy,/path/to/Cls_scattered_01_wCont/Cls_scattered_01_wCont/Shift7_all_cross/Cl_88.npy,/path/to/Cls_scattered_01_wCont/Cls_scattered_01_wCont/Ha/Cl_88.npy,/path/to/Cls_scattered_01_wCont/Cls_scattered_01_wCont/OII/Cl_88.npy,/path/to/Cls_scattered_01_wCont/Cls_scattered_01_wCont/OIII/Cl_88.npy,/path/to/Cls_scattered_01_wCont/Cls_scattered_01_wCont/Cont/Cl_88.npy,1.4397796291857958,0.1311934740282595
/path/to/Cls_scattered_01_wCont/Cls_scattered_01_wCont/Ha_OII_OIII_Cont/Cl_89.npy,/path/to/Cls_scattered_01_wCont/Cls_scattered_01_wCont/OII_all_cross/Cl_89.npy,/path/to/Cls_scattered_01_wCont/Cls_scattered_01_wCont/OIII_all_cross/Cl_89.npy,/path/to/Cls_scattered_01_wCont/Cls_scattered_01_wCont/OII_all_cross/Cl_89_1.npy,/path/to/Cls_scattered_01_wCont/Cls_scattered_01_wCont/OIII_all_cross/Cl_89_1.npy,/path/to/Cls_scattered_01_wCont/Cls_scattered_01_wCont/Shift7_all_cross/Cl_89.npy,/path/to/Cls_scattered_01_wCont/Cls_scattered_01_wCont/Ha/Cl_89.npy,/path/to/Cls_scattered_01_wCont/Cls_scattered_01_wCont/OII/Cl_89.npy,/path/to/Cls_scattered_01_wCont/Cls_scattered_01_wCont/OIII/Cl_89.npy,/path/to/Cls_scattered_01_wCont/Cls_scattered_01_wCont/Cont/Cl_89.npy,0.9474866114556789,1.8953534548170865
/path/to/Cls_scattered_01_wCont/Cls_scattered_01_wCont/Ha_OII_OIII_Cont/Cl_90.npy,/path/to/Cls_scattered_01_wCont/Cls_scattered_01_wCont/OII_all_cross/Cl_90.npy,/path/to/Cls_scattered_01_wCont/Cls_scattered_01_wCont/OIII_all_cross/Cl_90.npy,/path/to/Cls_scattered_01_wCont/Cls_scattered_01_wCont/OII_all_cross/Cl_90_1.npy,/path/to/Cls_scattered_01_wCont/Cls_scattered_01_wCont/OIII_all_cross/Cl_90_1.npy,/path/to/Cls_scattered_01_wCont/Cls_scattered_01_wCont/Shift7_all_cross/Cl_90.npy,/path/to/Cls_scattered_01_wCont/Cls_scattered_01_wCont/Ha/Cl_90.npy,/path/to/Cls_scattered_01_wCont/Cls_scattered_01_wCont/OII/Cl_90.npy,/path/to/Cls_scattered_01_wCont/Cls_scattered_01_wCont/OIII/Cl_90.npy,/path/to/Cls_scattered_01_wCont/Cls_scattered_01_wCont/Cont/Cl_90.npy,0.5532024412415921,0.5778343951329589
/path/to/Cls_scattered_01_wCont/Cls_scattered_01_wCont/Ha_OII_OIII_Cont/Cl_91.npy,/path/to/Cls_scattered_01_wCont/Cls_scattered_01_wCont/OII_all_cross/Cl_91.npy,/path/to/Cls_scattered_01_wCont/Cls_scattered_01_wCont/OIII_all_cross/Cl_91.npy,/path/to/Cls_scattered_01_wCont/Cls_scattered_01_wCont/OII_all_cross/Cl_91_1.npy,/path/to/Cls_scattered_01_wCont/Cls_scattered_01_wCont/OIII_all_cross/Cl_91_1.npy,/path/to/Cls_scattered_01_wCont/Cls_scattered_01_wCont/Shift7_all_cross/Cl_91.npy,/path/to/Cls_scattered_01_wCont/Cls_scattered_01_wCont/Ha/Cl_91.npy,/path/to/Cls_scattered_01_wCont/Cls_scattered_01_wCont/OII/Cl_91.npy,/path/to/Cls_scattered_01_wCont/Cls_scattered_01_wCont/OIII/Cl_91.npy,/path/to/Cls_scattered_01_wCont/Cls_scattered_01_wCont/Cont/Cl_91.npy,1.9676643195562065,1.4485854649916292
/path/to/Cls_scattered_01_wCont/Cls_scattered_01_wCont/Ha_OII_OIII_Cont/Cl_92.npy,/path/to/Cls_scattered_01_wCont/Cls_scattered_01_wCont/OII_all_cross/Cl_92.npy,/path/to/Cls_scattered_01_wCont/Cls_scattered_01_wCont/OIII_all_cross/Cl_92.npy,/path/to/Cls_scattered_01_wCont/Cls_scattered_01_wCont/OII_all_cross/Cl_92_1.npy,/path/to/Cls_scattered_01_wCont/Cls_scattered_01_wCont/OIII_all_cross/Cl_92_1.npy,/path/to/Cls_scattered_01_wCont/Cls_scattered_01_wCont/Shift7_all_cross/Cl_92.npy,/path/to/Cls_scattered_01_wCont/Cls_scattered_01_wCont/Ha/Cl_92.npy,/path/to/Cls_scattered_01_wCont/Cls_scattered_01_wCont/OII/Cl_92.npy,/path/to/Cls_scattered_01_wCont/Cls_scattered_01_wCont/OIII/Cl_92.npy,/path/to/Cls_scattered_01_wCont/Cls_scattered_01_wCont/Cont/Cl_92.npy,1.6931253021582962,0.9168436293490231
/path/to/Cls_scattered_01_wCont/Cls_scattered_01_wCont/Ha_OII_OIII_Cont/Cl_93.npy,/path/to/Cls_scattered_01_wCont/Cls_scattered_01_wCont/OII_all_cross/Cl_93.npy,/path/to/Cls_scattered_01_wCont/Cls_scattered_01_wCont/OIII_all_cross/Cl_93.npy,/path/to/Cls_scattered_01_wCont/Cls_scattered_01_wCont/OII_all_cross/Cl_93_1.npy,/path/to/Cls_scattered_01_wCont/Cls_scattered_01_wCont/OIII_all_cross/Cl_93_1.npy,/path/to/Cls_scattered_01_wCont/Cls_scattered_01_wCont/Shift7_all_cross/Cl_93.npy,/path/to/Cls_scattered_01_wCont/Cls_scattered_01_wCont/Ha/Cl_93.npy,/path/to/Cls_scattered_01_wCont/Cls_scattered_01_wCont/OII/Cl_93.npy,/path/to/Cls_scattered_01_wCont/Cls_scattered_01_wCont/OIII/Cl_93.npy,/path/to/Cls_scattered_01_wCont/Cls_scattered_01_wCont/Cont/Cl_93.npy,0.21931815166026353,1.2567272276617587
/path/to/Cls_scattered_01_wCont/Cls_scattered_01_wCont/Ha_OII_OIII_Cont/Cl_94.npy,/path/to/Cls_scattered_01_wCont/Cls_scattered_01_wCont/OII_all_cross/Cl_94.npy,/path/to/Cls_scattered_01_wCont/Cls_scattered_01_wCont/OIII_all_cross/Cl_94.npy,/path/to/Cls_scattered_01_wCont/Cls_scattered_01_wCont/OII_all_cross/Cl_94_1.npy,/path/to/Cls_scattered_01_wCont/Cls_scattered_01_wCont/OIII_all_cross/Cl_94_1.npy,/path/to/Cls_scattered_01_wCont/Cls_scattered_01_wCont/Shift7_all_cross/Cl_94.npy,/path/to/Cls_scattered_01_wCont/Cls_scattered_01_wCont/Ha/Cl_94.npy,/path/to/Cls_scattered_01_wCont/Cls_scattered_01_wCont/OII/Cl_94.npy,/path/to/Cls_scattered_01_wCont/Cls_scattered_01_wCont/OIII/Cl_94.npy,/path/to/Cls_scattered_01_wCont/Cls_scattered_01_wCont/Cont/Cl_94.npy,0.8065774173475802,0.41441905144602065
/path/to/Cls_scattered_01_wCont/Cls_scattered_01_wCont/Ha_OII_OIII_Cont/Cl_95.npy,/path/to/Cls_scattered_01_wCont/Cls_scattered_01_wCont/OII_all_cross/Cl_95.npy,/path/to/Cls_scattered_01_wCont/Cls_scattered_01_wCont/OIII_all_cross/Cl_95.npy,/path/to/Cls_scattered_01_wCont/Cls_scattered_01_wCont/OII_all_cross/Cl_95_1.npy,/path/to/Cls_scattered_01_wCont/Cls_scattered_01_wCont/OIII_all_cross/Cl_95_1.npy,/path/to/Cls_scattered_01_wCont/Cls_scattered_01_wCont/Shift7_all_cross/Cl_95.npy,/path/to/Cls_scattered_01_wCont/Cls_scattered_01_wCont/Ha/Cl_95.npy,/path/to/Cls_scattered_01_wCont/Cls_scattered_01_wCont/OII/Cl_95.npy,/path/to/Cls_scattered_01_wCont/Cls_scattered_01_wCont/OIII/Cl_95.npy,/path/to/Cls_scattered_01_wCont/Cls_scattered_01_wCont/Cont/Cl_95.npy,1.2394675192423166,1.7590396856889128
/path/to/Cls_scattered_01_wCont/Cls_scattered_01_wCont/Ha_OII_OIII_Cont/Cl_96.npy,/path/to/Cls_scattered_01_wCont/Cls_scattered_01_wCont/OII_all_cross/Cl_96.npy,/path/to/Cls_scattered_01_wCont/Cls_scattered_01_wCont/OIII_all_cross/Cl_96.npy,/path/to/Cls_scattered_01_wCont/Cls_scattered_01_wCont/OII_all_cross/Cl_96_1.npy,/path/to/Cls_scattered_01_wCont/Cls_scattered_01_wCont/OIII_all_cross/Cl_96_1.npy,/path/to/Cls_scattered_01_wCont/Cls_scattered_01_wCont/Shift7_all_cross/Cl_96.npy,/path/to/Cls_scattered_01_wCont/Cls_scattered_01_wCont/Ha/Cl_96.npy,/path/to/Cls_scattered_01_wCont/Cls_scattered_01_wCont/OII/Cl_96.npy,/path/to/Cls_scattered_01_wCont/Cls_scattered_01_wCont/OIII/Cl_96.npy,/path/to/Cls_scattered_01_wCont/Cls_scattered_01_wCont/Cont/Cl_96.npy,1.280514263920486,0.8695498335175216
/path/to/Cls_scattered_01_wCont/Cls_scattered_01_wCont/Ha_OII_OIII_Cont/Cl_97.npy,/path/to/Cls_scattered_01_wCont/Cls_scattered_01_wCont/OII_all_cross/Cl_97.npy,/path/to/Cls_scattered_01_wCont/Cls_scattered_01_wCont/OIII_all_cross/Cl_97.npy,/path/to/Cls_scattered_01_wCont/Cls_scattered_01_wCont/OII_all_cross/Cl_97_1.npy,/path/to/Cls_scattered_01_wCont/Cls_scattered_01_wCont/OIII_all_cross/Cl_97_1.npy,/path/to/Cls_scattered_01_wCont/Cls_scattered_01_wCont/Shift7_all_cross/Cl_97.npy,/path/to/Cls_scattered_01_wCont/Cls_scattered_01_wCont/Ha/Cl_97.npy,/path/to/Cls_scattered_01_wCont/Cls_scattered_01_wCont/OII/Cl_97.npy,/path/to/Cls_scattered_01_wCont/Cls_scattered_01_wCont/OIII/Cl_97.npy,/path/to/Cls_scattered_01_wCont/Cls_scattered_01_wCont/Cont/Cl_97.npy,0.7659835511818528,1.1871391690336168
/path/to/Cls_scattered_01_wCont/Cls_scattered_01_wCont/Ha_OII_OIII_Cont/Cl_98.npy,/path/to/Cls_scattered_01_wCont/Cls_scattered_01_wCont/OII_all_cross/Cl_98.npy,/path/to/Cls_scattered_01_wCont/Cls_scattered_01_wCont/OIII_all_cross/Cl_98.npy,/path/to/Cls_scattered_01_wCont/Cls_scattered_01_wCont/OII_all_cross/Cl_98_1.npy,/path/to/Cls_scattered_01_wCont/Cls_scattered_01_wCont/OIII_all_cross/Cl_98_1.npy,/path/to/Cls_scattered_01_wCont/Cls_scattered_01_wCont/Shift7_all_cross/Cl_98.npy,/path/to/Cls_scattered_01_wCont/Cls_scattered_01_wCont/Ha/Cl_98.npy,/path/to/Cls_scattered_01_wCont/Cls_scattered_01_wCont/OII/Cl_98.npy,/path/to/Cls_scattered_01_wCont/Cls_scattered_01_wCont/OIII/Cl_98.npy,/path/to/Cls_scattered_01_wCont/Cls_scattered_01_wCont/Cont/Cl_98.npy,0.2677940228022635,0.36712876632809643
/path/to/Cls_scattered_01_wCont/Cls_scattered_01_wCont/Ha_OII_OIII_Cont/Cl_99.npy,/path/to/Cls_scattered_01_wCont/Cls_scattered_01_wCont/OII_all_cross/Cl_99.npy,/path/to/Cls_scattered_01_wCont/Cls_scattered_01_wCont/OIII_all_cross/Cl_99.npy,/path/to/Cls_scattered_01_wCont/Cls_scattered_01_wCont/OII_all_cross/Cl_99_1.npy,/path/to/Cls_scattered_01_wCont/Cls_scattered_01_wCont/OIII_all_cross/Cl_99_1.npy,/path/to/Cls_scattered_01_wCont/Cls_scattered_01_wCont/Shift7_all_cross/Cl_99.npy,/path/to/Cls_scattered_01_wCont/Cls_scattered_01_wCont/Ha/Cl_99.npy,/path/to/Cls_scattered_01_wCont/Cls_scattered_01_wCont/OII/Cl_99.npy,/path/to/Cls_scattered_01_wCont/Cls_scattered_01_wCont/OIII/Cl_99.npy,/path/to/Cls_scattered_01_wCont/Cls_scattered_01_wCont/Cont/Cl_99.npy,1.6451168124563993,1.6894553642719985
/path/to/Cls_scattered_01_wCont/Cls_scattered_01_wCont/Ha_OII_OIII_Cont/Cl_100.npy,/path/to/Cls_scattered_01_wCont/Cls_scattered_01_wCont/OII_all_cross/Cl_100.npy,/path/to/Cls_scattered_01_wCont/Cls_scattered_01_wCont/OIII_all_cross/Cl_100.npy,/path/to/Cls_scattered_01_wCont/Cls_scattered_01_wCont/OII_all_cross/Cl_100_1.npy,/path/to/Cls_scattered_01_wCont/Cls_scattered_01_wCont/OIII_all_cross/Cl_100_1.npy,/path/to/Cls_scattered_01_wCont/Cls_scattered_01_wCont/Shift7_all_cross/Cl_100.npy,/path/to/Cls_scattered_01_wCont/Cls_scattered_01_wCont/Ha/Cl_100.npy,/path/to/Cls_scattered_01_wCont/Cls_scattered_01_wCont/OII/Cl_100.npy,/path/to/Cls_scattered_01_wCont/Cls_scattered_01_wCont/OIII/Cl_100.npy,/path/to/Cls_scattered_01_wCont/Cls_scattered_01_wCont/Cont/Cl_100.npy,1.9790273156017064,0.20075107580050827
/path/to/Cls_scattered_01_wCont/Cls_scattered_01_wCont/Ha_OII_OIII_Cont/Cl_101.npy,/path/to/Cls_scattered_01_wCont/Cls_scattered_01_wCont/OII_all_cross/Cl_101.npy,/path/to/Cls_scattered_01_wCont/Cls_scattered_01_wCont/OIII_all_cross/Cl_101.npy,/path/to/Cls_scattered_01_wCont/Cls_scattered_01_wCont/OII_all_cross/Cl_101_1.npy,/path/to/Cls_scattered_01_wCont/Cls_scattered_01_wCont/OIII_all_cross/Cl_101_1.npy,/path/to/Cls_scattered_01_wCont/Cls_scattered_01_wCont/Shift7_all_cross/Cl_101.npy,/path/to/Cls_scattered_01_wCont/Cls_scattered_01_wCont/Ha/Cl_101.npy,/path/to/Cls_scattered_01_wCont/Cls_scattered_01_wCont/OII/Cl_101.npy,/path/to/Cls_scattered_01_wCont/Cls_scattered_01_wCont/OIII/Cl_101.npy,/path/to/Cls_scattered_01_wCont/Cls_scattered_01_wCont/Cont/Cl_101.npy,0.542299798130989,1.9426740693859756
/path/to/Cls_scattered_01_wCont/Cls_scattered_01_wCont/Ha_OII_OIII_Cont/Cl_102.npy,/path/to/Cls_scattered_01_wCont/Cls_scattered_01_wCont/OII_all_cross/Cl_102.npy,/path/to/Cls_scattered_01_wCont/Cls_scattered_01_wCont/OIII_all_cross/Cl_102.npy,/path/to/Cls_scattered_01_wCont/Cls_scattered_01_wCont/OII_all_cross/Cl_102_1.npy,/path/to/Cls_scattered_01_wCont/Cls_scattered_01_wCont/OIII_all_cross/Cl_102_1.npy,/path/to/Cls_scattered_01_wCont/Cls_scattered_01_wCont/Shift7_all_cross/Cl_102.npy,/path/to/Cls_scattered_01_wCont/Cls_scattered_01_wCont/Ha/Cl_102.npy,/path/to/Cls_scattered_01_wCont/Cls_scattered_01_wCont/OII/Cl_102.npy,/path/to/Cls_scattered_01_wCont/Cls_scattered_01_wCont/OIII/Cl_102.npy,/path/to/Cls_scattered_01_wCont/Cls_scattered_01_wCont/Cont/Cl_102.npy,0.9662787339650094,0.647395734116435
/path/to/Cls_scattered_01_wCont/Cls_scattered_01_wCont/Ha_OII_OIII_Cont/Cl_103.npy,/path/to/Cls_scattered_01_wCont/Cls_scattered_01_wCont/OII_all_cross/Cl_103.npy,/path/to/Cls_scattered_01_wCont/Cls_scattered_01_wCont/OIII_all_cross/Cl_103.npy,/path/to/Cls_scattered_01_wCont/Cls_scattered_01_wCont/OII_all_cross/Cl_103_1.npy,/path/to/Cls_scattered_01_wCont/Cls_scattered_01_wCont/OIII_all_cross/Cl_103_1.npy,/path/to/Cls_scattered_01_wCont/Cls_scattered_01_wCont/Shift7_all_cross/Cl_103.npy,/path/to/Cls_scattered_01_wCont/Cls_scattered_01_wCont/Ha/Cl_103.npy,/path/to/Cls_scattered_01_wCont/Cls_scattered_01_wCont/OII/Cl_103.npy,/path/to/Cls_scattered_01_wCont/Cls_scattered_01_wCont/OIII/Cl_103.npy,/path/to/Cls_scattered_01_wCont/Cls_scattered_01_wCont/Cont/Cl_103.npy,1.4214623625390232,1.4959095902740955
/path/to/Cls_scattered_01_wCont/Cls_scattered_01_wCont/Ha_OII_OIII_Cont/Cl_104.npy,/path/to/Cls_scattered_01_wCont/Cls_scattered_01_wCont/OII_all_cross/Cl_104.npy,/path/to/Cls_scattered_01_wCont/Cls_scattered_01_wCont/OIII_all_cross/Cl_104.npy,/path/to/Cls_scattered_01_wCont/Cls_scattered_01_wCont/OII_all_cross/Cl_104_1.npy,/path/to/Cls_scattered_01_wCont/Cls_scattered_01_wCont/OIII_all_cross/Cl_104_1.npy,/path/to/Cls_scattered_01_wCont/Cls_scattered_01_wCont/Shift7_all_cross/Cl_104.npy,/path/to/Cls_scattered_01_wCont/Cls_scattered_01_wCont/Ha/Cl_104.npy,/path/to/Cls_scattered_01_wCont/Cls_scattered_01_wCont/OII/Cl_104.npy,/path/to/Cls_scattered_01_wCont/Cls_scattered_01_wCont/OIII/Cl_104.npy,/path/to/Cls_scattered_01_wCont/Cls_scattered_01_wCont/Cont/Cl_104.npy,1.3085204152390362,0.5655826205387712
/path/to/Cls_scattered_01_wCont/Cls_scattered_01_wCont/Ha_OII_OIII_Cont/Cl_105.npy,/path/to/Cls_scattered_01_wCont/Cls_scattered_01_wCont/OII_all_cross/Cl_105.npy,/path/to/Cls_scattered_01_wCont/Cls_scattered_01_wCont/OIII_all_cross/Cl_105.npy,/path/to/Cls_scattered_01_wCont/Cls_scattered_01_wCont/OII_all_cross/Cl_105_1.npy,/path/to/Cls_scattered_01_wCont/Cls_scattered_01_wCont/OIII_all_cross/Cl_105_1.npy,/path/to/Cls_scattered_01_wCont/Cls_scattered_01_wCont/Shift7_all_cross/Cl_105.npy,/path/to/Cls_scattered_01_wCont/Cls_scattered_01_wCont/Ha/Cl_105.npy,/path/to/Cls_scattered_01_wCont/Cls_scattered_01_wCont/OII/Cl_105.npy,/path/to/Cls_scattered_01_wCont/Cls_scattered_01_wCont/OIII/Cl_105.npy,/path/to/Cls_scattered_01_wCont/Cls_scattered_01_wCont/Cont/Cl_105.npy,0.8450144136324524,1.6098493641242384
/path/to/Cls_scattered_01_wCont/Cls_scattered_01_wCont/Ha_OII_OIII_Cont/Cl_106.npy,/path/to/Cls_scattered_01_wCont/Cls_scattered_01_wCont/OII_all_cross/Cl_106.npy,/path/to/Cls_scattered_01_wCont/Cls_scattered_01_wCont/OIII_all_cross/Cl_106.npy,/path/to/Cls_scattered_01_wCont/Cls_scattered_01_wCont/OII_all_cross/Cl_106_1.npy,/path/to/Cls_scattered_01_wCont/Cls_scattered_01_wCont/OIII_all_cross/Cl_106_1.npy,/path/to/Cls_scattered_01_wCont/Cls_scattered_01_wCont/Shift7_all_cross/Cl_106.npy,/path/to/Cls_scattered_01_wCont/Cls_scattered_01_wCont/Ha/Cl_106.npy,/path/to/Cls_scattered_01_wCont/Cls_scattered_01_wCont/OII/Cl_106.npy,/path/to/Cls_scattered_01_wCont/Cls_scattered_01_wCont/OIII/Cl_106.npy,/path/to/Cls_scattered_01_wCont/Cls_scattered_01_wCont/Cont/Cl_106.npy,0.42104499423876407,1.0122272823937237
/path/to/Cls_scattered_01_wCont/Cls_scattered_01_wCont/Ha_OII_OIII_Cont/Cl_107.npy,/path/to/Cls_scattered_01_wCont/Cls_scattered_01_wCont/OII_all_cross/Cl_107.npy,/path/to/Cls_scattered_01_wCont/Cls_scattered_01_wCont/OIII_all_cross/Cl_107.npy,/path/to/Cls_scattered_01_wCont/Cls_scattered_01_wCont/OII_all_cross/Cl_107_1.npy,/path/to/Cls_scattered_01_wCont/Cls_scattered_01_wCont/OIII_all_cross/Cl_107_1.npy,/path/to/Cls_scattered_01_wCont/Cls_scattered_01_wCont/Shift7_all_cross/Cl_107.npy,/path/to/Cls_scattered_01_wCont/Cls_scattered_01_wCont/Ha/Cl_107.npy,/path/to/Cls_scattered_01_wCont/Cls_scattered_01_wCont/OII/Cl_107.npy,/path/to/Cls_scattered_01_wCont/Cls_scattered_01_wCont/OIII/Cl_107.npy,/path/to/Cls_scattered_01_wCont/Cls_scattered_01_wCont/Cont/Cl_107.npy,1.866091260779649,1.1630848885513843
/path/to/Cls_scattered_01_wCont/Cls_scattered_01_wCont/Ha_OII_OIII_Cont/Cl_108.npy,/path/to/Cls_scattered_01_wCont/Cls_scattered_01_wCont/OII_all_cross/Cl_108.npy,/path/to/Cls_scattered_01_wCont/Cls_scattered_01_wCont/OIII_all_cross/Cl_108.npy,/path/to/Cls_scattered_01_wCont/Cls_scattered_01_wCont/OII_all_cross/Cl_108_1.npy,/path/to/Cls_scattered_01_wCont/Cls_scattered_01_wCont/OIII_all_cross/Cl_108_1.npy,/path/to/Cls_scattered_01_wCont/Cls_scattered_01_wCont/Shift7_all_cross/Cl_108.npy,/path/to/Cls_scattered_01_wCont/Cls_scattered_01_wCont/Ha/Cl_108.npy,/path/to/Cls_scattered_01_wCont/Cls_scattered_01_wCont/OII/Cl_108.npy,/path/to/Cls_scattered_01_wCont/Cls_scattered_01_wCont/OIII/Cl_108.npy,/path/to/Cls_scattered_01_wCont/Cls_scattered_01_wCont/Cont/Cl_108.npy,1.532149999961257,0.7273745423182845
/path/to/Cls_scattered_01_wCont/Cls_scattered_01_wCont/Ha_OII_OIII_Cont/Cl_109.npy,/path/to/Cls_scattered_01_wCont/Cls_scattered_01_wCont/OII_all_cross/Cl_109.npy,/path/to/Cls_scattered_01_wCont/Cls_scattered_01_wCont/OIII_all_cross/Cl_109.npy,/path/to/Cls_scattered_01_wCont/Cls_scattered_01_wCont/OII_all_cross/Cl_109_1.npy,/path/to/Cls_scattered_01_wCont/Cls_scattered_01_wCont/OIII_all_cross/Cl_109_1.npy,/path/to/Cls_scattered_01_wCont/Cls_scattered_01_wCont/Shift7_all_cross/Cl_109.npy,/path/to/Cls_scattered_01_wCont/Cls_scattered_01_wCont/Ha/Cl_109.npy,/path/to/Cls_scattered_01_wCont/Cls_scattered_01_wCont/OII/Cl_109.npy,/path/to/Cls_scattered_01_wCont/Cls_scattered_01_wCont/OIII/Cl_109.npy,/path/to/Cls_scattered_01_wCont/Cls_scattered_01_wCont/Cont/Cl_109.npy,0.14644674062728882,1.2973076278343798
/path/to/Cls_scattered_01_wCont/Cls_scattered_01_wCont/Ha_OII_OIII_Cont/Cl_110.npy,/path/to/Cls_scattered_01_wCont/Cls_scattered_01_wCont/OII_all_cross/Cl_110.npy,/path/to/Cls_scattered_01_wCont/Cls_scattered_01_wCont/OIII_all_cross/Cl_110.npy,/path/to/Cls_scattered_01_wCont/Cls_scattered_01_wCont/OII_all_cross/Cl_110_1.npy,/path/to/Cls_scattered_01_wCont/Cls_scattered_01_wCont/OIII_all_cross/Cl_110_1.npy,/path/to/Cls_scattered_01_wCont/Cls_scattered_01_wCont/Shift7_all_cross/Cl_110.npy,/path/to/Cls_scattered_01_wCont/Cls_scattered_01_wCont/Ha/Cl_110.npy,/path/to/Cls_scattered_01_wCont/Cls_scattered_01_wCont/OII/Cl_110.npy,/path/to/Cls_scattered_01_wCont/Cls_scattered_01_wCont/OIII/Cl_110.npy,/path/to/Cls_scattered_01_wCont/Cls_scattered_01_wCont/Cont/Cl_110.npy,0.6446448794566094,0.22495347866788507
/path/to/Cls_scattered_01_wCont/Cls_scattered_01_wCont/Ha_OII_OIII_Cont/Cl_111.npy,/path/to/Cls_scattered_01_wCont/Cls_scattered_01_wCont/OII_all_cross/Cl_111.npy,/path/to/Cls_scattered_01_wCont/Cls_scattered_01_wCont/OIII_all_cross/Cl_111.npy,/path/to/Cls_scattered_01_wCont/Cls_scattered_01_wCont/OII_all_cross/Cl_111_1.npy,/path/to/Cls_scattered_01_wCont/Cls_scattered_01_wCont/OIII_all_cross/Cl_111_1.npy,/path/to/Cls_scattered_01_wCont/Cls_scattered_01_wCont/Shift7_all_cross/Cl_111.npy,/path/to/Cls_scattered_01_wCont/Cls_scattered_01_wCont/Ha/Cl_111.npy,/path/to/Cls_scattered_01_wCont/Cls_scattered_01_wCont/OII/Cl_111.npy,/path/to/Cls_scattered_01_wCont/Cls_scattered_01_wCont/OIII/Cl_111.npy,/path/to/Cls_scattered_01_wCont/Cls_scattered_01_wCont/Cont/Cl_111.npy,1.1675524379126727,1.799623826611787
/path/to/Cls_scattered_01_wCont/Cls_scattered_01_wCont/Ha_OII_OIII_Cont/Cl_112.npy,/path/to/Cls_scattered_01_wCont/Cls_scattered_01_wCont/OII_all_cross/Cl_112.npy,/path/to/Cls_scattered_01_wCont/Cls_scattered_01_wCont/OIII_all_cross/Cl_112.npy,/path/to/Cls_scattered_01_wCont/Cls_scattered_01_wCont/OII_all_cross/Cl_112_1.npy,/path/to/Cls_scattered_01_wCont/Cls_scattered_01_wCont/OIII_all_cross/Cl_112_1.npy,/path/to/Cls_scattered_01_wCont/Cls_scattered_01_wCont/Shift7_all_cross/Cl_112.npy,/path/to/Cls_scattered_01_wCont/Cls_scattered_01_wCont/Ha/Cl_112.npy,/path/to/Cls_scattered_01_wCont/Cls_scattered_01_wCont/OII/Cl_112.npy,/path/to/Cls_scattered_01_wCont/Cls_scattered_01_wCont/OIII/Cl_112.npy,/path/to/Cls_scattered_01_wCont/Cls_scattered_01_wCont/Cont/Cl_112.npy,1.0706721344031394,0.31393314776942133
/path/to/Cls_scattered_01_wCont/Cls_scattered_01_wCont/Ha_OII_OIII_Cont/Cl_113.npy,/path/to/Cls_scattered_01_wCont/Cls_scattered_01_wCont/OII_all_cross/Cl_113.npy,/path/to/Cls_scattered_01_wCont/Cls_scattered_01_wCont/OIII_all_cross/Cl_113.npy,/path/to/Cls_scattered_01_wCont/Cls_scattered_01_wCont/OII_all_cross/Cl_113_1.npy,/path/to/Cls_scattered_01_wCont/Cls_scattered_01_wCont/OIII_all_cross/Cl_113_1.npy,/path/to/Cls_scattered_01_wCont/Cls_scattered_01_wCont/Shift7_all_cross/Cl_113.npy,/path/to/Cls_scattered_01_wCont/Cls_scattered_01_wCont/Ha/Cl_113.npy,/path/to/Cls_scattered_01_wCont/Cls_scattered_01_wCont/OII/Cl_113.npy,/path/to/Cls_scattered_01_wCont/Cls_scattered_01_wCont/OIII/Cl_113.npy,/path/to/Cls_scattered_01_wCont/Cls_scattered_01_wCont/Cont/Cl_113.npy,0.6083264236338436,1.8294881469570101
/path/to/Cls_scattered_01_wCont/Cls_scattered_01_wCont/Ha_OII_OIII_Cont/Cl_114.npy,/path/to/Cls_scattered_01_wCont/Cls_scattered_01_wCont/OII_all_cross/Cl_114.npy,/path/to/Cls_scattered_01_wCont/Cls_scattered_01_wCont/OIII_all_cross/Cl_114.npy,/path/to/Cls_scattered_01_wCont/Cls_scattered_01_wCont/OII_all_cross/Cl_114_1.npy,/path/to/Cls_scattered_01_wCont/Cls_scattered_01_wCont/OIII_all_cross/Cl_114_1.npy,/path/to/Cls_scattered_01_wCont/Cls_scattered_01_wCont/Shift7_all_cross/Cl_114.npy,/path/to/Cls_scattered_01_wCont/Cls_scattered_01_wCont/Ha/Cl_114.npy,/path/to/Cls_scattered_01_wCont/Cls_scattered_01_wCont/OII/Cl_114.npy,/path/to/Cls_scattered_01_wCont/Cls_scattered_01_wCont/OIII/Cl_114.npy,/path/to/Cls_scattered_01_wCont/Cls_scattered_01_wCont/Cont/Cl_114.npy,0.18435612302273513,0.7568698979914188
/path/to/Cls_scattered_01_wCont/Cls_scattered_01_wCont/Ha_OII_OIII_Cont/Cl_115.npy,/path/to/Cls_scattered_01_wCont/Cls_scattered_01_wCont/OII_all_cross/Cl_115.npy,/path/to/Cls_scattered_01_wCont/Cls_scattered_01_wCont/OIII_all_cross/Cl_115.npy,/path/to/Cls_scattered_01_wCont/Cls_scattered_01_wCont/OII_all_cross/Cl_115_1.npy,/path/to/Cls_scattered_01_wCont/Cls_scattered_01_wCont/OIII_all_cross/Cl_115_1.npy,/path/to/Cls_scattered_01_wCont/Cls_scattered_01_wCont/Shift7_all_cross/Cl_115.npy,/path/to/Cls_scattered_01_wCont/Cls_scattered_01_wCont/Ha/Cl_115.npy,/path/to/Cls_scattered_01_wCont/Cls_scattered_01_wCont/OII/Cl_115.npy,/path/to/Cls_scattered_01_wCont/Cls_scattered_01_wCont/OIII/Cl_115.npy,/path/to/Cls_scattered_01_wCont/Cls_scattered_01_wCont/Cont/Cl_115.npy,1.6282439107075333,1.3864392768591642
/path/to/Cls_scattered_01_wCont/Cls_scattered_01_wCont/Ha_OII_OIII_Cont/Cl_116.npy,/path/to/Cls_scattered_01_wCont/Cls_scattered_01_wCont/OII_all_cross/Cl_116.npy,/path/to/Cls_scattered_01_wCont/Cls_scattered_01_wCont/OIII_all_cross/Cl_116.npy,/path/to/Cls_scattered_01_wCont/Cls_scattered_01_wCont/OII_all_cross/Cl_116_1.npy,/path/to/Cls_scattered_01_wCont/Cls_scattered_01_wCont/OIII_all_cross/Cl_116_1.npy,/path/to/Cls_scattered_01_wCont/Cls_scattered_01_wCont/Shift7_all_cross/Cl_116.npy,/path/to/Cls_scattered_01_wCont/Cls_scattered_01_wCont/Ha/Cl_116.npy,/path/to/Cls_scattered_01_wCont/Cls_scattered_01_wCont/OII/Cl_116.npy,/path/to/Cls_scattered_01_wCont/Cls_scattered_01_wCont/OIII/Cl_116.npy,/path/to/Cls_scattered_01_wCont/Cls_scattered_01_wCont/Cont/Cl_116.npy,1.7693015775643288,0.9827385730110109
/path/to/Cls_scattered_01_wCont/Cls_scattered_01_wCont/Ha_OII_OIII_Cont/Cl_117.npy,/path/to/Cls_scattered_01_wCont/Cls_scattered_01_wCont/OII_all_cross/Cl_117.npy,/path/to/Cls_scattered_01_wCont/Cls_scattered_01_wCont/OIII_all_cross/Cl_117.npy,/path/to/Cls_scattered_01_wCont/Cls_scattered_01_wCont/OII_all_cross/Cl_117_1.npy,/path/to/Cls_scattered_01_wCont/Cls_scattered_01_wCont/OIII_all_cross/Cl_117_1.npy,/path/to/Cls_scattered_01_wCont/Cls_scattered_01_wCont/Shift7_all_cross/Cl_117.npy,/path/to/Cls_scattered_01_wCont/Cls_scattered_01_wCont/Ha/Cl_117.npy,/path/to/Cls_scattered_01_wCont/Cls_scattered_01_wCont/OII/Cl_117.npy,/path/to/Cls_scattered_01_wCont/Cls_scattered_01_wCont/OIII/Cl_117.npy,/path/to/Cls_scattered_01_wCont/Cls_scattered_01_wCont/Cont/Cl_117.npy,0.38475917531177406,1.0739615279249848
/path/to/Cls_scattered_01_wCont/Cls_scattered_01_wCont/Ha_OII_OIII_Cont/Cl_118.npy,/path/to/Cls_scattered_01_wCont/Cls_scattered_01_wCont/OII_all_cross/Cl_118.npy,/path/to/Cls_scattered_01_wCont/Cls_scattered_01_wCont/OIII_all_cross/Cl_118.npy,/path/to/Cls_scattered_01_wCont/Cls_scattered_01_wCont/OII_all_cross/Cl_118_1.npy,/path/to/Cls_scattered_01_wCont/Cls_scattered_01_wCont/OIII_all_cross/Cl_118_1.npy,/path/to/Cls_scattered_01_wCont/Cls_scattered_01_wCont/Shift7_all_cross/Cl_118.npy,/path/to/Cls_scattered_01_wCont/Cls_scattered_01_wCont/Ha/Cl_118.npy,/path/to/Cls_scattered_01_wCont/Cls_scattered_01_wCont/OII/Cl_118.npy,/path/to/Cls_scattered_01_wCont/Cls_scattered_01_wCont/OIII/Cl_118.npy,/path/to/Cls_scattered_01_wCont/Cls_scattered_01_wCont/Cont/Cl_118.npy,0.8829563762992619,0.4765962909907102
/path/to/Cls_scattered_01_wCont/Cls_scattered_01_wCont/Ha_OII_OIII_Cont/Cl_119.npy,/path/to/Cls_scattered_01_wCont/Cls_scattered_01_wCont/OII_all_cross/Cl_119.npy,/path/to/Cls_scattered_01_wCont/Cls_scattered_01_wCont/OIII_all_cross/Cl_119.npy,/path/to/Cls_scattered_01_wCont/Cls_scattered_01_wCont/OII_all_cross/Cl_119_1.npy,/path/to/Cls_scattered_01_wCont/Cls_scattered_01_wCont/OIII_all_cross/Cl_119_1.npy,/path/to/Cls_scattered_01_wCont/Cls_scattered_01_wCont/Shift7_all_cross/Cl_119.npy,/path/to/Cls_scattered_01_wCont/Cls_scattered_01_wCont/Ha/Cl_119.npy,/path/to/Cls_scattered_01_wCont/Cls_scattered_01_wCont/OII/Cl_119.npy,/path/to/Cls_scattered_01_wCont/Cls_scattered_01_wCont/OIII/Cl_119.npy,/path/to/Cls_scattered_01_wCont/Cls_scattered_01_wCont/Cont/Cl_119.npy,1.4047048896551133,1.5799767412245274
/path/to/Cls_scattered_01_wCont/Cls_scattered_01_wCont/Ha_OII_OIII_Cont/Cl_120.npy,/path/to/Cls_scattered_01_wCont/Cls_scattered_01_wCont/OII_all_cross/Cl_120.npy,/path/to/Cls_scattered_01_wCont/Cls_scattered_01_wCont/OIII_all_cross/Cl_120.npy,/path/to/Cls_scattered_01_wCont/Cls_scattered_01_wCont/OII_all_cross/Cl_120_1.npy,/path/to/Cls_scattered_01_wCont/Cls_scattered_01_wCont/OIII_all_cross/Cl_120_1.npy,/path/to/Cls_scattered_01_wCont/Cls_scattered_01_wCont/Shift7_all_cross/Cl_120.npy,/path/to/Cls_scattered_01_wCont/Cls_scattered_01_wCont/Ha/Cl_120.npy,/path/to/Cls_scattered_01_wCont/Cls_scattered_01_wCont/OII/Cl_120.npy,/path/to/Cls_scattered_01_wCont/Cls_scattered_01_wCont/OIII/Cl_120.npy,/path/to/Cls_scattered_01_wCont/Cls_scattered_01_wCont/Cont/Cl_120.npy,1.5181306430138648,0.6179070318117738
/path/to/Cls_scattered_01_wCont/Cls_scattered_01_wCont/Ha_OII_OIII_Cont/Cl_121.npy,/path/to/Cls_scattered_01_wCont/Cls_scattered_01_wCont/OII_all_cross/Cl_121.npy,/path/to/Cls_scattered_01_wCont/Cls_scattered_01_wCont/OIII_all_cross/Cl_121.npy,/path/to/Cls_scattered_01_wCont/Cls_scattered_01_wCont/OII_all_cross/Cl_121_1.npy,/path/to/Cls_scattered_01_wCont/Cls_scattered_01_wCont/OIII_all_cross/Cl_121_1.npy,/path/to/Cls_scattered_01_wCont/Cls_scattered_01_wCont/Shift7_all_cross/Cl_121.npy,/path/to/Cls_scattered_01_wCont/Cls_scattered_01_wCont/Ha/Cl_121.npy,/path/to/Cls_scattered_01_wCont/Cls_scattered_01_wCont/OII/Cl_121.npy,/path/to/Cls_scattered_01_wCont/Cls_scattered_01_wCont/OIII/Cl_121.npy,/path/to/Cls_scattered_01_wCont/Cls_scattered_01_wCont/Cont/Cl_121.npy,1.0029033933766187,1.4067862367257475
/path/to/Cls_scattered_01_wCont/Cls_scattered_01_wCont/Ha_OII_OIII_Cont/Cl_122.npy,/path/to/Cls_scattered_01_wCont/Cls_scattered_01_wCont/OII_all_cross/Cl_122.npy,/path/to/Cls_scattered_01_wCont/Cls_scattered_01_wCont/OIII_all_cross/Cl_122.npy,/path/to/Cls_scattered_01_wCont/Cls_scattered_01_wCont/OII_all_cross/Cl_122_1.npy,/path/to/Cls_scattered_01_wCont/Cls_scattered_01_wCont/OIII_all_cross/Cl_122_1.npy,/path/to/Cls_scattered_01_wCont/Cls_scattered_01_wCont/Shift7_all_cross/Cl_122.npy,/path/to/Cls_scattered_01_wCont/Cls_scattered_01_wCont/Ha/Cl_122.npy,/path/to/Cls_scattered_01_wCont/Cls_scattered_01_wCont/OII/Cl_122.npy,/path/to/Cls_scattered_01_wCont/Cls_scattered_01_wCont/OIII/Cl_122.npy,/path/to/Cls_scattered_01_wCont/Cls_scattered_01_wCont/Cont/Cl_122.npy,0.5047147957608104,0.11176475333049894
/path/to/Cls_scattered_01_wCont/Cls_scattered_01_wCont/Ha_OII_OIII_Cont/Cl_123.npy,/path/to/Cls_scattered_01_wCont/Cls_scattered_01_wCont/OII_all_cross/Cl_123.npy,/path/to/Cls_scattered_01_wCont/Cls_scattered_01_wCont/OIII_all_cross/Cl_123.npy,/path/to/Cls_scattered_01_wCont/Cls_scattered_01_wCont/OII_all_cross/Cl_123_1.npy,/path/to/Cls_scattered_01_wCont/Cls_scattered_01_wCont/OIII_all_cross/Cl_123_1.npy,/path/to/Cls_scattered_01_wCont/Cls_scattered_01_wCont/Shift7_all_cross/Cl_123.npy,/path/to/Cls_scattered_01_wCont/Cls_scattered_01_wCont/Ha/Cl_123.npy,/path/to/Cls_scattered_01_wCont/Cls_scattered_01_wCont/OII/Cl_123.npy,/path/to/Cls_scattered_01_wCont/Cls_scattered_01_wCont/OIII/Cl_123.npy,/path/to/Cls_scattered_01_wCont/Cls_scattered_01_wCont/Cont/Cl_123.npy,1.8827323103323579,1.912801453564316
/path/to/Cls_scattered_01_wCont/Cls_scattered_01_wCont/Ha_OII_OIII_Cont/Cl_124.npy,/path/to/Cls_scattered_01_wCont/Cls_scattered_01_wCont/OII_all_cross/Cl_124.npy,/path/to/Cls_scattered_01_wCont/Cls_scattered_01_wCont/OIII_all_cross/Cl_124.npy,/path/to/Cls_scattered_01_wCont/Cls_scattered_01_wCont/OII_all_cross/Cl_124_1.npy,/path/to/Cls_scattered_01_wCont/Cls_scattered_01_wCont/OIII_all_cross/Cl_124_1.npy,/path/to/Cls_scattered_01_wCont/Cls_scattered_01_wCont/Shift7_all_cross/Cl_124.npy,/path/to/Cls_scattered_01_wCont/Cls_scattered_01_wCont/Ha/Cl_124.npy,/path/to/Cls_scattered_01_wCont/Cls_scattered_01_wCont/OII/Cl_124.npy,/path/to/Cls_scattered_01_wCont/Cls_scattered_01_wCont/OIII/Cl_124.npy,/path/to/Cls_scattered_01_wCont/Cls_scattered_01_wCont/Cont/Cl_124.npy,1.7416437796317041,0.45610844250768423
/path/to/Cls_scattered_01_wCont/Cls_scattered_01_wCont/Ha_OII_OIII_Cont/Cl_125.npy,/path/to/Cls_scattered_01_wCont/Cls_scattered_01_wCont/OII_all_cross/Cl_125.npy,/path/to/Cls_scattered_01_wCont/Cls_scattered_01_wCont/OIII_all_cross/Cl_125.npy,/path/to/Cls_scattered_01_wCont/Cls_scattered_01_wCont/OII_all_cross/Cl_125_1.npy,/path/to/Cls_scattered_01_wCont/Cls_scattered_01_wCont/OIII_all_cross/Cl_125_1.npy,/path/to/Cls_scattered_01_wCont/Cls_scattered_01_wCont/Shift7_all_cross/Cl_125.npy,/path/to/Cls_scattered_01_wCont/Cls_scattered_01_wCont/Ha/Cl_125.npy,/path/to/Cls_scattered_01_wCont/Cls_scattered_01_wCont/OII/Cl_125.npy,/path/to/Cls_scattered_01_wCont/Cls_scattered_01_wCont/OIII/Cl_125.npy,/path/to/Cls_scattered_01_wCont/Cls_scattered_01_wCont/Cont/Cl_125.npy,0.30421938551589844,1.7193196916952729
/path/to/Cls_scattered_01_wCont/Cls_scattered_01_wCont/Ha_OII_OIII_Cont/Cl_126.npy,/path/to/Cls_scattered_01_wCont/Cls_scattered_01_wCont/OII_all_cross/Cl_126.npy,/path/to/Cls_scattered_01_wCont/Cls_scattered_01_wCont/OIII_all_cross/Cl_126.npy,/path/to/Cls_scattered_01_wCont/Cls_scattered_01_wCont/OII_all_cross/Cl_126_1.npy,/path/to/Cls_scattered_01_wCont/Cls_scattered_01_wCont/OIII_all_cross/Cl_126_1.npy,/path/to/Cls_scattered_01_wCont/Cls_scattered_01_wCont/Shift7_all_cross/Cl_126.npy,/path/to/Cls_scattered_01_wCont/Cls_scattered_01_wCont/Ha/Cl_126.npy,/path/to/Cls_scattered_01_wCont/Cls_scattered_01_wCont/OII/Cl_126.npy,/path/to/Cls_scattered_01_wCont/Cls_scattered_01_wCont/OIII/Cl_126.npy,/path/to/Cls_scattered_01_wCont/Cls_scattered_01_wCont/Cont/Cl_126.npy,0.7281991954892874,0.8990451962687075
/path/to/Cls_scattered_01_wCont/Cls_scattered_01_wCont/Ha_OII_OIII_Cont/Cl_127.npy,/path/to/Cls_scattered_01_wCont/Cls_scattered_01_wCont/OII_all_cross/Cl_127.npy,/path/to/Cls_scattered_01_wCont/Cls_scattered_01_wCont/OIII_all_cross/Cl_127.npy,/path/to/Cls_scattered_01_wCont/Cls_scattered_01_wCont/OII_all_cross/Cl_127_1.npy,/path/to/Cls_scattered_01_wCont/Cls_scattered_01_wCont/OIII_all_cross/Cl_127_1.npy,/path/to/Cls_scattered_01_wCont/Cls_scattered_01_wCont/Shift7_all_cross/Cl_127.npy,/path/to/Cls_scattered_01_wCont/Cls_scattered_01_wCont/Ha/Cl_127.npy,/path/to/Cls_scattered_01_wCont/Cls_scattered_01_wCont/OII/Cl_127.npy,/path/to/Cls_scattered_01_wCont/Cls_scattered_01_wCont/OIII/Cl_127.npy,/path/to/Cls_scattered_01_wCont/Cls_scattered_01_wCont/Cont/Cl_127.npy,1.184077888727188,1.276270825136453
/path/to/Cls_scattered_01_wCont/Cls_scattered_01_wCont/Ha_OII_OIII_Cont/Cl_128.npy,/path/to/Cls_scattered_01_wCont/Cls_scattered_01_wCont/OII_all_cross/Cl_128.npy,/path/to/Cls_scattered_01_wCont/Cls_scattered_01_wCont/OIII_all_cross/Cl_128.npy,/path/to/Cls_scattered_01_wCont/Cls_scattered_01_wCont/OII_all_cross/Cl_128_1.npy,/path/to/Cls_scattered_01_wCont/Cls_scattered_01_wCont/OIII_all_cross/Cl_128_1.npy,/path/to/Cls_scattered_01_wCont/Cls_scattered_01_wCont/Shift7_all_cross/Cl_128.npy,/path/to/Cls_scattered_01_wCont/Cls_scattered_01_wCont/Ha/Cl_128.npy,/path/to/Cls_scattered_01_wCont/Cls_scattered_01_wCont/OII/Cl_128.npy,/path/to/Cls_scattered_01_wCont/Cls_scattered_01_wCont/OIII/Cl_128.npy,/path/to/Cls_scattered_01_wCont/Cls_scattered_01_wCont/Cont/Cl_128.npy,1.1925820898264647,0.2740038628689945
/path/to/Cls_scattered_01_wCont/Cls_scattered_01_wCont/Ha_OII_OIII_Cont/Cl_129.npy,/path/to/Cls_scattered_01_wCont/Cls_scattered_01_wCont/OII_all_cross/Cl_129.npy,/path/to/Cls_scattered_01_wCont/Cls_scattered_01_wCont/OIII_all_cross/Cl_129.npy,/path/to/Cls_scattered_01_wCont/Cls_scattered_01_wCont/OII_all_cross/Cl_129_1.npy,/path/to/Cls_scattered_01_wCont/Cls_scattered_01_wCont/OIII_all_cross/Cl_129_1.npy,/path/to/Cls_scattered_01_wCont/Cls_scattered_01_wCont/Shift7_all_cross/Cl_129.npy,/path/to/Cls_scattered_01_wCont/Cls_scattered_01_wCont/Ha/Cl_129.npy,/path/to/Cls_scattered_01_wCont/Cls_scattered_01_wCont/OII/Cl_129.npy,/path/to/Cls_scattered_01_wCont/Cls_scattered_01_wCont/OIII/Cl_129.npy,/path/to/Cls_scattered_01_wCont/Cls_scattered_01_wCont/Cont/Cl_129.npy,0.7346433863043784,1.7821091561578215
/path/to/Cls_scattered_01_wCont/Cls_scattered_01_wCont/Ha_OII_OIII_Cont/Cl_130.npy,/path/to/Cls_scattered_01_wCont/Cls_scattered_01_wCont/OII_all_cross/Cl_130.npy,/path/to/Cls_scattered_01_wCont/Cls_scattered_01_wCont/OIII_all_cross/Cl_130.npy,/path/to/Cls_scattered_01_wCont/Cls_scattered_01_wCont/OII_all_cross/Cl_130_1.npy,/path/to/Cls_scattered_01_wCont/Cls_scattered_01_wCont/OIII_all_cross/Cl_130_1.npy,/path/to/Cls_scattered_01_wCont/Cls_scattered_01_wCont/Shift7_all_cross/Cl_130.npy,/path/to/Cls_scattered_01_wCont/Cls_scattered_01_wCont/Ha/Cl_130.npy,/path/to/Cls_scattered_01_wCont/Cls_scattered_01_wCont/OII/Cl_130.npy,/path/to/Cls_scattered_01_wCont/Cls_scattered_01_wCont/OIII/Cl_130.npy,/path/to/Cls_scattered_01_wCont/Cls_scattered_01_wCont/Cont/Cl_130.npy,0.29768482213839886,0.7170570611953735
/path/to/Cls_scattered_01_wCont/Cls_scattered_01_wCont/Ha_OII_OIII_Cont/Cl_131.npy,/path/to/Cls_scattered_01_wCont/Cls_scattered_01_wCont/OII_all_cross/Cl_131.npy,/path/to/Cls_scattered_01_wCont/Cls_scattered_01_wCont/OIII_all_cross/Cl_131.npy,/path/to/Cls_scattered_01_wCont/Cls_scattered_01_wCont/OII_all_cross/Cl_131_1.npy,/path/to/Cls_scattered_01_wCont/Cls_scattered_01_wCont/OIII_all_cross/Cl_131_1.npy,/path/to/Cls_scattered_01_wCont/Cls_scattered_01_wCont/Shift7_all_cross/Cl_131.npy,/path/to/Cls_scattered_01_wCont/Cls_scattered_01_wCont/Ha/Cl_131.npy,/path/to/Cls_scattered_01_wCont/Cls_scattered_01_wCont/OII/Cl_131.npy,/path/to/Cls_scattered_01_wCont/Cls_scattered_01_wCont/OIII/Cl_131.npy,/path/to/Cls_scattered_01_wCont/Cls_scattered_01_wCont/Cont/Cl_131.npy,1.7334546367637813,1.3391753185540438
/path/to/Cls_scattered_01_wCont/Cls_scattered_01_wCont/Ha_OII_OIII_Cont/Cl_132.npy,/path/to/Cls_scattered_01_wCont/Cls_scattered_01_wCont/OII_all_cross/Cl_132.npy,/path/to/Cls_scattered_01_wCont/Cls_scattered_01_wCont/OIII_all_cross/Cl_132.npy,/path/to/Cls_scattered_01_wCont/Cls_scattered_01_wCont/OII_all_cross/Cl_132_1.npy,/path/to/Cls_scattered_01_wCont/Cls_scattered_01_wCont/OIII_all_cross/Cl_132_1.npy,/path/to/Cls_scattered_01_wCont/Cls_scattered_01_wCont/Shift7_all_cross/Cl_132.npy,/path/to/Cls_scattered_01_wCont/Cls_scattered_01_wCont/Ha/Cl_132.npy,/path/to/Cls_scattered_01_wCont/Cls_scattered_01_wCont/OII/Cl_132.npy,/path/to/Cls_scattered_01_wCont/Cls_scattered_01_wCont/OIII/Cl_132.npy,/path/to/Cls_scattered_01_wCont/Cls_scattered_01_wCont/Cont/Cl_132.npy,1.8892983568832278,1.0299737661145627
/path/to/Cls_scattered_01_wCont/Cls_scattered_01_wCont/Ha_OII_OIII_Cont/Cl_133.npy,/path/to/Cls_scattered_01_wCont/Cls_scattered_01_wCont/OII_all_cross/Cl_133.npy,/path/to/Cls_scattered_01_wCont/Cls_scattered_01_wCont/OIII_all_cross/Cl_133.npy,/path/to/Cls_scattered_01_wCont/Cls_scattered_01_wCont/OII_all_cross/Cl_133_1.npy,/path/to/Cls_scattered_01_wCont/Cls_scattered_01_wCont/OIII_all_cross/Cl_133_1.npy,/path/to/Cls_scattered_01_wCont/Cls_scattered_01_wCont/Shift7_all_cross/Cl_133.npy,/path/to/Cls_scattered_01_wCont/Cls_scattered_01_wCont/Ha/Cl_133.npy,/path/to/Cls_scattered_01_wCont/Cls_scattered_01_wCont/OII/Cl_133.npy,/path/to/Cls_scattered_01_wCont/Cls_scattered_01_wCont/OIII/Cl_133.npy,/path/to/Cls_scattered_01_wCont/Cls_scattered_01_wCont/Cont/Cl_133.npy,0.5128733614459634,1.1138026769272984
/path/to/Cls_scattered_01_wCont/Cls_scattered_01_wCont/Ha_OII_OIII_Cont/Cl_134.npy,/path/to/Cls_scattered_01_wCont/Cls_scattered_01_wCont/OII_all_cross/Cl_134.npy,/path/to/Cls_scattered_01_wCont/Cls_scattered_01_wCont/OIII_all_cross/Cl_134.npy,/path/to/Cls_scattered_01_wCont/Cls_scattered_01_wCont/OII_all_cross/Cl_134_1.npy,/path/to/Cls_scattered_01_wCont/Cls_scattered_01_wCont/OIII_all_cross/Cl_134_1.npy,/path/to/Cls_scattered_01_wCont/Cls_scattered_01_wCont/Shift7_all_cross/Cl_134.npy,/path/to/Cls_scattered_01_wCont/Cls_scattered_01_wCont/Ha/Cl_134.npy,/path/to/Cls_scattered_01_wCont/Cls_scattered_01_wCont/OII/Cl_134.npy,/path/to/Cls_scattered_01_wCont/Cls_scattered_01_wCont/OIII/Cl_134.npy,/path/to/Cls_scattered_01_wCont/Cls_scattered_01_wCont/Cont/Cl_134.npy,0.994371333066374,0.5239469695836305
/path/to/Cls_scattered_01_wCont/Cls_scattered_01_wCont/Ha_OII_OIII_Cont/Cl_135.npy,/path/to/Cls_scattered_01_wCont/Cls_scattered_01_wCont/OII_all_cross/Cl_135.npy,/path/to/Cls_scattered_01_wCont/Cls_scattered_01_wCont/OIII_all_cross/Cl_135.npy,/path/to/Cls_scattered_01_wCont/Cls_scattered_01_wCont/OII_all_cross/Cl_135_1.npy,/path/to/Cls_scattered_01_wCont/Cls_scattered_01_wCont/OIII_all_cross/Cl_135_1.npy,/path/to/Cls_scattered_01_wCont/Cls_scattered_01_wCont/Shift7_all_cross/Cl_135.npy,/path/to/Cls_scattered_01_wCont/Cls_scattered_01_wCont/Ha/Cl_135.npy,/path/to/Cls_scattered_01_wCont/Cls_scattered_01_wCont/OII/Cl_135.npy,/path/to/Cls_scattered_01_wCont/Cls_scattered_01_wCont/OIII/Cl_135.npy,/path/to/Cls_scattered_01_wCont/Cls_scattered_01_wCont/Cont/Cl_135.npy,1.511713405419141,1.6199347913265227
/path/to/Cls_scattered_01_wCont/Cls_scattered_01_wCont/Ha_OII_OIII_Cont/Cl_136.npy,/path/to/Cls_scattered_01_wCont/Cls_scattered_01_wCont/OII_all_cross/Cl_136.npy,/path/to/Cls_scattered_01_wCont/Cls_scattered_01_wCont/OIII_all_cross/Cl_136.npy,/path/to/Cls_scattered_01_wCont/Cls_scattered_01_wCont/OII_all_cross/Cl_136_1.npy,/path/to/Cls_scattered_01_wCont/Cls_scattered_01_wCont/OIII_all_cross/Cl_136_1.npy,/path/to/Cls_scattered_01_wCont/Cls_scattered_01_wCont/Shift7_all_cross/Cl_136.npy,/path/to/Cls_scattered_01_wCont/Cls_scattered_01_wCont/Ha/Cl_136.npy,/path/to/Cls_scattered_01_wCont/Cls_scattered_01_wCont/OII/Cl_136.npy,/path/to/Cls_scattered_01_wCont/Cls_scattered_01_wCont/OIII/Cl_136.npy,/path/to/Cls_scattered_01_wCont/Cls_scattered_01_wCont/Cont/Cl_136.npy,1.3982500534504652,0.6818414436653256
/path/to/Cls_scattered_01_wCont/Cls_scattered_01_wCont/Ha_OII_OIII_Cont/Cl_137.npy,/path/to/Cls_scattered_01_wCont/Cls_scattered_01_wCont/OII_all_cross/Cl_137.npy,/path/to/Cls_scattered_01_wCont/Cls_scattered_01_wCont/OIII_all_cross/Cl_137.npy,/path/to/Cls_scattered_01_wCont/Cls_scattered_01_wCont/OII_all_cross/Cl_137_1.npy,/path/to/Cls_scattered_01_wCont/Cls_scattered_01_wCont/OIII_all_cross/Cl_137_1.npy,/path/to/Cls_scattered_01_wCont/Cls_scattered_01_wCont/Shift7_all_cross/Cl_137.npy,/path/to/Cls_scattered_01_wCont/Cls_scattered_01_wCont/Ha/Cl_137.npy,/path/to/Cls_scattered_01_wCont/Cls_scattered_01_wCont/OII/Cl_137.npy,/path/to/Cls_scattered_01_wCont/Cls_scattered_01_wCont/OIII/Cl_137.npy,/path/to/Cls_scattered_01_wCont/Cls_scattered_01_wCont/Cont/Cl_137.npy,0.8744410768151283,1.4930141044780612
/path/to/Cls_scattered_01_wCont/Cls_scattered_01_wCont/Ha_OII_OIII_Cont/Cl_138.npy,/path/to/Cls_scattered_01_wCont/Cls_scattered_01_wCont/OII_all_cross/Cl_138.npy,/path/to/Cls_scattered_01_wCont/Cls_scattered_01_wCont/OIII_all_cross/Cl_138.npy,/path/to/Cls_scattered_01_wCont/Cls_scattered_01_wCont/OII_all_cross/Cl_138_1.npy,/path/to/Cls_scattered_01_wCont/Cls_scattered_01_wCont/OIII_all_cross/Cl_138_1.npy,/path/to/Cls_scattered_01_wCont/Cls_scattered_01_wCont/Shift7_all_cross/Cl_138.npy,/path/to/Cls_scattered_01_wCont/Cls_scattered_01_wCont/Ha/Cl_138.npy,/path/to/Cls_scattered_01_wCont/Cls_scattered_01_wCont/OII/Cl_138.npy,/path/to/Cls_scattered_01_wCont/Cls_scattered_01_wCont/OIII/Cl_138.npy,/path/to/Cls_scattered_01_wCont/Cls_scattered_01_wCont/Cont/Cl_138.npy,0.392951715644449,0.17581465067341923
/path/to/Cls_scattered_01_wCont/Cls_scattered_01_wCont/Ha_OII_OIII_Cont/Cl_139.npy,/path/to/Cls_scattered_01_wCont/Cls_scattered_01_wCont/OII_all_cross/Cl_139.npy,/path/to/Cls_scattered_01_wCont/Cls_scattered_01_wCont/OIII_all_cross/Cl_139.npy,/path/to/Cls_scattered_01_wCont/Cls_scattered_01_wCont/OII_all_cross/Cl_139_1.npy,/path/to/Cls_scattered_01_wCont/Cls_scattered_01_wCont/OIII_all_cross/Cl_139_1.npy,/path/to/Cls_scattered_01_wCont/Cls_scattered_01_wCont/Shift7_all_cross/Cl_139.npy,/path/to/Cls_scattered_01_wCont/Cls_scattered_01_wCont/Ha/Cl_139.npy,/path/to/Cls_scattered_01_wCont/Cls_scattered_01_wCont/OII/Cl_139.npy,/path/to/Cls_scattered_01_wCont/Cls_scattered_01_wCont/OIII/Cl_139.npy,/path/to/Cls_scattered_01_wCont/Cls_scattered_01_wCont/Cont/Cl_139.npy,1.775839991401881,1.9991462224163115
/path/to/Cls_scattered_01_wCont/Cls_scattered_01_wCont/Ha_OII_OIII_Cont/Cl_140.npy,/path/to/Cls_scattered_01_wCont/Cls_scattered_01_wCont/OII_all_cross/Cl_140.npy,/path/to/Cls_scattered_01_wCont/Cls_scattered_01_wCont/OIII_all_cross/Cl_140.npy,/path/to/Cls_scattered_01_wCont/Cls_scattered_01_wCont/OII_all_cross/Cl_140_1.npy,/path/to/Cls_scattered_01_wCont/Cls_scattered_01_wCont/OIII_all_cross/Cl_140_1.npy,/path/to/Cls_scattered_01_wCont/Cls_scattered_01_wCont/Shift7_all_cross/Cl_140.npy,/path/to/Cls_scattered_01_wCont/Cls_scattered_01_wCont/Ha/Cl_140.npy,/path/to/Cls_scattered_01_wCont/Cls_scattered_01_wCont/OII/Cl_140.npy,/path/to/Cls_scattered_01_wCont/Cls_scattered_01_wCont/OIII/Cl_140.npy,/path/to/Cls_scattered_01_wCont/Cls_scattered_01_wCont/Cont/Cl_140.npy,1.6200814945623279,0.3697924388572573
/path/to/Cls_scattered_01_wCont/Cls_scattered_01_wCont/Ha_OII_OIII_Cont/Cl_141.npy,/path/to/Cls_scattered_01_wCont/Cls_scattered_01_wCont/OII_all_cross/Cl_141.npy,/path/to/Cls_scattered_01_wCont/Cls_scattered_01_wCont/OIII_all_cross/Cl_141.npy,/path/to/Cls_scattered_01_wCont/Cls_scattered_01_wCont/OII_all_cross/Cl_141_1.npy,/path/to/Cls_scattered_01_wCont/Cls_scattered_01_wCont/OIII_all_cross/Cl_141_1.npy,/path/to/Cls_scattered_01_wCont/Cls_scattered_01_wCont/Shift7_all_cross/Cl_141.npy,/path/to/Cls_scattered_01_wCont/Cls_scattered_01_wCont/Ha/Cl_141.npy,/path/to/Cls_scattered_01_wCont/Cls_scattered_01_wCont/OII/Cl_141.npy,/path/to/Cls_scattered_01_wCont/Cls_scattered_01_wCont/OIII/Cl_141.npy,/path/to/Cls_scattered_01_wCont/Cls_scattered_01_wCont/Cont/Cl_141.npy,0.17778667900711298,1.6552414821460844
/path/to/Cls_scattered_01_wCont/Cls_scattered_01_wCont/Ha_OII_OIII_Cont/Cl_142.npy,/path/to/Cls_scattered_01_wCont/Cls_scattered_01_wCont/OII_all_cross/Cl_142.npy,/path/to/Cls_scattered_01_wCont/Cls_scattered_01_wCont/OIII_all_cross/Cl_142.npy,/path/to/Cls_scattered_01_wCont/Cls_scattered_01_wCont/OII_all_cross/Cl_142_1.npy,/path/to/Cls_scattered_01_wCont/Cls_scattered_01_wCont/OIII_all_cross/Cl_142_1.npy,/path/to/Cls_scattered_01_wCont/Cls_scattered_01_wCont/Shift7_all_cross/Cl_142.npy,/path/to/Cls_scattered_01_wCont/Cls_scattered_01_wCont/Ha/Cl_142.npy,/path/to/Cls_scattered_01_wCont/Cls_scattered_01_wCont/OII/Cl_142.npy,/path/to/Cls_scattered_01_wCont/Cls_scattered_01_wCont/OIII/Cl_142.npy,/path/to/Cls_scattered_01_wCont/Cls_scattered_01_wCont/Cont/Cl_142.npy,0.6147547596134245,0.8128456407226622
/path/to/Cls_scattered_01_wCont/Cls_scattered_01_wCont/Ha_OII_OIII_Cont/Cl_143.npy,/path/to/Cls_scattered_01_wCont/Cls_scattered_01_wCont/OII_all_cross/Cl_143.npy,/path/to/Cls_scattered_01_wCont/Cls_scattered_01_wCont/OIII_all_cross/Cl_143.npy,/path/to/Cls_scattered_01_wCont/Cls_scattered_01_wCont/OII_all_cross/Cl_143_1.npy,/path/to/Cls_scattered_01_wCont/Cls_scattered_01_wCont/OIII_all_cross/Cl_143_1.npy,/path/to/Cls_scattered_01_wCont/Cls_scattered_01_wCont/Shift7_all_cross/Cl_143.npy,/path/to/Cls_scattered_01_wCont/Cls_scattered_01_wCont/Ha/Cl_143.npy,/path/to/Cls_scattered_01_wCont/Cls_scattered_01_wCont/OII/Cl_143.npy,/path/to/Cls_scattered_01_wCont/Cls_scattered_01_wCont/OIII/Cl_143.npy,/path/to/Cls_scattered_01_wCont/Cls_scattered_01_wCont/Cont/Cl_143.npy,1.0792148401029409,1.2123076480813324
/path/to/Cls_scattered_01_wCont/Cls_scattered_01_wCont/Ha_OII_OIII_Cont/Cl_144.npy,/path/to/Cls_scattered_01_wCont/Cls_scattered_01_wCont/OII_all_cross/Cl_144.npy,/path/to/Cls_scattered_01_wCont/Cls_scattered_01_wCont/OIII_all_cross/Cl_144.npy,/path/to/Cls_scattered_01_wCont/Cls_scattered_01_wCont/OII_all_cross/Cl_144_1.npy,/path/to/Cls_scattered_01_wCont/Cls_scattered_01_wCont/OIII_all_cross/Cl_144_1.npy,/path/to/Cls_scattered_01_wCont/Cls_scattered_01_wCont/Shift7_all_cross/Cl_144.npy,/path/to/Cls_scattered_01_wCont/Cls_scattered_01_wCont/Ha/Cl_144.npy,/path/to/Cls_scattered_01_wCont/Cls_scattered_01_wCont/OII/Cl_144.npy,/path/to/Cls_scattered_01_wCont/Cls_scattered_01_wCont/OIII/Cl_144.npy,/path/to/Cls_scattered_01_wCont/Cls_scattered_01_wCont/Cont/Cl_144.npy,1.1608654416166246,0.9019406820647418
/path/to/Cls_scattered_01_wCont/Cls_scattered_01_wCont/Ha_OII_OIII_Cont/Cl_145.npy,/path/to/Cls_scattered_01_wCont/Cls_scattered_01_wCont/OII_all_cross/Cl_145.npy,/path/to/Cls_scattered_01_wCont/Cls_scattered_01_wCont/OIII_all_cross/Cl_145.npy,/path/to/Cls_scattered_01_wCont/Cls_scattered_01_wCont/OII_all_cross/Cl_145_1.npy,/path/to/Cls_scattered_01_wCont/Cls_scattered_01_wCont/OIII_all_cross/Cl_145_1.npy,/path/to/Cls_scattered_01_wCont/Cls_scattered_01_wCont/Shift7_all_cross/Cl_145.npy,/path/to/Cls_scattered_01_wCont/Cls_scattered_01_wCont/Ha/Cl_145.npy,/path/to/Cls_scattered_01_wCont/Cls_scattered_01_wCont/OII/Cl_145.npy,/path/to/Cls_scattered_01_wCont/Cls_scattered_01_wCont/OIII/Cl_145.npy,/path/to/Cls_scattered_01_wCont/Cls_scattered_01_wCont/Cont/Cl_145.npy,0.6363617400638759,1.2418251155875624
/path/to/Cls_scattered_01_wCont/Cls_scattered_01_wCont/Ha_OII_OIII_Cont/Cl_146.npy,/path/to/Cls_scattered_01_wCont/Cls_scattered_01_wCont/OII_all_cross/Cl_146.npy,/path/to/Cls_scattered_01_wCont/Cls_scattered_01_wCont/OIII_all_cross/Cl_146.npy,/path/to/Cls_scattered_01_wCont/Cls_scattered_01_wCont/OII_all_cross/Cl_146_1.npy,/path/to/Cls_scattered_01_wCont/Cls_scattered_01_wCont/OIII_all_cross/Cl_146_1.npy,/path/to/Cls_scattered_01_wCont/Cls_scattered_01_wCont/Shift7_all_cross/Cl_146.npy,/path/to/Cls_scattered_01_wCont/Cls_scattered_01_wCont/Ha/Cl_146.npy,/path/to/Cls_scattered_01_wCont/Cls_scattered_01_wCont/OII/Cl_146.npy,/path/to/Cls_scattered_01_wCont/Cls_scattered_01_wCont/OIII/Cl_146.npy,/path/to/Cls_scattered_01_wCont/Cls_scattered_01_wCont/Cont/Cl_146.npy,0.15487144105136394,0.3996362894773483
/path/to/Cls_scattered_01_wCont/Cls_scattered_01_wCont/Ha_OII_OIII_Cont/Cl_147.npy,/path/to/Cls_scattered_01_wCont/Cls_scattered_01_wCont/OII_all_cross/Cl_147.npy,/path/to/Cls_scattered_01_wCont/Cls_scattered_01_wCont/OIII_all_cross/Cl_147.npy,/path/to/Cls_scattered_01_wCont/Cls_scattered_01_wCont/OII_all_cross/Cl_147_1.npy,/path/to/Cls_scattered_01_wCont/Cls_scattered_01_wCont/OIII_all_cross/Cl_147_1.npy,/path/to/Cls_scattered_01_wCont/Cls_scattered_01_wCont/Shift7_all_cross/Cl_147.npy,/path/to/Cls_scattered_01_wCont/Cls_scattered_01_wCont/Ha/Cl_147.npy,/path/to/Cls_scattered_01_wCont/Cls_scattered_01_wCont/OII/Cl_147.npy,/path/to/Cls_scattered_01_wCont/Cls_scattered_01_wCont/OIII/Cl_147.npy,/path/to/Cls_scattered_01_wCont/Cls_scattered_01_wCont/Cont/Cl_147.npy,1.538456253707409,1.744256116822362
/path/to/Cls_scattered_01_wCont/Cls_scattered_01_wCont/Ha_OII_OIII_Cont/Cl_148.npy,/path/to/Cls_scattered_01_wCont/Cls_scattered_01_wCont/OII_all_cross/Cl_148.npy,/path/to/Cls_scattered_01_wCont/Cls_scattered_01_wCont/OIII_all_cross/Cl_148.npy,/path/to/Cls_scattered_01_wCont/Cls_scattered_01_wCont/OII_all_cross/Cl_148_1.npy,/path/to/Cls_scattered_01_wCont/Cls_scattered_01_wCont/OIII_all_cross/Cl_148_1.npy,/path/to/Cls_scattered_01_wCont/Cls_scattered_01_wCont/Shift7_all_cross/Cl_148.npy,/path/to/Cls_scattered_01_wCont/Cls_scattered_01_wCont/Ha/Cl_148.npy,/path/to/Cls_scattered_01_wCont/Cls_scattered_01_wCont/OII/Cl_148.npy,/path/to/Cls_scattered_01_wCont/Cls_scattered_01_wCont/OIII/Cl_148.npy,/path/to/Cls_scattered_01_wCont/Cls_scattered_01_wCont/Cont/Cl_148.npy,1.8576971375383438,0.14597863545641304
/path/to/Cls_scattered_01_wCont/Cls_scattered_01_wCont/Ha_OII_OIII_Cont/Cl_149.npy,/path/to/Cls_scattered_01_wCont/Cls_scattered_01_wCont/OII_all_cross/Cl_149.npy,/path/to/Cls_scattered_01_wCont/Cls_scattered_01_wCont/OIII_all_cross/Cl_149.npy,/path/to/Cls_scattered_01_wCont/Cls_scattered_01_wCont/OII_all_cross/Cl_149_1.npy,/path/to/Cls_scattered_01_wCont/Cls_scattered_01_wCont/OIII_all_cross/Cl_149_1.npy,/path/to/Cls_scattered_01_wCont/Cls_scattered_01_wCont/Shift7_all_cross/Cl_149.npy,/path/to/Cls_scattered_01_wCont/Cls_scattered_01_wCont/Ha/Cl_149.npy,/path/to/Cls_scattered_01_wCont/Cls_scattered_01_wCont/OII/Cl_149.npy,/path/to/Cls_scattered_01_wCont/Cls_scattered_01_wCont/OIII/Cl_149.npy,/path/to/Cls_scattered_01_wCont/Cls_scattered_01_wCont/Cont/Cl_149.npy,0.41470725731924174,1.910137781035155
/path/to/Cls_scattered_01_wCont/Cls_scattered_01_wCont/Ha_OII_OIII_Cont/Cl_150.npy,/path/to/Cls_scattered_01_wCont/Cls_scattered_01_wCont/OII_all_cross/Cl_150.npy,/path/to/Cls_scattered_01_wCont/Cls_scattered_01_wCont/OIII_all_cross/Cl_150.npy,/path/to/Cls_scattered_01_wCont/Cls_scattered_01_wCont/OII_all_cross/Cl_150_1.npy,/path/to/Cls_scattered_01_wCont/Cls_scattered_01_wCont/OIII_all_cross/Cl_150_1.npy,/path/to/Cls_scattered_01_wCont/Cls_scattered_01_wCont/Shift7_all_cross/Cl_150.npy,/path/to/Cls_scattered_01_wCont/Cls_scattered_01_wCont/Ha/Cl_150.npy,/path/to/Cls_scattered_01_wCont/Cls_scattered_01_wCont/OII/Cl_150.npy,/path/to/Cls_scattered_01_wCont/Cls_scattered_01_wCont/OIII/Cl_150.npy,/path/to/Cls_scattered_01_wCont/Cls_scattered_01_wCont/Cont/Cl_150.npy,0.8516744567081331,0.5927385527640581
/path/to/Cls_scattered_01_wCont/Cls_scattered_01_wCont/Ha_OII_OIII_Cont/Cl_151.npy,/path/to/Cls_scattered_01_wCont/Cls_scattered_01_wCont/OII_all_cross/Cl_151.npy,/path/to/Cls_scattered_01_wCont/Cls_scattered_01_wCont/OIII_all_cross/Cl_151.npy,/path/to/Cls_scattered_01_wCont/Cls_scattered_01_wCont/OII_all_cross/Cl_151_1.npy,/path/to/Cls_scattered_01_wCont/Cls_scattered_01_wCont/OIII_all_cross/Cl_151_1.npy,/path/to/Cls_scattered_01_wCont/Cls_scattered_01_wCont/Shift7_all_cross/Cl_151.npy,/path/to/Cls_scattered_01_wCont/Cls_scattered_01_wCont/Ha/Cl_151.npy,/path/to/Cls_scattered_01_wCont/Cls_scattered_01_wCont/OII/Cl_151.npy,/path/to/Cls_scattered_01_wCont/Cls_scattered_01_wCont/OIII/Cl_151.npy,/path/to/Cls_scattered_01_wCont/Cls_scattered_01_wCont/Cont/Cl_151.npy,1.3168314138427377,1.463490429520607
/path/to/Cls_scattered_01_wCont/Cls_scattered_01_wCont/Ha_OII_OIII_Cont/Cl_152.npy,/path/to/Cls_scattered_01_wCont/Cls_scattered_01_wCont/OII_all_cross/Cl_152.npy,/path/to/Cls_scattered_01_wCont/Cls_scattered_01_wCont/OIII_all_cross/Cl_152.npy,/path/to/Cls_scattered_01_wCont/Cls_scattered_01_wCont/OII_all_cross/Cl_152_1.npy,/path/to/Cls_scattered_01_wCont/Cls_scattered_01_wCont/OIII_all_cross/Cl_152_1.npy,/path/to/Cls_scattered_01_wCont/Cls_scattered_01_wCont/Shift7_all_cross/Cl_152.npy,/path/to/Cls_scattered_01_wCont/Cls_scattered_01_wCont/Ha/Cl_152.npy,/path/to/Cls_scattered_01_wCont/Cls_scattered_01_wCont/OII/Cl_152.npy,/path/to/Cls_scattered_01_wCont/Cls_scattered_01_wCont/OIII/Cl_152.npy,/path/to/Cls_scattered_01_wCont/Cls_scattered_01_wCont/Cont/Cl_152.npy,1.4297348565422,0.4941109614446759
/path/to/Cls_scattered_01_wCont/Cls_scattered_01_wCont/Ha_OII_OIII_Cont/Cl_153.npy,/path/to/Cls_scattered_01_wCont/Cls_scattered_01_wCont/OII_all_cross/Cl_153.npy,/path/to/Cls_scattered_01_wCont/Cls_scattered_01_wCont/OIII_all_cross/Cl_153.npy,/path/to/Cls_scattered_01_wCont/Cls_scattered_01_wCont/OII_all_cross/Cl_153_1.npy,/path/to/Cls_scattered_01_wCont/Cls_scattered_01_wCont/OIII_all_cross/Cl_153_1.npy,/path/to/Cls_scattered_01_wCont/Cls_scattered_01_wCont/Shift7_all_cross/Cl_153.npy,/path/to/Cls_scattered_01_wCont/Cls_scattered_01_wCont/Ha/Cl_153.npy,/path/to/Cls_scattered_01_wCont/Cls_scattered_01_wCont/OII/Cl_153.npy,/path/to/Cls_scattered_01_wCont/Cls_scattered_01_wCont/OIII/Cl_153.npy,/path/to/Cls_scattered_01_wCont/Cls_scattered_01_wCont/Cont/Cl_153.npy,0.9729546318762003,1.530926357023418
/path/to/Cls_scattered_01_wCont/Cls_scattered_01_wCont/Ha_OII_OIII_Cont/Cl_154.npy,/path/to/Cls_scattered_01_wCont/Cls_scattered_01_wCont/OII_all_cross/Cl_154.npy,/path/to/Cls_scattered_01_wCont/Cls_scattered_01_wCont/OIII_all_cross/Cl_154.npy,/path/to/Cls_scattered_01_wCont/Cls_scattered_01_wCont/OII_all_cross/Cl_154_1.npy,/path/to/Cls_scattered_01_wCont/Cls_scattered_01_wCont/OIII_all_cross/Cl_154_1.npy,/path/to/Cls_scattered_01_wCont/Cls_scattered_01_wCont/Shift7_all_cross/Cl_154.npy,/path/to/Cls_scattered_01_wCont/Cls_scattered_01_wCont/Ha/Cl_154.npy,/path/to/Cls_scattered_01_wCont/Cls_scattered_01_wCont/OII/Cl_154.npy,/path/to/Cls_scattered_01_wCont/Cls_scattered_01_wCont/OIII/Cl_154.npy,/path/to/Cls_scattered_01_wCont/Cls_scattered_01_wCont/Cont/Cl_154.npy,0.5359969418495893,0.9408708822913467
/path/to/Cls_scattered_01_wCont/Cls_scattered_01_wCont/Ha_OII_OIII_Cont/Cl_155.npy,/path/to/Cls_scattered_01_wCont/Cls_scattered_01_wCont/OII_all_cross/Cl_155.npy,/path/to/Cls_scattered_01_wCont/Cls_scattered_01_wCont/OIII_all_cross/Cl_155.npy,/path/to/Cls_scattered_01_wCont/Cls_scattered_01_wCont/OII_all_cross/Cl_155_1.npy,/path/to/Cls_scattered_01_wCont/Cls_scattered_01_wCont/OIII_all_cross/Cl_155_1.npy,/path/to/Cls_scattered_01_wCont/Cls_scattered_01_wCont/Shift7_all_cross/Cl_155.npy,/path/to/Cls_scattered_01_wCont/Cls_scattered_01_wCont/Ha/Cl_155.npy,/path/to/Cls_scattered_01_wCont/Cls_scattered_01_wCont/OII/Cl_155.npy,/path/to/Cls_scattered_01_wCont/Cls_scattered_01_wCont/OIII/Cl_155.npy,/path/to/Cls_scattered_01_wCont/Cls_scattered_01_wCont/Cont/Cl_155.npy,1.9706064656376838,1.0842790090478958
/path/to/Cls_scattered_01_wCont/Cls_scattered_01_wCont/Ha_OII_OIII_Cont/Cl_156.npy,/path/to/Cls_scattered_01_wCont/Cls_scattered_01_wCont/OII_all_cross/Cl_156.npy,/path/to/Cls_scattered_01_wCont/Cls_scattered_01_wCont/OIII_all_cross/Cl_156.npy,/path/to/Cls_scattered_01_wCont/Cls_scattered_01_wCont/OII_all_cross/Cl_156_1.npy,/path/to/Cls_scattered_01_wCont/Cls_scattered_01_wCont/OIII_all_cross/Cl_156_1.npy,/path/to/Cls_scattered_01_wCont/Cls_scattered_01_wCont/Shift7_all_cross/Cl_156.npy,/path/to/Cls_scattered_01_wCont/Cls_scattered_01_wCont/Ha/Cl_156.npy,/path/to/Cls_scattered_01_wCont/Cls_scattered_01_wCont/OII/Cl_156.npy,/path/to/Cls_scattered_01_wCont/Cls_scattered_01_wCont/OIII/Cl_156.npy,/path/to/Cls_scattered_01_wCont/Cls_scattered_01_wCont/Cont/Cl_156.npy,1.651450698915869,0.8061521096155047
/path/to/Cls_scattered_01_wCont/Cls_scattered_01_wCont/Ha_OII_OIII_Cont/Cl_157.npy,/path/to/Cls_scattered_01_wCont/Cls_scattered_01_wCont/OII_all_cross/Cl_157.npy,/path/to/Cls_scattered_01_wCont/Cls_scattered_01_wCont/OIII_all_cross/Cl_157.npy,/path/to/Cls_scattered_01_wCont/Cls_scattered_01_wCont/OII_all_cross/Cl_157_1.npy,/path/to/Cls_scattered_01_wCont/Cls_scattered_01_wCont/OIII_all_cross/Cl_157_1.npy,/path/to/Cls_scattered_01_wCont/Cls_scattered_01_wCont/Shift7_all_cross/Cl_157.npy,/path/to/Cls_scattered_01_wCont/Cls_scattered_01_wCont/Ha/Cl_157.npy,/path/to/Cls_scattered_01_wCont/Cls_scattered_01_wCont/OII/Cl_157.npy,/path/to/Cls_scattered_01_wCont/Cls_scattered_01_wCont/OIII/Cl_157.npy,/path/to/Cls_scattered_01_wCont/Cls_scattered_01_wCont/Cont/Cl_157.npy,0.27618474857881664,1.3686927931383253
/path/to/Cls_scattered_01_wCont/Cls_scattered_01_wCont/Ha_OII_OIII_Cont/Cl_158.npy,/path/to/Cls_scattered_01_wCont/Cls_scattered_01_wCont/OII_all_cross/Cl_158.npy,/path/to/Cls_scattered_01_wCont/Cls_scattered_01_wCont/OIII_all_cross/Cl_158.npy,/path/to/Cls_scattered_01_wCont/Cls_scattered_01_wCont/OII_all_cross/Cl_158_1.npy,/path/to/Cls_scattered_01_wCont/Cls_scattered_01_wCont/OIII_all_cross/Cl_158_1.npy,/path/to/Cls_scattered_01_wCont/Cls_scattered_01_wCont/Shift7_all_cross/Cl_158.npy,/path/to/Cls_scattered_01_wCont/Cls_scattered_01_wCont/Ha/Cl_158.npy,/path/to/Cls_scattered_01_wCont/Cls_scattered_01_wCont/OII/Cl_158.npy,/path/to/Cls_scattered_01_wCont/Cls_scattered_01_wCont/OIII/Cl_158.npy,/path/to/Cls_scattered_01_wCont/Cls_scattered_01_wCont/Cont/Cl_158.npy,0.7576836509630084,0.303847720567137
/path/to/Cls_scattered_01_wCont/Cls_scattered_01_wCont/Ha_OII_OIII_Cont/Cl_159.npy,/path/to/Cls_scattered_01_wCont/Cls_scattered_01_wCont/OII_all_cross/Cl_159.npy,/path/to/Cls_scattered_01_wCont/Cls_scattered_01_wCont/OIII_all_cross/Cl_159.npy,/path/to/Cls_scattered_01_wCont/Cls_scattered_01_wCont/OII_all_cross/Cl_159_1.npy,/path/to/Cls_scattered_01_wCont/Cls_scattered_01_wCont/OIII_all_cross/Cl_159_1.npy,/path/to/Cls_scattered_01_wCont/Cls_scattered_01_wCont/Shift7_all_cross/Cl_159.npy,/path/to/Cls_scattered_01_wCont/Cls_scattered_01_wCont/Ha/Cl_159.npy,/path/to/Cls_scattered_01_wCont/Cls_scattered_01_wCont/OII/Cl_159.npy,/path/to/Cls_scattered_01_wCont/Cls_scattered_01_wCont/OIII/Cl_159.npy,/path/to/Cls_scattered_01_wCont/Cls_scattered_01_wCont/Cont/Cl_159.npy,1.2738648662343621,1.8711237979121507
/path/to/Cls_scattered_01_wCont/Cls_scattered_01_wCont/Ha_OII_OIII_Cont/Cl_160.npy,/path/to/Cls_scattered_01_wCont/Cls_scattered_01_wCont/OII_all_cross/Cl_160.npy,/path/to/Cls_scattered_01_wCont/Cls_scattered_01_wCont/OIII_all_cross/Cl_160.npy,/path/to/Cls_scattered_01_wCont/Cls_scattered_01_wCont/OII_all_cross/Cl_160_1.npy,/path/to/Cls_scattered_01_wCont/Cls_scattered_01_wCont/OIII_all_cross/Cl_160_1.npy,/path/to/Cls_scattered_01_wCont/Cls_scattered_01_wCont/Shift7_all_cross/Cl_160.npy,/path/to/Cls_scattered_01_wCont/Cls_scattered_01_wCont/Ha/Cl_160.npy,/path/to/Cls_scattered_01_wCont/Cls_scattered_01_wCont/OII/Cl_160.npy,/path/to/Cls_scattered_01_wCont/Cls_scattered_01_wCont/OIII/Cl_160.npy,/path/to/Cls_scattered_01_wCont/Cls_scattered_01_wCont/Cont/Cl_160.npy,1.2328072355128825,0.7421609211713075
/path/to/Cls_scattered_01_wCont/Cls_scattered_01_wCont/Ha_OII_OIII_Cont/Cl_161.npy,/path/to/Cls_scattered_01_wCont/Cls_scattered_01_wCont/OII_all_cross/Cl_161.npy,/path/to/Cls_scattered_01_wCont/Cls_scattered_01_wCont/OIII_all_cross/Cl_161.npy,/path/to/Cls_scattered_01_wCont/Cls_scattered_01_wCont/OII_all_cross/Cl_161_1.npy,/path/to/Cls_scattered_01_wCont/Cls_scattered_01_wCont/OIII_all_cross/Cl_161_1.npy,/path/to/Cls_scattered_01_wCont/Cls_scattered_01_wCont/Shift7_all_cross/Cl_161.npy,/path/to/Cls_scattered_01_wCont/Cls_scattered_01_wCont/Ha/Cl_161.npy,/path/to/Cls_scattered_01_wCont/Cls_scattered_01_wCont/OII/Cl_161.npy,/path/to/Cls_scattered_01_wCont/Cls_scattered_01_wCont/OIII/Cl_161.npy,/path/to/Cls_scattered_01_wCont/Cls_scattered_01_wCont/Cont/Cl_161.npy,0.7982666593976319,1.3120948135852815
/path/to/Cls_scattered_01_wCont/Cls_scattered_01_wCont/Ha_OII_OIII_Cont/Cl_162.npy,/path/to/Cls_scattered_01_wCont/Cls_scattered_01_wCont/OII_all_cross/Cl_162.npy,/path/to/Cls_scattered_01_wCont/Cls_scattered_01_wCont/OIII_all_cross/Cl_162.npy,/path/to/Cls_scattered_01_wCont/Cls_scattered_01_wCont/OII_all_cross/Cl_162_1.npy,/path/to/Cls_scattered_01_wCont/Cls_scattered_01_wCont/OIII_all_cross/Cl_162_1.npy,/path/to/Cls_scattered_01_wCont/Cls_scattered_01_wCont/Shift7_all_cross/Cl_162.npy,/path/to/Cls_scattered_01_wCont/Cls_scattered_01_wCont/Ha/Cl_162.npy,/path/to/Cls_scattered_01_wCont/Cls_scattered_01_wCont/OII/Cl_162.npy,/path/to/Cls_scattered_01_wCont/Cls_scattered_01_wCont/OIII/Cl_162.npy,/path/to/Cls_scattered_01_wCont/Cls_scattered_01_wCont/Cont/Cl_162.npy,0.2277124872431159,0.2398527949117124
/path/to/Cls_scattered_01_wCont/Cls_scattered_01_wCont/Ha_OII_OIII_Cont/Cl_163.npy,/path/to/Cls_scattered_01_wCont/Cls_scattered_01_wCont/OII_all_cross/Cl_163.npy,/path/to/Cls_scattered_01_wCont/Cls_scattered_01_wCont/OIII_all_cross/Cl_163.npy,/path/to/Cls_scattered_01_wCont/Cls_scattered_01_wCont/OII_all_cross/Cl_163_1.npy,/path/to/Cls_scattered_01_wCont/Cls_scattered_01_wCont/OIII_all_cross/Cl_163_1.npy,/path/to/Cls_scattered_01_wCont/Cls_scattered_01_wCont/Shift7_all_cross/Cl_163.npy,/path/to/Cls_scattered_01_wCont/Cls_scattered_01_wCont/Ha/Cl_163.npy,/path/to/Cls_scattered_01_wCont/Cls_scattered_01_wCont/OII/Cl_163.npy,/path/to/Cls_scattered_01_wCont/Cls_scattered_01_wCont/OIII/Cl_163.npy,/path/to/Cls_scattered_01_wCont/Cls_scattered_01_wCont/Cont/Cl_163.npy,1.6994628267362715,1.8145223076455295
/path/to/Cls_scattered_01_wCont/Cls_scattered_01_wCont/Ha_OII_OIII_Cont/Cl_164.npy,/path/to/Cls_scattered_01_wCont/Cls_scattered_01_wCont/OII_all_cross/Cl_164.npy,/path/to/Cls_scattered_01_wCont/Cls_scattered_01_wCont/OIII_all_cross/Cl_164.npy,/path/to/Cls_scattered_01_wCont/Cls_scattered_01_wCont/OII_all_cross/Cl_164_1.npy,/path/to/Cls_scattered_01_wCont/Cls_scattered_01_wCont/OIII_all_cross/Cl_164_1.npy,/path/to/Cls_scattered_01_wCont/Cls_scattered_01_wCont/Shift7_all_cross/Cl_164.npy,/path/to/Cls_scattered_01_wCont/Cls_scattered_01_wCont/Ha/Cl_164.npy,/path/to/Cls_scattered_01_wCont/Cls_scattered_01_wCont/OII/Cl_164.npy,/path/to/Cls_scattered_01_wCont/Cls_scattered_01_wCont/OIII/Cl_164.npy,/path/to/Cls_scattered_01_wCont/Cls_scattered_01_wCont/Cont/Cl_164.npy,1.9592398597858847,0.5506820797920227
/path/to/Cls_scattered_01_wCont/Cls_scattered_01_wCont/Ha_OII_OIII_Cont/Cl_165.npy,/path/to/Cls_scattered_01_wCont/Cls_scattered_01_wCont/OII_all_cross/Cl_165.npy,/path/to/Cls_scattered_01_wCont/Cls_scattered_01_wCont/OIII_all_cross/Cl_165.npy,/path/to/Cls_scattered_01_wCont/Cls_scattered_01_wCont/OII_all_cross/Cl_165_1.npy,/path/to/Cls_scattered_01_wCont/Cls_scattered_01_wCont/OIII_all_cross/Cl_165_1.npy,/path/to/Cls_scattered_01_wCont/Cls_scattered_01_wCont/Shift7_all_cross/Cl_165.npy,/path/to/Cls_scattered_01_wCont/Cls_scattered_01_wCont/Ha/Cl_165.npy,/path/to/Cls_scattered_01_wCont/Cls_scattered_01_wCont/OII/Cl_165.npy,/path/to/Cls_scattered_01_wCont/Cls_scattered_01_wCont/OIII/Cl_165.npy,/path/to/Cls_scattered_01_wCont/Cls_scattered_01_wCont/Cont/Cl_165.npy,0.546895946841687,1.5949480164796115
/path/to/Cls_scattered_01_wCont/Cls_scattered_01_wCont/Ha_OII_OIII_Cont/Cl_166.npy,/path/to/Cls_scattered_01_wCont/Cls_scattered_01_wCont/OII_all_cross/Cl_166.npy,/path/to/Cls_scattered_01_wCont/Cls_scattered_01_wCont/OIII_all_cross/Cl_166.npy,/path/to/Cls_scattered_01_wCont/Cls_scattered_01_wCont/OII_all_cross/Cl_166_1.npy,/path/to/Cls_scattered_01_wCont/Cls_scattered_01_wCont/OIII_all_cross/Cl_166_1.npy,/path/to/Cls_scattered_01_wCont/Cls_scattered_01_wCont/Shift7_all_cross/Cl_166.npy,/path/to/Cls_scattered_01_wCont/Cls_scattered_01_wCont/Ha/Cl_166.npy,/path/to/Cls_scattered_01_wCont/Cls_scattered_01_wCont/OII/Cl_166.npy,/path/to/Cls_scattered_01_wCont/Cls_scattered_01_wCont/OIII/Cl_166.npy,/path/to/Cls_scattered_01_wCont/Cls_scattered_01_wCont/Cont/Cl_166.npy,0.95417339541018,0.9974384899251162
/path/to/Cls_scattered_01_wCont/Cls_scattered_01_wCont/Ha_OII_OIII_Cont/Cl_167.npy,/path/to/Cls_scattered_01_wCont/Cls_scattered_01_wCont/OII_all_cross/Cl_167.npy,/path/to/Cls_scattered_01_wCont/Cls_scattered_01_wCont/OIII_all_cross/Cl_167.npy,/path/to/Cls_scattered_01_wCont/Cls_scattered_01_wCont/OII_all_cross/Cl_167_1.npy,/path/to/Cls_scattered_01_wCont/Cls_scattered_01_wCont/OIII_all_cross/Cl_167_1.npy,/path/to/Cls_scattered_01_wCont/Cls_scattered_01_wCont/Shift7_all_cross/Cl_167.npy,/path/to/Cls_scattered_01_wCont/Cls_scattered_01_wCont/Ha/Cl_167.npy,/path/to/Cls_scattered_01_wCont/Cls_scattered_01_wCont/OII/Cl_167.npy,/path/to/Cls_scattered_01_wCont/Cls_scattered_01_wCont/OIII/Cl_167.npy,/path/to/Cls_scattered_01_wCont/Cls_scattered_01_wCont/Cont/Cl_167.npy,1.4480629809200765,1.1482969312928617
/path/to/Cls_scattered_01_wCont/Cls_scattered_01_wCont/Ha_OII_OIII_Cont/Cl_168.npy,/path/to/Cls_scattered_01_wCont/Cls_scattered_01_wCont/OII_all_cross/Cl_168.npy,/path/to/Cls_scattered_01_wCont/Cls_scattered_01_wCont/OIII_all_cross/Cl_168.npy,/path/to/Cls_scattered_01_wCont/Cls_scattered_01_wCont/OII_all_cross/Cl_168_1.npy,/path/to/Cls_scattered_01_wCont/Cls_scattered_01_wCont/OIII_all_cross/Cl_168_1.npy,/path/to/Cls_scattered_01_wCont/Cls_scattered_01_wCont/Shift7_all_cross/Cl_168.npy,/path/to/Cls_scattered_01_wCont/Cls_scattered_01_wCont/Ha/Cl_168.npy,/path/to/Cls_scattered_01_wCont/Cls_scattered_01_wCont/OII/Cl_168.npy,/path/to/Cls_scattered_01_wCont/Cls_scattered_01_wCont/OIII/Cl_168.npy,/path/to/Cls_scattered_01_wCont/Cls_scattered_01_wCont/Cont/Cl_168.npy,1.328190662059933,0.21553804213181138
/path/to/Cls_scattered_01_wCont/Cls_scattered_01_wCont/Ha_OII_OIII_Cont/Cl_169.npy,/path/to/Cls_scattered_01_wCont/Cls_scattered_01_wCont/OII_all_cross/Cl_169.npy,/path/to/Cls_scattered_01_wCont/Cls_scattered_01_wCont/OIII_all_cross/Cl_169.npy,/path/to/Cls_scattered_01_wCont/Cls_scattered_01_wCont/OII_all_cross/Cl_169_1.npy,/path/to/Cls_scattered_01_wCont/Cls_scattered_01_wCont/OIII_all_cross/Cl_169_1.npy,/path/to/Cls_scattered_01_wCont/Cls_scattered_01_wCont/Shift7_all_cross/Cl_169.npy,/path/to/Cls_scattered_01_wCont/Cls_scattered_01_wCont/Ha/Cl_169.npy,/path/to/Cls_scattered_01_wCont/Cls_scattered_01_wCont/OII/Cl_169.npy,/path/to/Cls_scattered_01_wCont/Cls_scattered_01_wCont/OIII/Cl_169.npy,/path/to/Cls_scattered_01_wCont/Cls_scattered_01_wCont/Cont/Cl_169.npy,0.8407680940814316,1.9574602288194
/path/to/Cls_scattered_01_wCont/Cls_scattered_01_wCont/Ha_OII_OIII_Cont/Cl_170.npy,/path/to/Cls_scattered_01_wCont/Cls_scattered_01_wCont/OII_all_cross/Cl_170.npy,/path/to/Cls_scattered_01_wCont/Cls_scattered_01_wCont/OIII_all_cross/Cl_170.npy,/path/to/Cls_scattered_01_wCont/Cls_scattered_01_wCont/OII_all_cross/Cl_170_1.npy,/path/to/Cls_scattered_01_wCont/Cls_scattered_01_wCont/OIII_all_cross/Cl_170_1.npy,/path/to/Cls_scattered_01_wCont/Cls_scattered_01_wCont/Shift7_all_cross/Cl_170.npy,/path/to/Cls_scattered_01_wCont/Cls_scattered_01_wCont/Ha/Cl_170.npy,/path/to/Cls_scattered_01_wCont/Cls_scattered_01_wCont/OII/Cl_170.npy,/path/to/Cls_scattered_01_wCont/Cls_scattered_01_wCont/OIII/Cl_170.npy,/path/to/Cls_scattered_01_wCont/Cls_scattered_01_wCont/Cont/Cl_170.npy,0.43349562492221594,0.6622944487258792
/path/to/Cls_scattered_01_wCont/Cls_scattered_01_wCont/Ha_OII_OIII_Cont/Cl_171.npy,/path/to/Cls_scattered_01_wCont/Cls_scattered_01_wCont/OII_all_cross/Cl_171.npy,/path/to/Cls_scattered_01_wCont/Cls_scattered_01_wCont/OIII_all_cross/Cl_171.npy,/path/to/Cls_scattered_01_wCont/Cls_scattered_01_wCont/OII_all_cross/Cl_171_1.npy,/path/to/Cls_scattered_01_wCont/Cls_scattered_01_wCont/OIII_all_cross/Cl_171_1.npy,/path/to/Cls_scattered_01_wCont/Cls_scattered_01_wCont/Shift7_all_cross/Cl_171.npy,/path/to/Cls_scattered_01_wCont/Cls_scattered_01_wCont/Ha/Cl_171.npy,/path/to/Cls_scattered_01_wCont/Cls_scattered_01_wCont/OII/Cl_171.npy,/path/to/Cls_scattered_01_wCont/Cls_scattered_01_wCont/OIII/Cl_171.npy,/path/to/Cls_scattered_01_wCont/Cls_scattered_01_wCont/Cont/Cl_171.npy,1.839376144297421,1.5108091400936245
/path/to/Cls_scattered_01_wCont/Cls_scattered_01_wCont/Ha_OII_OIII_Cont/Cl_172.npy,/path/to/Cls_scattered_01_wCont/Cls_scattered_01_wCont/OII_all_cross/Cl_172.npy,/path/to/Cls_scattered_01_wCont/Cls_scattered_01_wCont/OIII_all_cross/Cl_172.npy,/path/to/Cls_scattered_01_wCont/Cls_scattered_01_wCont/OII_all_cross/Cl_172_1.npy,/path/to/Cls_scattered_01_wCont/Cls_scattered_01_wCont/OIII_all_cross/Cl_172_1.npy,/path/to/Cls_scattered_01_wCont/Cls_scattered_01_wCont/Shift7_all_cross/Cl_172.npy,/path/to/Cls_scattered_01_wCont/Cls_scattered_01_wCont/Ha/Cl_172.npy,/path/to/Cls_scattered_01_wCont/Cls_scattered_01_wCont/OII/Cl_172.npy,/path/to/Cls_scattered_01_wCont/Cls_scattered_01_wCont/OIII/Cl_172.npy,/path/to/Cls_scattered_01_wCont/Cls_scattered_01_wCont/Cont/Cl_172.npy,1.5795067532919347,0.8546487194485962
/path/to/Cls_scattered_01_wCont/Cls_scattered_01_wCont/Ha_OII_OIII_Cont/Cl_173.npy,/path/to/Cls_scattered_01_wCont/Cls_scattered_01_wCont/OII_all_cross/Cl_173.npy,/path/to/Cls_scattered_01_wCont/Cls_scattered_01_wCont/OIII_all_cross/Cl_173.npy,/path/to/Cls_scattered_01_wCont/Cls_scattered_01_wCont/OII_all_cross/Cl_173_1.npy,/path/to/Cls_scattered_01_wCont/Cls_scattered_01_wCont/OIII_all_cross/Cl_173_1.npy,/path/to/Cls_scattered_01_wCont/Cls_scattered_01_wCont/Shift7_all_cross/Cl_173.npy,/path/to/Cls_scattered_01_wCont/Cls_scattered_01_wCont/Ha/Cl_173.npy,/path/to/Cls_scattered_01_wCont/Cls_scattered_01_wCont/OII/Cl_173.npy,/path/to/Cls_scattered_01_wCont/Cls_scattered_01_wCont/OIII/Cl_173.npy,/path/to/Cls_scattered_01_wCont/Cls_scattered_01_wCont/Cont/Cl_173.npy,0.11428130147978664,1.17223886186257
/path/to/Cls_scattered_01_wCont/Cls_scattered_01_wCont/Ha_OII_OIII_Cont/Cl_174.npy,/path/to/Cls_scattered_01_wCont/Cls_scattered_01_wCont/OII_all_cross/Cl_174.npy,/path/to/Cls_scattered_01_wCont/Cls_scattered_01_wCont/OIII_all_cross/Cl_174.npy,/path/to/Cls_scattered_01_wCont/Cls_scattered_01_wCont/OII_all_cross/Cl_174_1.npy,/path/to/Cls_scattered_01_wCont/Cls_scattered_01_wCont/OIII_all_cross/Cl_174_1.npy,/path/to/Cls_scattered_01_wCont/Cls_scattered_01_wCont/Shift7_all_cross/Cl_174.npy,/path/to/Cls_scattered_01_wCont/Cls_scattered_01_wCont/Ha/Cl_174.npy,/path/to/Cls_scattered_01_wCont/Cls_scattered_01_wCont/OII/Cl_174.npy,/path/to/Cls_scattered_01_wCont/Cls_scattered_01_wCont/OIII/Cl_174.npy,/path/to/Cls_scattered_01_wCont/Cls_scattered_01_wCont/Cont/Cl_174.npy,0.6848413590341806,0.3523405896499753
/path/to/Cls_scattered_01_wCont/Cls_scattered_01_wCont/Ha_OII_OIII_Cont/Cl_175.npy,/path/to/Cls_scattered_01_wCont/Cls_scattered_01_wCont/OII_all_cross/Cl_175.npy,/path/to/Cls_scattered_01_wCont/Cls_scattered_01_wCont/OIII_all_cross/Cl_175.npy,/path/to/Cls_scattered_01_wCont/Cls_scattered_01_wCont/OII_all_cross/Cl_175_1.npy,/path/to/Cls_scattered_01_wCont/Cls_scattered_01_wCont/OIII_all_cross/Cl_175_1.npy,/path/to/Cls_scattered_01_wCont/Cls_scattered_01_wCont/Shift7_all_cross/Cl_175.npy,/path/to/Cls_scattered_01_wCont/Cls_scattered_01_wCont/Ha/Cl_175.npy,/path/to/Cls_scattered_01_wCont/Cls_scattered_01_wCont/OII/Cl_175.npy,/path/to/Cls_scattered_01_wCont/Cls_scattered_01_wCont/OIII/Cl_175.npy,/path/to/Cls_scattered_01_wCont/Cls_scattered_01_wCont/Cont/Cl_175.npy,1.1128606714308262,1.6746663523837924
/path/to/Cls_scattered_01_wCont/Cls_scattered_01_wCont/Ha_OII_OIII_Cont/Cl_176.npy,/path/to/Cls_scattered_01_wCont/Cls_scattered_01_wCont/OII_all_cross/Cl_176.npy,/path/to/Cls_scattered_01_wCont/Cls_scattered_01_wCont/OIII_all_cross/Cl_176.npy,/path/to/Cls_scattered_01_wCont/Cls_scattered_01_wCont/OII_all_cross/Cl_176_1.npy,/path/to/Cls_scattered_01_wCont/Cls_scattered_01_wCont/OIII_all_cross/Cl_176_1.npy,/path/to/Cls_scattered_01_wCont/Cls_scattered_01_wCont/Shift7_all_cross/Cl_176.npy,/path/to/Cls_scattered_01_wCont/Cls_scattered_01_wCont/Ha/Cl_176.npy,/path/to/Cls_scattered_01_wCont/Cls_scattered_01_wCont/OII/Cl_176.npy,/path/to/Cls_scattered_01_wCont/Cls_scattered_01_wCont/OIII/Cl_176.npy,/path/to/Cls_scattered_01_wCont/Cls_scattered_01_wCont/Cont/Cl_176.npy,1.0901103308424354,0.4412036973983049
/path/to/Cls_scattered_01_wCont/Cls_scattered_01_wCont/Ha_OII_OIII_Cont/Cl_177.npy,/path/to/Cls_scattered_01_wCont/Cls_scattered_01_wCont/OII_all_cross/Cl_177.npy,/path/to/Cls_scattered_01_wCont/Cls_scattered_01_wCont/OIII_all_cross/Cl_177.npy,/path/to/Cls_scattered_01_wCont/Cls_scattered_01_wCont/OII_all_cross/Cl_177_1.npy,/path/to/Cls_scattered_01_wCont/Cls_scattered_01_wCont/OIII_all_cross/Cl_177_1.npy,/path/to/Cls_scattered_01_wCont/Cls_scattered_01_wCont/Shift7_all_cross/Cl_177.npy,/path/to/Cls_scattered_01_wCont/Cls_scattered_01_wCont/Ha/Cl_177.npy,/path/to/Cls_scattered_01_wCont/Cls_scattered_01_wCont/OII/Cl_177.npy,/path/to/Cls_scattered_01_wCont/Cls_scattered_01_wCont/OIII/Cl_177.npy,/path/to/Cls_scattered_01_wCont/Cls_scattered_01_wCont/Cont/Cl_177.npy,0.6033846395090222,1.7044157534837723
/path/to/Cls_scattered_01_wCont/Cls_scattered_01_wCont/Ha_OII_OIII_Cont/Cl_178.npy,/path/to/Cls_scattered_01_wCont/Cls_scattered_01_wCont/OII_all_cross/Cl_178.npy,/path/to/Cls_scattered_01_wCont/Cls_scattered_01_wCont/OIII_all_cross/Cl_178.npy,/path/to/Cls_scattered_01_wCont/Cls_scattered_01_wCont/OII_all_cross/Cl_178_1.npy,/path/to/Cls_scattered_01_wCont/Cls_scattered_01_wCont/OIII_all_cross/Cl_178_1.npy,/path/to/Cls_scattered_01_wCont/Cls_scattered_01_wCont/Shift7_all_cross/Cl_178.npy,/path/to/Cls_scattered_01_wCont/Cls_scattered_01_wCont/Ha/Cl_178.npy,/path/to/Cls_scattered_01_wCont/Cls_scattered_01_wCont/OII/Cl_178.npy,/path/to/Cls_scattered_01_wCont/Cls_scattered_01_wCont/OIII/Cl_178.npy,/path/to/Cls_scattered_01_wCont/Cls_scattered_01_wCont/Cont/Cl_178.npy,0.19611129621043802,0.8842606364749371
/path/to/Cls_scattered_01_wCont/Cls_scattered_01_wCont/Ha_OII_OIII_Cont/Cl_179.npy,/path/to/Cls_scattered_01_wCont/Cls_scattered_01_wCont/OII_all_cross/Cl_179.npy,/path/to/Cls_scattered_01_wCont/Cls_scattered_01_wCont/OIII_all_cross/Cl_179.npy,/path/to/Cls_scattered_01_wCont/Cls_scattered_01_wCont/OII_all_cross/Cl_179_1.npy,/path/to/Cls_scattered_01_wCont/Cls_scattered_01_wCont/OIII_all_cross/Cl_179_1.npy,/path/to/Cls_scattered_01_wCont/Cls_scattered_01_wCont/Shift7_all_cross/Cl_179.npy,/path/to/Cls_scattered_01_wCont/Cls_scattered_01_wCont/Ha/Cl_179.npy,/path/to/Cls_scattered_01_wCont/Cls_scattered_01_wCont/OII/Cl_179.npy,/path/to/Cls_scattered_01_wCont/Cls_scattered_01_wCont/OIII/Cl_179.npy,/path/to/Cls_scattered_01_wCont/Cls_scattered_01_wCont/Cont/Cl_179.npy,1.601296750921756,1.2614854301325977
/path/to/Cls_scattered_01_wCont/Cls_scattered_01_wCont/Ha_OII_OIII_Cont/Cl_180.npy,/path/to/Cls_scattered_01_wCont/Cls_scattered_01_wCont/OII_all_cross/Cl_180.npy,/path/to/Cls_scattered_01_wCont/Cls_scattered_01_wCont/OIII_all_cross/Cl_180.npy,/path/to/Cls_scattered_01_wCont/Cls_scattered_01_wCont/OII_all_cross/Cl_180_1.npy,/path/to/Cls_scattered_01_wCont/Cls_scattered_01_wCont/OIII_all_cross/Cl_180_1.npy,/path/to/Cls_scattered_01_wCont/Cls_scattered_01_wCont/Shift7_all_cross/Cl_180.npy,/path/to/Cls_scattered_01_wCont/Cls_scattered_01_wCont/Ha/Cl_180.npy,/path/to/Cls_scattered_01_wCont/Cls_scattered_01_wCont/OII/Cl_180.npy,/path/to/Cls_scattered_01_wCont/Cls_scattered_01_wCont/OIII/Cl_180.npy,/path/to/Cls_scattered_01_wCont/Cls_scattered_01_wCont/Cont/Cl_180.npy,1.816426507011056,0.6326903671026229
/path/to/Cls_scattered_01_wCont/Cls_scattered_01_wCont/Ha_OII_OIII_Cont/Cl_181.npy,/path/to/Cls_scattered_01_wCont/Cls_scattered_01_wCont/OII_all_cross/Cl_181.npy,/path/to/Cls_scattered_01_wCont/Cls_scattered_01_wCont/OIII_all_cross/Cl_181.npy,/path/to/Cls_scattered_01_wCont/Cls_scattered_01_wCont/OII_all_cross/Cl_181_1.npy,/path/to/Cls_scattered_01_wCont/Cls_scattered_01_wCont/OIII_all_cross/Cl_181_1.npy,/path/to/Cls_scattered_01_wCont/Cls_scattered_01_wCont/Shift7_all_cross/Cl_181.npy,/path/to/Cls_scattered_01_wCont/Cls_scattered_01_wCont/Ha/Cl_181.npy,/path/to/Cls_scattered_01_wCont/Cls_scattered_01_wCont/OII/Cl_181.npy,/path/to/Cls_scattered_01_wCont/Cls_scattered_01_wCont/OIII/Cl_181.npy,/path/to/Cls_scattered_01_wCont/Cls_scattered_01_wCont/Cont/Cl_181.npy,0.3518975920975208,1.421568765118718
/path/to/Cls_scattered_01_wCont/Cls_scattered_01_wCont/Ha_OII_OIII_Cont/Cl_182.npy,/path/to/Cls_scattered_01_wCont/Cls_scattered_01_wCont/OII_all_cross/Cl_182.npy,/path/to/Cls_scattered_01_wCont/Cls_scattered_01_wCont/OIII_all_cross/Cl_182.npy,/path/to/Cls_scattered_01_wCont/Cls_scattered_01_wCont/OII_all_cross/Cl_182_1.npy,/path/to/Cls_scattered_01_wCont/Cls_scattered_01_wCont/OIII_all_cross/Cl_182_1.npy,/path/to/Cls_scattered_01_wCont/Cls_scattered_01_wCont/Shift7_all_cross/Cl_182.npy,/path/to/Cls_scattered_01_wCont/Cls_scattered_01_wCont/Ha/Cl_182.npy,/path/to/Cls_scattered_01_wCont/Cls_scattered_01_wCont/OII/Cl_182.npy,/path/to/Cls_scattered_01_wCont/Cls_scattered_01_wCont/OIII/Cl_182.npy,/path/to/Cls_scattered_01_wCont/Cls_scattered_01_wCont/Cont/Cl_182.npy,0.9224567188881337,0.12666708482429384
/path/to/Cls_scattered_01_wCont/Cls_scattered_01_wCont/Ha_OII_OIII_Cont/Cl_183.npy,/path/to/Cls_scattered_01_wCont/Cls_scattered_01_wCont/OII_all_cross/Cl_183.npy,/path/to/Cls_scattered_01_wCont/Cls_scattered_01_wCont/OIII_all_cross/Cl_183.npy,/path/to/Cls_scattered_01_wCont/Cls_scattered_01_wCont/OII_all_cross/Cl_183_1.npy,/path/to/Cls_scattered_01_wCont/Cls_scattered_01_wCont/OIII_all_cross/Cl_183_1.npy,/path/to/Cls_scattered_01_wCont/Cls_scattered_01_wCont/Shift7_all_cross/Cl_183.npy,/path/to/Cls_scattered_01_wCont/Cls_scattered_01_wCont/Ha/Cl_183.npy,/path/to/Cls_scattered_01_wCont/Cls_scattered_01_wCont/OII/Cl_183.npy,/path/to/Cls_scattered_01_wCont/Cls_scattered_01_wCont/OIII/Cl_183.npy,/path/to/Cls_scattered_01_wCont/Cls_scattered_01_wCont/Cont/Cl_183.npy,1.3497813063673676,1.9277046202681958
/path/to/Cls_scattered_01_wCont/Cls_scattered_01_wCont/Ha_OII_OIII_Cont/Cl_184.npy,/path/to/Cls_scattered_01_wCont/Cls_scattered_01_wCont/OII_all_cross/Cl_184.npy,/path/to/Cls_scattered_01_wCont/Cls_scattered_01_wCont/OIII_all_cross/Cl_184.npy,/path/to/Cls_scattered_01_wCont/Cls_scattered_01_wCont/OII_all_cross/Cl_184_1.npy,/path/to/Cls_scattered_01_wCont/Cls_scattered_01_wCont/OIII_all_cross/Cl_184_1.npy,/path/to/Cls_scattered_01_wCont/Cls_scattered_01_wCont/Shift7_all_cross/Cl_184.npy,/path/to/Cls_scattered_01_wCont/Cls_scattered_01_wCont/Ha/Cl_184.npy,/path/to/Cls_scattered_01_wCont/Cls_scattered_01_wCont/OII/Cl_184.npy,/path/to/Cls_scattered_01_wCont/Cls_scattered_01_wCont/OIII/Cl_184.npy,/path/to/Cls_scattered_01_wCont/Cls_scattered_01_wCont/Cont/Cl_184.npy,1.4711195250973106,0.9678344153799116
/path/to/Cls_scattered_01_wCont/Cls_scattered_01_wCont/Ha_OII_OIII_Cont/Cl_185.npy,/path/to/Cls_scattered_01_wCont/Cls_scattered_01_wCont/OII_all_cross/Cl_185.npy,/path/to/Cls_scattered_01_wCont/Cls_scattered_01_wCont/OIII_all_cross/Cl_185.npy,/path/to/Cls_scattered_01_wCont/Cls_scattered_01_wCont/OII_all_cross/Cl_185_1.npy,/path/to/Cls_scattered_01_wCont/Cls_scattered_01_wCont/OIII_all_cross/Cl_185_1.npy,/path/to/Cls_scattered_01_wCont/Cls_scattered_01_wCont/Shift7_all_cross/Cl_185.npy,/path/to/Cls_scattered_01_wCont/Cls_scattered_01_wCont/Ha/Cl_185.npy,/path/to/Cls_scattered_01_wCont/Cls_scattered_01_wCont/OII/Cl_185.npy,/path/to/Cls_scattered_01_wCont/Cls_scattered_01_wCont/OIII/Cl_185.npy,/path/to/Cls_scattered_01_wCont/Cls_scattered_01_wCont/Cont/Cl_185.npy,1.0354180919006466,1.0590565633960067
/path/to/Cls_scattered_01_wCont/Cls_scattered_01_wCont/Ha_OII_OIII_Cont/Cl_186.npy,/path/to/Cls_scattered_01_wCont/Cls_scattered_01_wCont/OII_all_cross/Cl_186.npy,/path/to/Cls_scattered_01_wCont/Cls_scattered_01_wCont/OIII_all_cross/Cl_186.npy,/path/to/Cls_scattered_01_wCont/Cls_scattered_01_wCont/OII_all_cross/Cl_186_1.npy,/path/to/Cls_scattered_01_wCont/Cls_scattered_01_wCont/OIII_all_cross/Cl_186_1.npy,/path/to/Cls_scattered_01_wCont/Cls_scattered_01_wCont/Shift7_all_cross/Cl_186.npy,/path/to/Cls_scattered_01_wCont/Cls_scattered_01_wCont/Ha/Cl_186.npy,/path/to/Cls_scattered_01_wCont/Cls_scattered_01_wCont/OII/Cl_186.npy,/path/to/Cls_scattered_01_wCont/Cls_scattered_01_wCont/OIII/Cl_186.npy,/path/to/Cls_scattered_01_wCont/Cls_scattered_01_wCont/Cont/Cl_186.npy,0.46486485758796336,0.46181112956255677
/path/to/Cls_scattered_01_wCont/Cls_scattered_01_wCont/Ha_OII_OIII_Cont/Cl_187.npy,/path/to/Cls_scattered_01_wCont/Cls_scattered_01_wCont/OII_all_cross/Cl_187.npy,/path/to/Cls_scattered_01_wCont/Cls_scattered_01_wCont/OIII_all_cross/Cl_187.npy,/path/to/Cls_scattered_01_wCont/Cls_scattered_01_wCont/OII_all_cross/Cl_187_1.npy,/path/to/Cls_scattered_01_wCont/Cls_scattered_01_wCont/OIII_all_cross/Cl_187_1.npy,/path/to/Cls_scattered_01_wCont/Cls_scattered_01_wCont/Shift7_all_cross/Cl_187.npy,/path/to/Cls_scattered_01_wCont/Cls_scattered_01_wCont/Ha/Cl_187.npy,/path/to/Cls_scattered_01_wCont/Cls_scattered_01_wCont/OII/Cl_187.npy,/path/to/Cls_scattered_01_wCont/Cls_scattered_01_wCont/OIII/Cl_187.npy,/path/to/Cls_scattered_01_wCont/Cls_scattered_01_wCont/Cont/Cl_187.npy,1.9377742421813309,1.5651924150064587
/path/to/Cls_scattered_01_wCont/Cls_scattered_01_wCont/Ha_OII_OIII_Cont/Cl_188.npy,/path/to/Cls_scattered_01_wCont/Cls_scattered_01_wCont/OII_all_cross/Cl_188.npy,/path/to/Cls_scattered_01_wCont/Cls_scattered_01_wCont/OIII_all_cross/Cl_188.npy,/path/to/Cls_scattered_01_wCont/Cls_scattered_01_wCont/OII_all_cross/Cl_188_1.npy,/path/to/Cls_scattered_01_wCont/Cls_scattered_01_wCont/OIII_all_cross/Cl_188_1.npy,/path/to/Cls_scattered_01_wCont/Cls_scattered_01_wCont/Shift7_all_cross/Cl_188.npy,/path/to/Cls_scattered_01_wCont/Cls_scattered_01_wCont/Ha/Cl_188.npy,/path/to/Cls_scattered_01_wCont/Cls_scattered_01_wCont/OII/Cl_188.npy,/path/to/Cls_scattered_01_wCont/Cls_scattered_01_wCont/OIII/Cl_188.npy,/path/to/Cls_scattered_01_wCont/Cls_scattered_01_wCont/Cont/Cl_188.npy,1.7225520078092813,0.3287159097380936
/path/to/Cls_scattered_01_wCont/Cls_scattered_01_wCont/Ha_OII_OIII_Cont/Cl_189.npy,/path/to/Cls_scattered_01_wCont/Cls_scattered_01_wCont/OII_all_cross/Cl_189.npy,/path/to/Cls_scattered_01_wCont/Cls_scattered_01_wCont/OIII_all_cross/Cl_189.npy,/path/to/Cls_scattered_01_wCont/Cls_scattered_01_wCont/OII_all_cross/Cl_189_1.npy,/path/to/Cls_scattered_01_wCont/Cls_scattered_01_wCont/OIII_all_cross/Cl_189_1.npy,/path/to/Cls_scattered_01_wCont/Cls_scattered_01_wCont/Shift7_all_cross/Cl_189.npy,/path/to/Cls_scattered_01_wCont/Cls_scattered_01_wCont/Ha/Cl_189.npy,/path/to/Cls_scattered_01_wCont/Cls_scattered_01_wCont/OII/Cl_189.npy,/path/to/Cls_scattered_01_wCont/Cls_scattered_01_wCont/OIII/Cl_189.npy,/path/to/Cls_scattered_01_wCont/Cls_scattered_01_wCont/Cont/Cl_189.npy,0.30904780402779575,1.8442717158235609
/path/to/Cls_scattered_01_wCont/Cls_scattered_01_wCont/Ha_OII_OIII_Cont/Cl_190.npy,/path/to/Cls_scattered_01_wCont/Cls_scattered_01_wCont/OII_all_cross/Cl_190.npy,/path/to/Cls_scattered_01_wCont/Cls_scattered_01_wCont/OIII_all_cross/Cl_190.npy,/path/to/Cls_scattered_01_wCont/Cls_scattered_01_wCont/OII_all_cross/Cl_190_1.npy,/path/to/Cls_scattered_01_wCont/Cls_scattered_01_wCont/OIII_all_cross/Cl_190_1.npy,/path/to/Cls_scattered_01_wCont/Cls_scattered_01_wCont/Shift7_all_cross/Cl_190.npy,/path/to/Cls_scattered_01_wCont/Cls_scattered_01_wCont/Ha/Cl_190.npy,/path/to/Cls_scattered_01_wCont/Cls_scattered_01_wCont/OII/Cl_190.npy,/path/to/Cls_scattered_01_wCont/Cls_scattered_01_wCont/OIII/Cl_190.npy,/path/to/Cls_scattered_01_wCont/Cls_scattered_01_wCont/Cont/Cl_190.npy,0.716326133813709,0.7717728452757
/path/to/Cls_scattered_01_wCont/Cls_scattered_01_wCont/Ha_OII_OIII_Cont/Cl_191.npy,/path/to/Cls_scattered_01_wCont/Cls_scattered_01_wCont/OII_all_cross/Cl_191.npy,/path/to/Cls_scattered_01_wCont/Cls_scattered_01_wCont/OIII_all_cross/Cl_191.npy,/path/to/Cls_scattered_01_wCont/Cls_scattered_01_wCont/OII_all_cross/Cl_191_1.npy,/path/to/Cls_scattered_01_wCont/Cls_scattered_01_wCont/OIII_all_cross/Cl_191_1.npy,/path/to/Cls_scattered_01_wCont/Cls_scattered_01_wCont/Shift7_all_cross/Cl_191.npy,/path/to/Cls_scattered_01_wCont/Cls_scattered_01_wCont/Ha/Cl_191.npy,/path/to/Cls_scattered_01_wCont/Cls_scattered_01_wCont/OII/Cl_191.npy,/path/to/Cls_scattered_01_wCont/Cls_scattered_01_wCont/OIII/Cl_191.npy,/path/to/Cls_scattered_01_wCont/Cls_scattered_01_wCont/Cont/Cl_191.npy,1.2113741981796922,1.4013413889333606
/path/to/Cls_scattered_01_wCont/Cls_scattered_01_wCont/Ha_OII_OIII_Cont/Cl_192.npy,/path/to/Cls_scattered_01_wCont/Cls_scattered_01_wCont/OII_all_cross/Cl_192.npy,/path/to/Cls_scattered_01_wCont/Cls_scattered_01_wCont/OIII_all_cross/Cl_192.npy,/path/to/Cls_scattered_01_wCont/Cls_scattered_01_wCont/OII_all_cross/Cl_192_1.npy,/path/to/Cls_scattered_01_wCont/Cls_scattered_01_wCont/OIII_all_cross/Cl_192_1.npy,/path/to/Cls_scattered_01_wCont/Cls_scattered_01_wCont/Shift7_all_cross/Cl_192.npy,/path/to/Cls_scattered_01_wCont/Cls_scattered_01_wCont/Ha/Cl_192.npy,/path/to/Cls_scattered_01_wCont/Cls_scattered_01_wCont/OII/Cl_192.npy,/path/to/Cls_scattered_01_wCont/Cls_scattered_01_wCont/OIII/Cl_192.npy,/path/to/Cls_scattered_01_wCont/Cls_scattered_01_wCont/Cont/Cl_192.npy,1.2238610083237291,1.0166689632460475
/path/to/Cls_scattered_01_wCont/Cls_scattered_01_wCont/Ha_OII_OIII_Cont/Cl_193.npy,/path/to/Cls_scattered_01_wCont/Cls_scattered_01_wCont/OII_all_cross/Cl_193.npy,/path/to/Cls_scattered_01_wCont/Cls_scattered_01_wCont/OIII_all_cross/Cl_193.npy,/path/to/Cls_scattered_01_wCont/Cls_scattered_01_wCont/OII_all_cross/Cl_193_1.npy,/path/to/Cls_scattered_01_wCont/Cls_scattered_01_wCont/OIII_all_cross/Cl_193_1.npy,/path/to/Cls_scattered_01_wCont/Cls_scattered_01_wCont/Shift7_all_cross/Cl_193.npy,/path/to/Cls_scattered_01_wCont/Cls_scattered_01_wCont/Ha/Cl_193.npy,/path/to/Cls_scattered_01_wCont/Cls_scattered_01_wCont/OII/Cl_193.npy,/path/to/Cls_scattered_01_wCont/Cls_scattered_01_wCont/OIII/Cl_193.npy,/path/to/Cls_scattered_01_wCont/Cls_scattered_01_wCont/Cont/Cl_193.npy,0.707445084862411,1.156452745385468
/path/to/Cls_scattered_01_wCont/Cls_scattered_01_wCont/Ha_OII_OIII_Cont/Cl_194.npy,/path/to/Cls_scattered_01_wCont/Cls_scattered_01_wCont/OII_all_cross/Cl_194.npy,/path/to/Cls_scattered_01_wCont/Cls_scattered_01_wCont/OIII_all_cross/Cl_194.npy,/path/to/Cls_scattered_01_wCont/Cls_scattered_01_wCont/OII_all_cross/Cl_194_1.npy,/path/to/Cls_scattered_01_wCont/Cls_scattered_01_wCont/OIII_all_cross/Cl_194_1.npy,/path/to/Cls_scattered_01_wCont/Cls_scattered_01_wCont/Shift7_all_cross/Cl_194.npy,/path/to/Cls_scattered_01_wCont/Cls_scattered_01_wCont/Ha/Cl_194.npy,/path/to/Cls_scattered_01_wCont/Cls_scattered_01_wCont/OII/Cl_194.npy,/path/to/Cls_scattered_01_wCont/Cls_scattered_01_wCont/OIII/Cl_194.npy,/path/to/Cls_scattered_01_wCont/Cls_scattered_01_wCont/Cont/Cl_194.npy,0.329855150450021,0.573620040062815
/path/to/Cls_scattered_01_wCont/Cls_scattered_01_wCont/Ha_OII_OIII_Cont/Cl_195.npy,/path/to/Cls_scattered_01_wCont/Cls_scattered_01_wCont/OII_all_cross/Cl_195.npy,/path/to/Cls_scattered_01_wCont/Cls_scattered_01_wCont/OIII_all_cross/Cl_195.npy,/path/to/Cls_scattered_01_wCont/Cls_scattered_01_wCont/OII_all_cross/Cl_195_1.npy,/path/to/Cls_scattered_01_wCont/Cls_scattered_01_wCont/OIII_all_cross/Cl_195_1.npy,/path/to/Cls_scattered_01_wCont/Cls_scattered_01_wCont/Shift7_all_cross/Cl_195.npy,/path/to/Cls_scattered_01_wCont/Cls_scattered_01_wCont/Ha/Cl_195.npy,/path/to/Cls_scattered_01_wCont/Cls_scattered_01_wCont/OII/Cl_195.npy,/path/to/Cls_scattered_01_wCont/Cls_scattered_01_wCont/OIII/Cl_195.npy,/path/to/Cls_scattered_01_wCont/Cls_scattered_01_wCont/Cont/Cl_195.npy,1.705350373033434,1.5993891027756035
/path/to/Cls_scattered_01_wCont/Cls_scattered_01_wCont/Ha_OII_OIII_Cont/Cl_196.npy,/path/to/Cls_scattered_01_wCont/Cls_scattered_01_wCont/OII_all_cross/Cl_196.npy,/path/to/Cls_scattered_01_wCont/Cls_scattered_01_wCont/OIII_all_cross/Cl_196.npy,/path/to/Cls_scattered_01_wCont/Cls_scattered_01_wCont/OII_all_cross/Cl_196_1.npy,/path/to/Cls_scattered_01_wCont/Cls_scattered_01_wCont/OIII_all_cross/Cl_196_1.npy,/path/to/Cls_scattered_01_wCont/Cls_scattered_01_wCont/Shift7_all_cross/Cl_196.npy,/path/to/Cls_scattered_01_wCont/Cls_scattered_01_wCont/Ha/Cl_196.npy,/path/to/Cls_scattered_01_wCont/Cls_scattered_01_wCont/OII/Cl_196.npy,/path/to/Cls_scattered_01_wCont/Cls_scattered_01_wCont/OIII/Cl_196.npy,/path/to/Cls_scattered_01_wCont/Cls_scattered_01_wCont/Cont/Cl_196.npy,1.920664158463478,0.23170077819377183
/path/to/Cls_scattered_01_wCont/Cls_scattered_01_wCont/Ha_OII_OIII_Cont/Cl_197.npy,/path/to/Cls_scattered_01_wCont/Cls_scattered_01_wCont/OII_all_cross/Cl_197.npy,/path/to/Cls_scattered_01_wCont/Cls_scattered_01_wCont/OIII_all_cross/Cl_197.npy,/path/to/Cls_scattered_01_wCont/Cls_scattered_01_wCont/OII_all_cross/Cl_197_1.npy,/path/to/Cls_scattered_01_wCont/Cls_scattered_01_wCont/OIII_all_cross/Cl_197_1.npy,/path/to/Cls_scattered_01_wCont/Cls_scattered_01_wCont/Shift7_all_cross/Cl_197.npy,/path/to/Cls_scattered_01_wCont/Cls_scattered_01_wCont/Ha/Cl_197.npy,/path/to/Cls_scattered_01_wCont/Cls_scattered_01_wCont/OII/Cl_197.npy,/path/to/Cls_scattered_01_wCont/Cls_scattered_01_wCont/OIII/Cl_197.npy,/path/to/Cls_scattered_01_wCont/Cls_scattered_01_wCont/Cont/Cl_197.npy,0.48582003973424437,1.795295291952789
/path/to/Cls_scattered_01_wCont/Cls_scattered_01_wCont/Ha_OII_OIII_Cont/Cl_198.npy,/path/to/Cls_scattered_01_wCont/Cls_scattered_01_wCont/OII_all_cross/Cl_198.npy,/path/to/Cls_scattered_01_wCont/Cls_scattered_01_wCont/OIII_all_cross/Cl_198.npy,/path/to/Cls_scattered_01_wCont/Cls_scattered_01_wCont/OII_all_cross/Cl_198_1.npy,/path/to/Cls_scattered_01_wCont/Cls_scattered_01_wCont/OIII_all_cross/Cl_198_1.npy,/path/to/Cls_scattered_01_wCont/Cls_scattered_01_wCont/Shift7_all_cross/Cl_198.npy,/path/to/Cls_scattered_01_wCont/Cls_scattered_01_wCont/Ha/Cl_198.npy,/path/to/Cls_scattered_01_wCont/Cls_scattered_01_wCont/OII/Cl_198.npy,/path/to/Cls_scattered_01_wCont/Cls_scattered_01_wCont/OIII/Cl_198.npy,/path/to/Cls_scattered_01_wCont/Cls_scattered_01_wCont/Cont/Cl_198.npy,1.0266866977326572,0.7377160516567528
/path/to/Cls_scattered_01_wCont/Cls_scattered_01_wCont/Ha_OII_OIII_Cont/Cl_199.npy,/path/to/Cls_scattered_01_wCont/Cls_scattered_01_wCont/OII_all_cross/Cl_199.npy,/path/to/Cls_scattered_01_wCont/Cls_scattered_01_wCont/OIII_all_cross/Cl_199.npy,/path/to/Cls_scattered_01_wCont/Cls_scattered_01_wCont/OII_all_cross/Cl_199_1.npy,/path/to/Cls_scattered_01_wCont/Cls_scattered_01_wCont/OIII_all_cross/Cl_199_1.npy,/path/to/Cls_scattered_01_wCont/Cls_scattered_01_wCont/Shift7_all_cross/Cl_199.npy,/path/to/Cls_scattered_01_wCont/Cls_scattered_01_wCont/Ha/Cl_199.npy,/path/to/Cls_scattered_01_wCont/Cls_scattered_01_wCont/OII/Cl_199.npy,/path/to/Cls_scattered_01_wCont/Cls_scattered_01_wCont/OIII/Cl_199.npy,/path/to/Cls_scattered_01_wCont/Cls_scattered_01_wCont/Cont/Cl_199.npy,1.4836960813961924,1.2891534098424018
/path/to/Cls_scattered_01_wCont/Cls_scattered_01_wCont/Ha_OII_OIII_Cont/Cl_200.npy,/path/to/Cls_scattered_01_wCont/Cls_scattered_01_wCont/OII_all_cross/Cl_200.npy,/path/to/Cls_scattered_01_wCont/Cls_scattered_01_wCont/OIII_all_cross/Cl_200.npy,/path/to/Cls_scattered_01_wCont/Cls_scattered_01_wCont/OII_all_cross/Cl_200_1.npy,/path/to/Cls_scattered_01_wCont/Cls_scattered_01_wCont/OIII_all_cross/Cl_200_1.npy,/path/to/Cls_scattered_01_wCont/Cls_scattered_01_wCont/Shift7_all_cross/Cl_200.npy,/path/to/Cls_scattered_01_wCont/Cls_scattered_01_wCont/Ha/Cl_200.npy,/path/to/Cls_scattered_01_wCont/Cls_scattered_01_wCont/OII/Cl_200.npy,/path/to/Cls_scattered_01_wCont/Cls_scattered_01_wCont/OIII/Cl_200.npy,/path/to/Cls_scattered_01_wCont/Cls_scattered_01_wCont/Cont/Cl_200.npy,1.367021962441504,0.35671298345550895
/path/to/Cls_scattered_01_wCont/Cls_scattered_01_wCont/Ha_OII_OIII_Cont/Cl_201.npy,/path/to/Cls_scattered_01_wCont/Cls_scattered_01_wCont/OII_all_cross/Cl_201.npy,/path/to/Cls_scattered_01_wCont/Cls_scattered_01_wCont/OIII_all_cross/Cl_201.npy,/path/to/Cls_scattered_01_wCont/Cls_scattered_01_wCont/OII_all_cross/Cl_201_1.npy,/path/to/Cls_scattered_01_wCont/Cls_scattered_01_wCont/OIII_all_cross/Cl_201_1.npy,/path/to/Cls_scattered_01_wCont/Cls_scattered_01_wCont/Shift7_all_cross/Cl_201.npy,/path/to/Cls_scattered_01_wCont/Cls_scattered_01_wCont/Ha/Cl_201.npy,/path/to/Cls_scattered_01_wCont/Cls_scattered_01_wCont/OII/Cl_201.npy,/path/to/Cls_scattered_01_wCont/Cls_scattered_01_wCont/OIII/Cl_201.npy,/path/to/Cls_scattered_01_wCont/Cls_scattered_01_wCont/Cont/Cl_201.npy,0.9016321090981364,1.697651247214526
/path/to/Cls_scattered_01_wCont/Cls_scattered_01_wCont/Ha_OII_OIII_Cont/Cl_202.npy,/path/to/Cls_scattered_01_wCont/Cls_scattered_01_wCont/OII_all_cross/Cl_202.npy,/path/to/Cls_scattered_01_wCont/Cls_scattered_01_wCont/OIII_all_cross/Cl_202.npy,/path/to/Cls_scattered_01_wCont/Cls_scattered_01_wCont/OII_all_cross/Cl_202_1.npy,/path/to/Cls_scattered_01_wCont/Cls_scattered_01_wCont/OIII_all_cross/Cl_202_1.npy,/path/to/Cls_scattered_01_wCont/Cls_scattered_01_wCont/Shift7_all_cross/Cl_202.npy,/path/to/Cls_scattered_01_wCont/Cls_scattered_01_wCont/Ha/Cl_202.npy,/path/to/Cls_scattered_01_wCont/Cls_scattered_01_wCont/OII/Cl_202.npy,/path/to/Cls_scattered_01_wCont/Cls_scattered_01_wCont/OIII/Cl_202.npy,/path/to/Cls_scattered_01_wCont/Cls_scattered_01_wCont/Cont/Cl_202.npy,0.3607595656998456,0.8627282533794641
/path/to/Cls_scattered_01_wCont/Cls_scattered_01_wCont/Ha_OII_OIII_Cont/Cl_203.npy,/path/to/Cls_scattered_01_wCont/Cls_scattered_01_wCont/OII_all_cross/Cl_203.npy,/path/to/Cls_scattered_01_wCont/Cls_scattered_01_wCont/OIII_all_cross/Cl_203.npy,/path/to/Cls_scattered_01_wCont/Cls_scattered_01_wCont/OII_all_cross/Cl_203_1.npy,/path/to/Cls_scattered_01_wCont/Cls_scattered_01_wCont/OIII_all_cross/Cl_203_1.npy,/path/to/Cls_scattered_01_wCont/Cls_scattered_01_wCont/Shift7_all_cross/Cl_203.npy,/path/to/Cls_scattered_01_wCont/Cls_scattered_01_wCont/Ha/Cl_203.npy,/path/to/Cls_scattered_01_wCont/Cls_scattered_01_wCont/OII/Cl_203.npy,/path/to/Cls_scattered_01_wCont/Cls_scattered_01_wCont/OIII/Cl_203.npy,/path/to/Cls_scattered_01_wCont/Cls_scattered_01_wCont/Cont/Cl_203.npy,1.8039805301465095,1.1915093615651131
/path/to/Cls_scattered_01_wCont/Cls_scattered_01_wCont/Ha_OII_OIII_Cont/Cl_204.npy,/path/to/Cls_scattered_01_wCont/Cls_scattered_01_wCont/OII_all_cross/Cl_204.npy,/path/to/Cls_scattered_01_wCont/Cls_scattered_01_wCont/OIII_all_cross/Cl_204.npy,/path/to/Cls_scattered_01_wCont/Cls_scattered_01_wCont/OII_all_cross/Cl_204_1.npy,/path/to/Cls_scattered_01_wCont/Cls_scattered_01_wCont/OIII_all_cross/Cl_204_1.npy,/path/to/Cls_scattered_01_wCont/Cls_scattered_01_wCont/Shift7_all_cross/Cl_204.npy,/path/to/Cls_scattered_01_wCont/Cls_scattered_01_wCont/Ha/Cl_204.npy,/path/to/Cls_scattered_01_wCont/Cls_scattered_01_wCont/OII/Cl_204.npy,/path/to/Cls_scattered_01_wCont/Cls_scattered_01_wCont/OIII/Cl_204.npy,/path/to/Cls_scattered_01_wCont/Cls_scattered_01_wCont/Cont/Cl_204.npy,1.5887083530426025,0.6393130044452846
/path/to/Cls_scattered_01_wCont/Cls_scattered_01_wCont/Ha_OII_OIII_Cont/Cl_205.npy,/path/to/Cls_scattered_01_wCont/Cls_scattered_01_wCont/OII_all_cross/Cl_205.npy,/path/to/Cls_scattered_01_wCont/Cls_scattered_01_wCont/OIII_all_cross/Cl_205.npy,/path/to/Cls_scattered_01_wCont/Cls_scattered_01_wCont/OII_all_cross/Cl_205_1.npy,/path/to/Cls_scattered_01_wCont/Cls_scattered_01_wCont/OIII_all_cross/Cl_205_1.npy,/path/to/Cls_scattered_01_wCont/Cls_scattered_01_wCont/Shift7_all_cross/Cl_205.npy,/path/to/Cls_scattered_01_wCont/Cls_scattered_01_wCont/Ha/Cl_205.npy,/path/to/Cls_scattered_01_wCont/Cls_scattered_01_wCont/OII/Cl_205.npy,/path/to/Cls_scattered_01_wCont/Cls_scattered_01_wCont/OIII/Cl_205.npy,/path/to/Cls_scattered_01_wCont/Cls_scattered_01_wCont/Cont/Cl_205.npy,0.20489075742661952,1.5064405365847051
/path/to/Cls_scattered_01_wCont/Cls_scattered_01_wCont/Ha_OII_OIII_Cont/Cl_206.npy,/path/to/Cls_scattered_01_wCont/Cls_scattered_01_wCont/OII_all_cross/Cl_206.npy,/path/to/Cls_scattered_01_wCont/Cls_scattered_01_wCont/OIII_all_cross/Cl_206.npy,/path/to/Cls_scattered_01_wCont/Cls_scattered_01_wCont/OII_all_cross/Cl_206_1.npy,/path/to/Cls_scattered_01_wCont/Cls_scattered_01_wCont/OIII_all_cross/Cl_206_1.npy,/path/to/Cls_scattered_01_wCont/Cls_scattered_01_wCont/Shift7_all_cross/Cl_206.npy,/path/to/Cls_scattered_01_wCont/Cls_scattered_01_wCont/Ha/Cl_206.npy,/path/to/Cls_scattered_01_wCont/Cls_scattered_01_wCont/OII/Cl_206.npy,/path/to/Cls_scattered_01_wCont/Cls_scattered_01_wCont/OIII/Cl_206.npy,/path/to/Cls_scattered_01_wCont/Cls_scattered_01_wCont/Cont/Cl_206.npy,0.5824757124297321,0.1962640777230263
/path/to/Cls_scattered_01_wCont/Cls_scattered_01_wCont/Ha_OII_OIII_Cont/Cl_207.npy,/path/to/Cls_scattered_01_wCont/Cls_scattered_01_wCont/OII_all_cross/Cl_207.npy,/path/to/Cls_scattered_01_wCont/Cls_scattered_01_wCont/OIII_all_cross/Cl_207.npy,/path/to/Cls_scattered_01_wCont/Cls_scattered_01_wCont/OII_all_cross/Cl_207_1.npy,/path/to/Cls_scattered_01_wCont/Cls_scattered_01_wCont/OIII_all_cross/Cl_207_1.npy,/path/to/Cls_scattered_01_wCont/Cls_scattered_01_wCont/Shift7_all_cross/Cl_207.npy,/path/to/Cls_scattered_01_wCont/Cls_scattered_01_wCont/Ha/Cl_207.npy,/path/to/Cls_scattered_01_wCont/Cls_scattered_01_wCont/OII/Cl_207.npy,/path/to/Cls_scattered_01_wCont/Cls_scattered_01_wCont/OIII/Cl_207.npy,/path/to/Cls_scattered_01_wCont/Cls_scattered_01_wCont/Cont/Cl_207.npy,1.1072103849612176,1.9493768904358149
/path/to/Cls_scattered_01_wCont/Cls_scattered_01_wCont/Ha_OII_OIII_Cont/Cl_208.npy,/path/to/Cls_scattered_01_wCont/Cls_scattered_01_wCont/OII_all_cross/Cl_208.npy,/path/to/Cls_scattered_01_wCont/Cls_scattered_01_wCont/OIII_all_cross/Cl_208.npy,/path/to/Cls_scattered_01_wCont/Cls_scattered_01_wCont/OII_all_cross/Cl_208_1.npy,/path/to/Cls_scattered_01_wCont/Cls_scattered_01_wCont/OIII_all_cross/Cl_208_1.npy,/path/to/Cls_scattered_01_wCont/Cls_scattered_01_wCont/Shift7_all_cross/Cl_208.npy,/path/to/Cls_scattered_01_wCont/Cls_scattered_01_wCont/Ha/Cl_208.npy,/path/to/Cls_scattered_01_wCont/Cls_scattered_01_wCont/OII/Cl_208.npy,/path/to/Cls_scattered_01_wCont/Cls_scattered_01_wCont/OIII/Cl_208.npy,/path/to/Cls_scattered_01_wCont/Cls_scattered_01_wCont/Cont/Cl_208.npy,1.1291743044741451,0.1073785750195384
/path/to/Cls_scattered_01_wCont/Cls_scattered_01_wCont/Ha_OII_OIII_Cont/Cl_209.npy,/path/to/Cls_scattered_01_wCont/Cls_scattered_01_wCont/OII_all_cross/Cl_209.npy,/path/to/Cls_scattered_01_wCont/Cls_scattered_01_wCont/OIII_all_cross/Cl_209.npy,/path/to/Cls_scattered_01_wCont/Cls_scattered_01_wCont/OII_all_cross/Cl_209_1.npy,/path/to/Cls_scattered_01_wCont/Cls_scattered_01_wCont/OIII_all_cross/Cl_209_1.npy,/path/to/Cls_scattered_01_wCont/Cls_scattered_01_wCont/Shift7_all_cross/Cl_209.npy,/path/to/Cls_scattered_01_wCont/Cls_scattered_01_wCont/Ha/Cl_209.npy,/path/to/Cls_scattered_01_wCont/Cls_scattered_01_wCont/OII/Cl_209.npy,/path/to/Cls_scattered_01_wCont/Cls_scattered_01_wCont/OIII/Cl_209.npy,/path/to/Cls_scattered_01_wCont/Cls_scattered_01_wCont/Cont/Cl_209.npy,0.6649434962309897,1.9196068497374654
/path/to/Cls_scattered_01_wCont/Cls_scattered_01_wCont/Ha_OII_OIII_Cont/Cl_210.npy,/path/to/Cls_scattered_01_wCont/Cls_scattered_01_wCont/OII_all_cross/Cl_210.npy,/path/to/Cls_scattered_01_wCont/Cls_scattered_01_wCont/OIII_all_cross/Cl_210.npy,/path/to/Cls_scattered_01_wCont/Cls_scattered_01_wCont/OII_all_cross/Cl_210_1.npy,/path/to/Cls_scattered_01_wCont/Cls_scattered_01_wCont/OIII_all_cross/Cl_210_1.npy,/path/to/Cls_scattered_01_wCont/Cls_scattered_01_wCont/Shift7_all_cross/Cl_210.npy,/path/to/Cls_scattered_01_wCont/Cls_scattered_01_wCont/Ha/Cl_210.npy,/path/to/Cls_scattered_01_wCont/Cls_scattered_01_wCont/OII/Cl_210.npy,/path/to/Cls_scattered_01_wCont/Cls_scattered_01_wCont/OIII/Cl_210.npy,/path/to/Cls_scattered_01_wCont/Cls_scattered_01_wCont/Cont/Cl_210.npy,0.1240718835964799,0.6096944906748831
/path/to/Cls_scattered_01_wCont/Cls_scattered_01_wCont/Ha_OII_OIII_Cont/Cl_211.npy,/path/to/Cls_scattered_01_wCont/Cls_scattered_01_wCont/OII_all_cross/Cl_211.npy,/path/to/Cls_scattered_01_wCont/Cls_scattered_01_wCont/OIII_all_cross/Cl_211.npy,/path/to/Cls_scattered_01_wCont/Cls_scattered_01_wCont/OII_all_cross/Cl_211_1.npy,/path/to/Cls_scattered_01_wCont/Cls_scattered_01_wCont/OIII_all_cross/Cl_211_1.npy,/path/to/Cls_scattered_01_wCont/Cls_scattered_01_wCont/Shift7_all_cross/Cl_211.npy,/path/to/Cls_scattered_01_wCont/Cls_scattered_01_wCont/Ha/Cl_211.npy,/path/to/Cls_scattered_01_wCont/Cls_scattered_01_wCont/OII/Cl_211.npy,/path/to/Cls_scattered_01_wCont/Cls_scattered_01_wCont/OIII/Cl_211.npy,/path/to/Cls_scattered_01_wCont/Cls_scattered_01_wCont/Cont/Cl_211.npy,1.5661319909617304,1.4171856162138283
/path/to/Cls_scattered_01_wCont/Cls_scattered_01_wCont/Ha_OII_OIII_Cont/Cl_212.npy,/path/to/Cls_scattered_01_wCont/Cls_scattered_01_wCont/OII_all_cross/Cl_212.npy,/path/to/Cls_scattered_01_wCont/Cls_scattered_01_wCont/OIII_all_cross/Cl_212.npy,/path/to/Cls_scattered_01_wCont/Cls_scattered_01_wCont/OII_all_cross/Cl_212_1.npy,/path/to/Cls_scattered_01_wCont/Cls_scattered_01_wCont/OIII_all_cross/Cl_212_1.npy,/path/to/Cls_scattered_01_wCont/Cls_scattered_01_wCont/Shift7_all_cross/Cl_212.npy,/path/to/Cls_scattered_01_wCont/Cls_scattered_01_wCont/Ha/Cl_212.npy,/path/to/Cls_scattered_01_wCont/Cls_scattered_01_wCont/OII/Cl_212.npy,/path/to/Cls_scattered_01_wCont/Cls_scattered_01_wCont/OIII/Cl_212.npy,/path/to/Cls_scattered_01_wCont/Cls_scattered_01_wCont/Cont/Cl_212.npy,1.8258611197583376,0.8923547299578786
/path/to/Cls_scattered_01_wCont/Cls_scattered_01_wCont/Ha_OII_OIII_Cont/Cl_213.npy,/path/to/Cls_scattered_01_wCont/Cls_scattered_01_wCont/OII_all_cross/Cl_213.npy,/path/to/Cls_scattered_01_wCont/Cls_scattered_01_wCont/OIII_all_cross/Cl_213.npy,/path/to/Cls_scattered_01_wCont/Cls_scattered_01_wCont/OII_all_cross/Cl_213_1.npy,/path/to/Cls_scattered_01_wCont/Cls_scattered_01_wCont/OIII_all_cross/Cl_213_1.npy,/path/to/Cls_scattered_01_wCont/Cls_scattered_01_wCont/Shift7_all_cross/Cl_213.npy,/path/to/Cls_scattered_01_wCont/Cls_scattered_01_wCont/Ha/Cl_213.npy,/path/to/Cls_scattered_01_wCont/Cls_scattered_01_wCont/OII/Cl_213.npy,/path/to/Cls_scattered_01_wCont/Cls_scattered_01_wCont/OIII/Cl_213.npy,/path/to/Cls_scattered_01_wCont/Cls_scattered_01_wCont/Cont/Cl_213.npy,0.4432020029984415,1.280770376138389
/path/to/Cls_scattered_01_wCont/Cls_scattered_01_wCont/Ha_OII_OIII_Cont/Cl_214.npy,/path/to/Cls_scattered_01_wCont/Cls_scattered_01_wCont/OII_all_cross/Cl_214.npy,/path/to/Cls_scattered_01_wCont/Cls_scattered_01_wCont/OIII_all_cross/Cl_214.npy,/path/to/Cls_scattered_01_wCont/Cls_scattered_01_wCont/OII_all_cross/Cl_214_1.npy,/path/to/Cls_scattered_01_wCont/Cls_scattered_01_wCont/OIII_all_cross/Cl_214_1.npy,/path/to/Cls_scattered_01_wCont/Cls_scattered_01_wCont/Shift7_all_cross/Cl_214.npy,/path/to/Cls_scattered_01_wCont/Cls_scattered_01_wCont/Ha/Cl_214.npy,/path/to/Cls_scattered_01_wCont/Cls_scattered_01_wCont/OII/Cl_214.npy,/path/to/Cls_scattered_01_wCont/Cls_scattered_01_wCont/OIII/Cl_214.npy,/path/to/Cls_scattered_01_wCont/Cls_scattered_01_wCont/Cont/Cl_214.npy,0.8207878321409224,0.445590537507087
/path/to/Cls_scattered_01_wCont/Cls_scattered_01_wCont/Ha_OII_OIII_Cont/Cl_215.npy,/path/to/Cls_scattered_01_wCont/Cls_scattered_01_wCont/OII_all_cross/Cl_215.npy,/path/to/Cls_scattered_01_wCont/Cls_scattered_01_wCont/OIII_all_cross/Cl_215.npy,/path/to/Cls_scattered_01_wCont/Cls_scattered_01_wCont/OII_all_cross/Cl_215_1.npy,/path/to/Cls_scattered_01_wCont/Cls_scattered_01_wCont/OIII_all_cross/Cl_215_1.npy,/path/to/Cls_scattered_01_wCont/Cls_scattered_01_wCont/Shift7_all_cross/Cl_215.npy,/path/to/Cls_scattered_01_wCont/Cls_scattered_01_wCont/Ha/Cl_215.npy,/path/to/Cls_scattered_01_wCont/Cls_scattered_01_wCont/OII/Cl_215.npy,/path/to/Cls_scattered_01_wCont/Cls_scattered_01_wCont/OIII/Cl_215.npy,/path/to/Cls_scattered_01_wCont/Cls_scattered_01_wCont/Cont/Cl_215.npy,1.3443622138351203,1.7274152078665792
/path/to/Cls_scattered_01_wCont/Cls_scattered_01_wCont/Ha_OII_OIII_Cont/Cl_216.npy,/path/to/Cls_scattered_01_wCont/Cls_scattered_01_wCont/OII_all_cross/Cl_216.npy,/path/to/Cls_scattered_01_wCont/Cls_scattered_01_wCont/OIII_all_cross/Cl_216.npy,/path/to/Cls_scattered_01_wCont/Cls_scattered_01_wCont/OII_all_cross/Cl_216_1.npy,/path/to/Cls_scattered_01_wCont/Cls_scattered_01_wCont/OIII_all_cross/Cl_216_1.npy,/path/to/Cls_scattered_01_wCont/Cls_scattered_01_wCont/Shift7_all_cross/Cl_216.npy,/path/to/Cls_scattered_01_wCont/Cls_scattered_01_wCont/Ha/Cl_216.npy,/path/to/Cls_scattered_01_wCont/Cls_scattered_01_wCont/OII/Cl_216.npy,/path/to/Cls_scattered_01_wCont/Cls_scattered_01_wCont/OIII/Cl_216.npy,/path/to/Cls_scattered_01_wCont/Cls_scattered_01_wCont/Cont/Cl_216.npy,1.4614766512997448,0.7673425211571157
/path/to/Cls_scattered_01_wCont/Cls_scattered_01_wCont/Ha_OII_OIII_Cont/Cl_217.npy,/path/to/Cls_scattered_01_wCont/Cls_scattered_01_wCont/OII_all_cross/Cl_217.npy,/path/to/Cls_scattered_01_wCont/Cls_scattered_01_wCont/OIII_all_cross/Cl_217.npy,/path/to/Cls_scattered_01_wCont/Cls_scattered_01_wCont/OII_all_cross/Cl_217_1.npy,/path/to/Cls_scattered_01_wCont/Cls_scattered_01_wCont/OIII_all_cross/Cl_217_1.npy,/path/to/Cls_scattered_01_wCont/Cls_scattered_01_wCont/Shift7_all_cross/Cl_217.npy,/path/to/Cls_scattered_01_wCont/Cls_scattered_01_wCont/Ha/Cl_217.npy,/path/to/Cls_scattered_01_wCont/Cls_scattered_01_wCont/OII/Cl_217.npy,/path/to/Cls_scattered_01_wCont/Cls_scattered_01_wCont/OIII/Cl_217.npy,/path/to/Cls_scattered_01_wCont/Cls_scattered_01_wCont/Cont/Cl_217.npy,0.9443656631745397,1.3784144173376263
/path/to/Cls_scattered_01_wCont/Cls_scattered_01_wCont/Ha_OII_OIII_Cont/Cl_218.npy,/path/to/Cls_scattered_01_wCont/Cls_scattered_01_wCont/OII_all_cross/Cl_218.npy,/path/to/Cls_scattered_01_wCont/Cls_scattered_01_wCont/OIII_all_cross/Cl_218.npy,/path/to/Cls_scattered_01_wCont/Cls_scattered_01_wCont/OII_all_cross/Cl_218_1.npy,/path/to/Cls_scattered_01_wCont/Cls_scattered_01_wCont/OIII_all_cross/Cl_218_1.npy,/path/to/Cls_scattered_01_wCont/Cls_scattered_01_wCont/Shift7_all_cross/Cl_218.npy,/path/to/Cls_scattered_01_wCont/Cls_scattered_01_wCont/Ha/Cl_218.npy,/path/to/Cls_scattered_01_wCont/Cls_scattered_01_wCont/OII/Cl_218.npy,/path/to/Cls_scattered_01_wCont/Cls_scattered_01_wCont/OIII/Cl_218.npy,/path/to/Cls_scattered_01_wCont/Cls_scattered_01_wCont/Cont/Cl_218.npy,0.5667748475447297,0.32057832516729834
/path/to/Cls_scattered_01_wCont/Cls_scattered_01_wCont/Ha_OII_OIII_Cont/Cl_219.npy,/path/to/Cls_scattered_01_wCont/Cls_scattered_01_wCont/OII_all_cross/Cl_219.npy,/path/to/Cls_scattered_01_wCont/Cls_scattered_01_wCont/OIII_all_cross/Cl_219.npy,/path/to/Cls_scattered_01_wCont/Cls_scattered_01_wCont/OII_all_cross/Cl_219_1.npy,/path/to/Cls_scattered_01_wCont/Cls_scattered_01_wCont/OIII_all_cross/Cl_219_1.npy,/path/to/Cls_scattered_01_wCont/Cls_scattered_01_wCont/Shift7_all_cross/Cl_219.npy,/path/to/Cls_scattered_01_wCont/Cls_scattered_01_wCont/Ha/Cl_219.npy,/path/to/Cls_scattered_01_wCont/Cls_scattered_01_wCont/OII/Cl_219.npy,/path/to/Cls_scattered_01_wCont/Cls_scattered_01_wCont/OIII/Cl_219.npy,/path/to/Cls_scattered_01_wCont/Cls_scattered_01_wCont/Cont/Cl_219.npy,1.9429669467732311,1.8250592455267907
/path/to/Cls_scattered_01_wCont/Cls_scattered_01_wCont/Ha_OII_OIII_Cont/Cl_220.npy,/path/to/Cls_scattered_01_wCont/Cls_scattered_01_wCont/OII_all_cross/Cl_220.npy,/path/to/Cls_scattered_01_wCont/Cls_scattered_01_wCont/OIII_all_cross/Cl_220.npy,/path/to/Cls_scattered_01_wCont/Cls_scattered_01_wCont/OII_all_cross/Cl_220_1.npy,/path/to/Cls_scattered_01_wCont/Cls_scattered_01_wCont/OIII_all_cross/Cl_220_1.npy,/path/to/Cls_scattered_01_wCont/Cls_scattered_01_wCont/Shift7_all_cross/Cl_220.npy,/path/to/Cls_scattered_01_wCont/Cls_scattered_01_wCont/Ha/Cl_220.npy,/path/to/Cls_scattered_01_wCont/Cls_scattered_01_wCont/OII/Cl_220.npy,/path/to/Cls_scattered_01_wCont/Cls_scattered_01_wCont/OIII/Cl_220.npy,/path/to/Cls_scattered_01_wCont/Cls_scattered_01_wCont/Cont/Cl_220.npy,1.6832795466296375,0.48473453028127544
/path/to/Cls_scattered_01_wCont/Cls_scattered_01_wCont/Ha_OII_OIII_Cont/Cl_221.npy,/path/to/Cls_scattered_01_wCont/Cls_scattered_01_wCont/OII_all_cross/Cl_221.npy,/path/to/Cls_scattered_01_wCont/Cls_scattered_01_wCont/OIII_all_cross/Cl_221.npy,/path/to/Cls_scattered_01_wCont/Cls_scattered_01_wCont/OII_all_cross/Cl_221_1.npy,/path/to/Cls_scattered_01_wCont/Cls_scattered_01_wCont/OIII_all_cross/Cl_221_1.npy,/path/to/Cls_scattered_01_wCont/Cls_scattered_01_wCont/Shift7_all_cross/Cl_221.npy,/path/to/Cls_scattered_01_wCont/Cls_scattered_01_wCont/Ha/Cl_221.npy,/path/to/Cls_scattered_01_wCont/Cls_scattered_01_wCont/OII/Cl_221.npy,/path/to/Cls_scattered_01_wCont/Cls_scattered_01_wCont/OIII/Cl_221.npy,/path/to/Cls_scattered_01_wCont/Cls_scattered_01_wCont/Cont/Cl_221.npy,0.24774070298299194,1.5696190549992024
/path/to/Cls_scattered_01_wCont/Cls_scattered_01_wCont/Ha_OII_OIII_Cont/Cl_222.npy,/path/to/Cls_scattered_01_wCont/Cls_scattered_01_wCont/OII_all_cross/Cl_222.npy,/path/to/Cls_scattered_01_wCont/Cls_scattered_01_wCont/OIII_all_cross/Cl_222.npy,/path/to/Cls_scattered_01_wCont/Cls_scattered_01_wCont/OII_all_cross/Cl_222_1.npy,/path/to/Cls_scattered_01_wCont/Cls_scattered_01_wCont/OIII_all_cross/Cl_222_1.npy,/path/to/Cls_scattered_01_wCont/Cls_scattered_01_wCont/Shift7_all_cross/Cl_222.npy,/path/to/Cls_scattered_01_wCont/Cls_scattered_01_wCont/Ha/Cl_222.npy,/path/to/Cls_scattered_01_wCont/Cls_scattered_01_wCont/OII/Cl_222.npy,/path/to/Cls_scattered_01_wCont/Cls_scattered_01_wCont/OIII/Cl_222.npy,/path/to/Cls_scattered_01_wCont/Cls_scattered_01_wCont/Cont/Cl_222.npy,0.7886064231395721,0.9870504423975944
/path/to/Cls_scattered_01_wCont/Cls_scattered_01_wCont/Ha_OII_OIII_Cont/Cl_223.npy,/path/to/Cls_scattered_01_wCont/Cls_scattered_01_wCont/OII_all_cross/Cl_223.npy,/path/to/Cls_scattered_01_wCont/Cls_scattered_01_wCont/OIII_all_cross/Cl_223.npy,/path/to/Cls_scattered_01_wCont/Cls_scattered_01_wCont/OII_all_cross/Cl_223_1.npy,/path/to/Cls_scattered_01_wCont/Cls_scattered_01_wCont/OIII_all_cross/Cl_223_1.npy,/path/to/Cls_scattered_01_wCont/Cls_scattered_01_wCont/Shift7_all_cross/Cl_223.npy,/path/to/Cls_scattered_01_wCont/Cls_scattered_01_wCont/Ha/Cl_223.npy,/path/to/Cls_scattered_01_wCont/Cls_scattered_01_wCont/OII/Cl_223.npy,/path/to/Cls_scattered_01_wCont/Cls_scattered_01_wCont/OIII/Cl_223.npy,/path/to/Cls_scattered_01_wCont/Cls_scattered_01_wCont/Cont/Cl_223.npy,1.2463123437017203,1.0671978179365396
/path/to/Cls_scattered_01_wCont/Cls_scattered_01_wCont/Ha_OII_OIII_Cont/Cl_224.npy,/path/to/Cls_scattered_01_wCont/Cls_scattered_01_wCont/OII_all_cross/Cl_224.npy,/path/to/Cls_scattered_01_wCont/Cls_scattered_01_wCont/OIII_all_cross/Cl_224.npy,/path/to/Cls_scattered_01_wCont/Cls_scattered_01_wCont/OII_all_cross/Cl_224_1.npy,/path/to/Cls_scattered_01_wCont/Cls_scattered_01_wCont/OIII_all_cross/Cl_224_1.npy,/path/to/Cls_scattered_01_wCont/Cls_scattered_01_wCont/Shift7_all_cross/Cl_224.npy,/path/to/Cls_scattered_01_wCont/Cls_scattered_01_wCont/Ha/Cl_224.npy,/path/to/Cls_scattered_01_wCont/Cls_scattered_01_wCont/OII/Cl_224.npy,/path/to/Cls_scattered_01_wCont/Cls_scattered_01_wCont/OIII/Cl_224.npy,/path/to/Cls_scattered_01_wCont/Cls_scattered_01_wCont/Cont/Cl_224.npy,1.2651008280925453,0.5339001026935876
/path/to/Cls_scattered_01_wCont/Cls_scattered_01_wCont/Ha_OII_OIII_Cont/Cl_225.npy,/path/to/Cls_scattered_01_wCont/Cls_scattered_01_wCont/OII_all_cross/Cl_225.npy,/path/to/Cls_scattered_01_wCont/Cls_scattered_01_wCont/OIII_all_cross/Cl_225.npy,/path/to/Cls_scattered_01_wCont/Cls_scattered_01_wCont/OII_all_cross/Cl_225_1.npy,/path/to/Cls_scattered_01_wCont/Cls_scattered_01_wCont/OIII_all_cross/Cl_225_1.npy,/path/to/Cls_scattered_01_wCont/Cls_scattered_01_wCont/Shift7_all_cross/Cl_225.npy,/path/to/Cls_scattered_01_wCont/Cls_scattered_01_wCont/Ha/Cl_225.npy,/path/to/Cls_scattered_01_wCont/Cls_scattered_01_wCont/OII/Cl_225.npy,/path/to/Cls_scattered_01_wCont/Cls_scattered_01_wCont/OIII/Cl_225.npy,/path/to/Cls_scattered_01_wCont/Cls_scattered_01_wCont/Cont/Cl_225.npy,0.7702855466865003,1.641078890208155
/path/to/Cls_scattered_01_wCont/Cls_scattered_01_wCont/Ha_OII_OIII_Cont/Cl_226.npy,/path/to/Cls_scattered_01_wCont/Cls_scattered_01_wCont/OII_all_cross/Cl_226.npy,/path/to/Cls_scattered_01_wCont/Cls_scattered_01_wCont/OIII_all_cross/Cl_226.npy,/path/to/Cls_scattered_01_wCont/Cls_scattered_01_wCont/OII_all_cross/Cl_226_1.npy,/path/to/Cls_scattered_01_wCont/Cls_scattered_01_wCont/OIII_all_cross/Cl_226_1.npy,/path/to/Cls_scattered_01_wCont/Cls_scattered_01_wCont/Shift7_all_cross/Cl_226.npy,/path/to/Cls_scattered_01_wCont/Cls_scattered_01_wCont/Ha/Cl_226.npy,/path/to/Cls_scattered_01_wCont/Cls_scattered_01_wCont/OII/Cl_226.npy,/path/to/Cls_scattered_01_wCont/Cls_scattered_01_wCont/OIII/Cl_226.npy,/path/to/Cls_scattered_01_wCont/Cls_scattered_01_wCont/Cont/Cl_226.npy,0.2591000609099865,1.0362125040963293
/path/to/Cls_scattered_01_wCont/Cls_scattered_01_wCont/Ha_OII_OIII_Cont/Cl_227.npy,/path/to/Cls_scattered_01_wCont/Cls_scattered_01_wCont/OII_all_cross/Cl_227.npy,/path/to/Cls_scattered_01_wCont/Cls_scattered_01_wCont/OIII_all_cross/Cl_227.npy,/path/to/Cls_scattered_01_wCont/Cls_scattered_01_wCont/OII_all_cross/Cl_227_1.npy,/path/to/Cls_scattered_01_wCont/Cls_scattered_01_wCont/OIII_all_cross/Cl_227_1.npy,/path/to/Cls_scattered_01_wCont/Cls_scattered_01_wCont/Shift7_all_cross/Cl_227.npy,/path/to/Cls_scattered_01_wCont/Cls_scattered_01_wCont/Ha/Cl_227.npy,/path/to/Cls_scattered_01_wCont/Cls_scattered_01_wCont/OII/Cl_227.npy,/path/to/Cls_scattered_01_wCont/Cls_scattered_01_wCont/OIII/Cl_227.npy,/path/to/Cls_scattered_01_wCont/Cls_scattered_01_wCont/Cont/Cl_227.npy,1.6723732937127351,1.1386539159342648
/path/to/Cls_scattered_01_wCont/Cls_scattered_01_wCont/Ha_OII_OIII_Cont/Cl_228.npy,/path/to/Cls_scattered_01_wCont/Cls_scattered_01_wCont/OII_all_cross/Cl_228.npy,/path/to/Cls_scattered_01_wCont/Cls_scattered_01_wCont/OIII_all_cross/Cl_228.npy,/path/to/Cls_scattered_01_wCont/Cls_scattered_01_wCont/OII_all_cross/Cl_228_1.npy,/path/to/Cls_scattered_01_wCont/Cls_scattered_01_wCont/OIII_all_cross/Cl_228_1.npy,/path/to/Cls_scattered_01_wCont/Cls_scattered_01_wCont/Shift7_all_cross/Cl_228.npy,/path/to/Cls_scattered_01_wCont/Cls_scattered_01_wCont/Ha/Cl_228.npy,/path/to/Cls_scattered_01_wCont/Cls_scattered_01_wCont/OII/Cl_228.npy,/path/to/Cls_scattered_01_wCont/Cls_scattered_01_wCont/OIII/Cl_228.npy,/path/to/Cls_scattered_01_wCont/Cls_scattered_01_wCont/Cont/Cl_228.npy,1.9914464560337364,0.6959167667664587
/path/to/Cls_scattered_01_wCont/Cls_scattered_01_wCont/Ha_OII_OIII_Cont/Cl_229.npy,/path/to/Cls_scattered_01_wCont/Cls_scattered_01_wCont/OII_all_cross/Cl_229.npy,/path/to/Cls_scattered_01_wCont/Cls_scattered_01_wCont/OIII_all_cross/Cl_229.npy,/path/to/Cls_scattered_01_wCont/Cls_scattered_01_wCont/OII_all_cross/Cl_229_1.npy,/path/to/Cls_scattered_01_wCont/Cls_scattered_01_wCont/OIII_all_cross/Cl_229_1.npy,/path/to/Cls_scattered_01_wCont/Cls_scattered_01_wCont/Shift7_all_cross/Cl_229.npy,/path/to/Cls_scattered_01_wCont/Cls_scattered_01_wCont/Ha/Cl_229.npy,/path/to/Cls_scattered_01_wCont/Cls_scattered_01_wCont/OII/Cl_229.npy,/path/to/Cls_scattered_01_wCont/Cls_scattered_01_wCont/OIII/Cl_229.npy,/path/to/Cls_scattered_01_wCont/Cls_scattered_01_wCont/Cont/Cl_229.npy,0.518769967649132,1.329225650150329
/path/to/Cls_scattered_01_wCont/Cls_scattered_01_wCont/Ha_OII_OIII_Cont/Cl_230.npy,/path/to/Cls_scattered_01_wCont/Cls_scattered_01_wCont/OII_all_cross/Cl_230.npy,/path/to/Cls_scattered_01_wCont/Cls_scattered_01_wCont/OIII_all_cross/Cl_230.npy,/path/to/Cls_scattered_01_wCont/Cls_scattered_01_wCont/OII_all_cross/Cl_230_1.npy,/path/to/Cls_scattered_01_wCont/Cls_scattered_01_wCont/OIII_all_cross/Cl_230_1.npy,/path/to/Cls_scattered_01_wCont/Cls_scattered_01_wCont/Shift7_all_cross/Cl_230.npy,/path/to/Cls_scattered_01_wCont/Cls_scattered_01_wCont/Ha/Cl_230.npy,/path/to/Cls_scattered_01_wCont/Cls_scattered_01_wCont/OII/Cl_230.npy,/path/to/Cls_scattered_01_wCont/Cls_scattered_01_wCont/OIII/Cl_230.npy,/path/to/Cls_scattered_01_wCont/Cls_scattered_01_wCont/Cont/Cl_230.npy,0.9854160459712147,0.24914883356541395
/path/to/Cls_scattered_01_wCont/Cls_scattered_01_wCont/Ha_OII_OIII_Cont/Cl_231.npy,/path/to/Cls_scattered_01_wCont/Cls_scattered_01_wCont/OII_all_cross/Cl_231.npy,/path/to/Cls_scattered_01_wCont/Cls_scattered_01_wCont/OIII_all_cross/Cl_231.npy,/path/to/Cls_scattered_01_wCont/Cls_scattered_01_wCont/OII_all_cross/Cl_231_1.npy,/path/to/Cls_scattered_01_wCont/Cls_scattered_01_wCont/OIII_all_cross/Cl_231_1.npy,/path/to/Cls_scattered_01_wCont/Cls_scattered_01_wCont/Shift7_all_cross/Cl_231.npy,/path/to/Cls_scattered_01_wCont/Cls_scattered_01_wCont/Ha/Cl_231.npy,/path/to/Cls_scattered_01_wCont/Cls_scattered_01_wCont/OII/Cl_231.npy,/path/to/Cls_scattered_01_wCont/Cls_scattered_01_wCont/OIII/Cl_231.npy,/path/to/Cls_scattered_01_wCont/Cls_scattered_01_wCont/Cont/Cl_231.npy,1.4208863949403168,1.775866967625916
/path/to/Cls_scattered_01_wCont/Cls_scattered_01_wCont/Ha_OII_OIII_Cont/Cl_232.npy,/path/to/Cls_scattered_01_wCont/Cls_scattered_01_wCont/OII_all_cross/Cl_232.npy,/path/to/Cls_scattered_01_wCont/Cls_scattered_01_wCont/OIII_all_cross/Cl_232.npy,/path/to/Cls_scattered_01_wCont/Cls_scattered_01_wCont/OII_all_cross/Cl_232_1.npy,/path/to/Cls_scattered_01_wCont/Cls_scattered_01_wCont/OIII_all_cross/Cl_232_1.npy,/path/to/Cls_scattered_01_wCont/Cls_scattered_01_wCont/Shift7_all_cross/Cl_232.npy,/path/to/Cls_scattered_01_wCont/Cls_scattered_01_wCont/Ha/Cl_232.npy,/path/to/Cls_scattered_01_wCont/Cls_scattered_01_wCont/OII/Cl_232.npy,/path/to/Cls_scattered_01_wCont/Cls_scattered_01_wCont/OIII/Cl_232.npy,/path/to/Cls_scattered_01_wCont/Cls_scattered_01_wCont/Cont/Cl_232.npy,1.2958898427896202,0.83762818723917
/path/to/Cls_scattered_01_wCont/Cls_scattered_01_wCont/Ha_OII_OIII_Cont/Cl_233.npy,/path/to/Cls_scattered_01_wCont/Cls_scattered_01_wCont/OII_all_cross/Cl_233.npy,/path/to/Cls_scattered_01_wCont/Cls_scattered_01_wCont/OIII_all_cross/Cl_233.npy,/path/to/Cls_scattered_01_wCont/Cls_scattered_01_wCont/OII_all_cross/Cl_233_1.npy,/path/to/Cls_scattered_01_wCont/Cls_scattered_01_wCont/OIII_all_cross/Cl_233_1.npy,/path/to/Cls_scattered_01_wCont/Cls_scattered_01_wCont/Shift7_all_cross/Cl_233.npy,/path/to/Cls_scattered_01_wCont/Cls_scattered_01_wCont/Ha/Cl_233.npy,/path/to/Cls_scattered_01_wCont/Cls_scattered_01_wCont/OII/Cl_233.npy,/path/to/Cls_scattered_01_wCont/Cls_scattered_01_wCont/OIII/Cl_233.npy,/path/to/Cls_scattered_01_wCont/Cls_scattered_01_wCont/Cont/Cl_233.npy,0.8687998502515256,1.2185933206230402
/path/to/Cls_scattered_01_wCont/Cls_scattered_01_wCont/Ha_OII_OIII_Cont/Cl_234.npy,/path/to/Cls_scattered_01_wCont/Cls_scattered_01_wCont/OII_all_cross/Cl_234.npy,/path/to/Cls_scattered_01_wCont/Cls_scattered_01_wCont/OIII_all_cross/Cl_234.npy,/path/to/Cls_scattered_01_wCont/Cls_scattered_01_wCont/OII_all_cross/Cl_234_1.npy,/path/to/Cls_scattered_01_wCont/Cls_scattered_01_wCont/OIII_all_cross/Cl_234_1.npy,/path/to/Cls_scattered_01_wCont/Cls_scattered_01_wCont/Shift7_all_cross/Cl_234.npy,/path/to/Cls_scattered_01_wCont/Cls_scattered_01_wCont/Ha/Cl_234.npy,/path/to/Cls_scattered_01_wCont/Cls_scattered_01_wCont/OII/Cl_234.npy,/path/to/Cls_scattered_01_wCont/Cls_scattered_01_wCont/OIII/Cl_234.npy,/path/to/Cls_scattered_01_wCont/Cls_scattered_01_wCont/Cont/Cl_234.npy,0.4021442554891109,0.39086025757715104
/path/to/Cls_scattered_01_wCont/Cls_scattered_01_wCont/Ha_OII_OIII_Cont/Cl_235.npy,/path/to/Cls_scattered_01_wCont/Cls_scattered_01_wCont/OII_all_cross/Cl_235.npy,/path/to/Cls_scattered_01_wCont/Cls_scattered_01_wCont/OIII_all_cross/Cl_235.npy,/path/to/Cls_scattered_01_wCont/Cls_scattered_01_wCont/OII_all_cross/Cl_235_1.npy,/path/to/Cls_scattered_01_wCont/Cls_scattered_01_wCont/OIII_all_cross/Cl_235_1.npy,/path/to/Cls_scattered_01_wCont/Cls_scattered_01_wCont/Shift7_all_cross/Cl_235.npy,/path/to/Cls_scattered_01_wCont/Cls_scattered_01_wCont/Ha/Cl_235.npy,/path/to/Cls_scattered_01_wCont/Cls_scattered_01_wCont/OII/Cl_235.npy,/path/to/Cls_scattered_01_wCont/Cls_scattered_01_wCont/OIII/Cl_235.npy,/path/to/Cls_scattered_01_wCont/Cls_scattered_01_wCont/Cont/Cl_235.npy,1.8664440114051104,1.6652346416376531
/path/to/Cls_scattered_01_wCont/Cls_scattered_01_wCont/Ha_OII_OIII_Cont/Cl_236.npy,/path/to/Cls_scattered_01_wCont/Cls_scattered_01_wCont/OII_all_cross/Cl_236.npy,/path/to/Cls_scattered_01_wCont/Cls_scattered_01_wCont/OIII_all_cross/Cl_236.npy,/path/to/Cls_scattered_01_wCont/Cls_scattered_01_wCont/OII_all_cross/Cl_236_1.npy,/path/to/Cls_scattered_01_wCont/Cls_scattered_01_wCont/OIII_all_cross/Cl_236_1.npy,/path/to/Cls_scattered_01_wCont/Cls_scattered_01_wCont/Shift7_all_cross/Cl_236.npy,/path/to/Cls_scattered_01_wCont/Cls_scattered_01_wCont/Ha/Cl_236.npy,/path/to/Cls_scattered_01_wCont/Cls_scattered_01_wCont/OII/Cl_236.npy,/path/to/Cls_scattered_01_wCont/Cls_scattered_01_wCont/OIII/Cl_236.npy,/path/to/Cls_scattered_01_wCont/Cls_scattered_01_wCont/Cont/Cl_236.npy,1.547350871283561,0.1695324216037989
/path/to/Cls_scattered_01_wCont/Cls_scattered_01_wCont/Ha_OII_OIII_Cont/Cl_237.npy,/path/to/Cls_scattered_01_wCont/Cls_scattered_01_wCont/OII_all_cross/Cl_237.npy,/path/to/Cls_scattered_01_wCont/Cls_scattered_01_wCont/OIII_all_cross/Cl_237.npy,/path/to/Cls_scattered_01_wCont/Cls_scattered_01_wCont/OII_all_cross/Cl_237_1.npy,/path/to/Cls_scattered_01_wCont/Cls_scattered_01_wCont/OIII_all_cross/Cl_237_1.npy,/path/to/Cls_scattered_01_wCont/Cls_scattered_01_wCont/Shift7_all_cross/Cl_237.npy,/path/to/Cls_scattered_01_wCont/Cls_scattered_01_wCont/Ha/Cl_237.npy,/path/to/Cls_scattered_01_wCont/Cls_scattered_01_wCont/OII/Cl_237.npy,/path/to/Cls_scattered_01_wCont/Cls_scattered_01_wCont/OIII/Cl_237.npy,/path/to/Cls_scattered_01_wCont/Cls_scattered_01_wCont/Cont/Cl_237.npy,0.14240012476220726,1.9743674591183662
/path/to/Cls_scattered_01_wCont/Cls_scattered_01_wCont/Ha_OII_OIII_Cont/Cl_238.npy,/path/to/Cls_scattered_01_wCont/Cls_scattered_01_wCont/OII_all_cross/Cl_238.npy,/path/to/Cls_scattered_01_wCont/Cls_scattered_01_wCont/OIII_all_cross/Cl_238.npy,/path/to/Cls_scattered_01_wCont/Cls_scattered_01_wCont/OII_all_cross/Cl_238_1.npy,/path/to/Cls_scattered_01_wCont/Cls_scattered_01_wCont/OIII_all_cross/Cl_238_1.npy,/path/to/Cls_scattered_01_wCont/Cls_scattered_01_wCont/Shift7_all_cross/Cl_238.npy,/path/to/Cls_scattered_01_wCont/Cls_scattered_01_wCont/Ha/Cl_238.npy,/path/to/Cls_scattered_01_wCont/Cls_scattered_01_wCont/OII/Cl_238.npy,/path/to/Cls_scattered_01_wCont/Cls_scattered_01_wCont/OIII/Cl_238.npy,/path/to/Cls_scattered_01_wCont/Cls_scattered_01_wCont/Cont/Cl_238.npy,0.6535770000889897,0.6718448265455663
/path/to/Cls_scattered_01_wCont/Cls_scattered_01_wCont/Ha_OII_OIII_Cont/Cl_239.npy,/path/to/Cls_scattered_01_wCont/Cls_scattered_01_wCont/OII_all_cross/Cl_239.npy,/path/to/Cls_scattered_01_wCont/Cls_scattered_01_wCont/OIII_all_cross/Cl_239.npy,/path/to/Cls_scattered_01_wCont/Cls_scattered_01_wCont/OII_all_cross/Cl_239_1.npy,/path/to/Cls_scattered_01_wCont/Cls_scattered_01_wCont/OIII_all_cross/Cl_239_1.npy,/path/to/Cls_scattered_01_wCont/Cls_scattered_01_wCont/Shift7_all_cross/Cl_239.npy,/path/to/Cls_scattered_01_wCont/Cls_scattered_01_wCont/Ha/Cl_239.npy,/path/to/Cls_scattered_01_wCont/Cls_scattered_01_wCont/OII/Cl_239.npy,/path/to/Cls_scattered_01_wCont/Cls_scattered_01_wCont/OIII/Cl_239.npy,/path/to/Cls_scattered_01_wCont/Cls_scattered_01_wCont/Cont/Cl_239.npy,1.1400734191760422,1.4719424883835017
/path/to/Cls_scattered_01_wCont/Cls_scattered_01_wCont/Ha_OII_OIII_Cont/Cl_240.npy,/path/to/Cls_scattered_01_wCont/Cls_scattered_01_wCont/OII_all_cross/Cl_240.npy,/path/to/Cls_scattered_01_wCont/Cls_scattered_01_wCont/OIII_all_cross/Cl_240.npy,/path/to/Cls_scattered_01_wCont/Cls_scattered_01_wCont/OII_all_cross/Cl_240_1.npy,/path/to/Cls_scattered_01_wCont/Cls_scattered_01_wCont/OIII_all_cross/Cl_240_1.npy,/path/to/Cls_scattered_01_wCont/Cls_scattered_01_wCont/Shift7_all_cross/Cl_240.npy,/path/to/Cls_scattered_01_wCont/Cls_scattered_01_wCont/Ha/Cl_240.npy,/path/to/Cls_scattered_01_wCont/Cls_scattered_01_wCont/OII/Cl_240.npy,/path/to/Cls_scattered_01_wCont/Cls_scattered_01_wCont/OIII/Cl_240.npy,/path/to/Cls_scattered_01_wCont/Cls_scattered_01_wCont/Cont/Cl_240.npy,1.0592019908130168,0.5827273902483284
/path/to/Cls_scattered_01_wCont/Cls_scattered_01_wCont/Ha_OII_OIII_Cont/Cl_241.npy,/path/to/Cls_scattered_01_wCont/Cls_scattered_01_wCont/OII_all_cross/Cl_241.npy,/path/to/Cls_scattered_01_wCont/Cls_scattered_01_wCont/OIII_all_cross/Cl_241.npy,/path/to/Cls_scattered_01_wCont/Cls_scattered_01_wCont/OII_all_cross/Cl_241_1.npy,/path/to/Cls_scattered_01_wCont/Cls_scattered_01_wCont/OIII_all_cross/Cl_241_1.npy,/path/to/Cls_scattered_01_wCont/Cls_scattered_01_wCont/Shift7_all_cross/Cl_241.npy,/path/to/Cls_scattered_01_wCont/Cls_scattered_01_wCont/Ha/Cl_241.npy,/path/to/Cls_scattered_01_wCont/Cls_scattered_01_wCont/OII/Cl_241.npy,/path/to/Cls_scattered_01_wCont/Cls_scattered_01_wCont/OIII/Cl_241.npy,/path/to/Cls_scattered_01_wCont/Cls_scattered_01_wCont/Cont/Cl_241.npy,0.6309517074376344,1.4424043812789022
/path/to/Cls_scattered_01_wCont/Cls_scattered_01_wCont/Ha_OII_OIII_Cont/Cl_242.npy,/path/to/Cls_scattered_01_wCont/Cls_scattered_01_wCont/OII_all_cross/Cl_242.npy,/path/to/Cls_scattered_01_wCont/Cls_scattered_01_wCont/OIII_all_cross/Cl_242.npy,/path/to/Cls_scattered_01_wCont/Cls_scattered_01_wCont/OII_all_cross/Cl_242_1.npy,/path/to/Cls_scattered_01_wCont/Cls_scattered_01_wCont/OIII_all_cross/Cl_242_1.npy,/path/to/Cls_scattered_01_wCont/Cls_scattered_01_wCont/Shift7_all_cross/Cl_242.npy,/path/to/Cls_scattered_01_wCont/Cls_scattered_01_wCont/Ha/Cl_242.npy,/path/to/Cls_scattered_01_wCont/Cls_scattered_01_wCont/OII/Cl_242.npy,/path/to/Cls_scattered_01_wCont/Cls_scattered_01_wCont/OIII/Cl_242.npy,/path/to/Cls_scattered_01_wCont/Cls_scattered_01_wCont/Cont/Cl_242.npy,0.16429699389263988,0.1396819742396474
/path/to/Cls_scattered_01_wCont/Cls_scattered_01_wCont/Ha_OII_OIII_Cont/Cl_243.npy,/path/to/Cls_scattered_01_wCont/Cls_scattered_01_wCont/OII_all_cross/Cl_243.npy,/path/to/Cls_scattered_01_wCont/Cls_scattered_01_wCont/OIII_all_cross/Cl_243.npy,/path/to/Cls_scattered_01_wCont/Cls_scattered_01_wCont/OII_all_cross/Cl_243_1.npy,/path/to/Cls_scattered_01_wCont/Cls_scattered_01_wCont/OIII_all_cross/Cl_243_1.npy,/path/to/Cls_scattered_01_wCont/Cls_scattered_01_wCont/Shift7_all_cross/Cl_243.npy,/path/to/Cls_scattered_01_wCont/Cls_scattered_01_wCont/Ha/Cl_243.npy,/path/to/Cls_scattered_01_wCont/Cls_scattered_01_wCont/OII/Cl_243.npy,/path/to/Cls_scattered_01_wCont/Cls_scattered_01_wCont/OIII/Cl_243.npy,/path/to/Cls_scattered_01_wCont/Cls_scattered_01_wCont/Cont/Cl_243.npy,1.629755228664726,1.8853444723412394
/path/to/Cls_scattered_01_wCont/Cls_scattered_01_wCont/Ha_OII_OIII_Cont/Cl_244.npy,/path/to/Cls_scattered_01_wCont/Cls_scattered_01_wCont/OII_all_cross/Cl_244.npy,/path/to/Cls_scattered_01_wCont/Cls_scattered_01_wCont/OIII_all_cross/Cl_244.npy,/path/to/Cls_scattered_01_wCont/Cls_scattered_01_wCont/OII_all_cross/Cl_244_1.npy,/path/to/Cls_scattered_01_wCont/Cls_scattered_01_wCont/OIII_all_cross/Cl_244_1.npy,/path/to/Cls_scattered_01_wCont/Cls_scattered_01_wCont/Shift7_all_cross/Cl_244.npy,/path/to/Cls_scattered_01_wCont/Cls_scattered_01_wCont/Ha/Cl_244.npy,/path/to/Cls_scattered_01_wCont/Cls_scattered_01_wCont/OII/Cl_244.npy,/path/to/Cls_scattered_01_wCont/Cls_scattered_01_wCont/OIII/Cl_244.npy,/path/to/Cls_scattered_01_wCont/Cls_scattered_01_wCont/Cont/Cl_244.npy,1.7856631608679892,0.42071866774931554
/path/to/Cls_scattered_01_wCont/Cls_scattered_01_wCont/Ha_OII_OIII_Cont/Cl_245.npy,/path/to/Cls_scattered_01_wCont/Cls_scattered_01_wCont/OII_all_cross/Cl_245.npy,/path/to/Cls_scattered_01_wCont/Cls_scattered_01_wCont/OIII_all_cross/Cl_245.npy,/path/to/Cls_scattered_01_wCont/Cls_scattered_01_wCont/OII_all_cross/Cl_245_1.npy,/path/to/Cls_scattered_01_wCont/Cls_scattered_01_wCont/OIII_all_cross/Cl_245_1.npy,/path/to/Cls_scattered_01_wCont/Cls_scattered_01_wCont/Shift7_all_cross/Cl_245.npy,/path/to/Cls_scattered_01_wCont/Cls_scattered_01_wCont/Ha/Cl_245.npy,/path/to/Cls_scattered_01_wCont/Cls_scattered_01_wCont/OII/Cl_245.npy,/path/to/Cls_scattered_01_wCont/Cls_scattered_01_wCont/OIII/Cl_245.npy,/path/to/Cls_scattered_01_wCont/Cls_scattered_01_wCont/Cont/Cl_245.npy,0.37955155726522205,1.754263722617179
/path/to/Cls_scattered_01_wCont/Cls_scattered_01_wCont/Ha_OII_OIII_Cont/Cl_246.npy,/path/to/Cls_scattered_01_wCont/Cls_scattered_01_wCont/OII_all_cross/Cl_246.npy,/path/to/Cls_scattered_01_wCont/Cls_scattered_01_wCont/OIII_all_cross/Cl_246.npy,/path/to/Cls_scattered_01_wCont/Cls_scattered_01_wCont/OII_all_cross/Cl_246_1.npy,/path/to/Cls_scattered_01_wCont/Cls_scattered_01_wCont/OIII_all_cross/Cl_246_1.npy,/path/to/Cls_scattered_01_wCont/Cls_scattered_01_wCont/Shift7_all_cross/Cl_246.npy,/path/to/Cls_scattered_01_wCont/Cls_scattered_01_wCont/Ha/Cl_246.npy,/path/to/Cls_scattered_01_wCont/Cls_scattered_01_wCont/OII/Cl_246.npy,/path/to/Cls_scattered_01_wCont/Cls_scattered_01_wCont/OIII/Cl_246.npy,/path/to/Cls_scattered_01_wCont/Cls_scattered_01_wCont/Cont/Cl_246.npy,0.8907293704338372,0.9267376748844981
/path/to/Cls_scattered_01_wCont/Cls_scattered_01_wCont/Ha_OII_OIII_Cont/Cl_247.npy,/path/to/Cls_scattered_01_wCont/Cls_scattered_01_wCont/OII_all_cross/Cl_247.npy,/path/to/Cls_scattered_01_wCont/Cls_scattered_01_wCont/OIII_all_cross/Cl_247.npy,/path/to/Cls_scattered_01_wCont/Cls_scattered_01_wCont/OII_all_cross/Cl_247_1.npy,/path/to/Cls_scattered_01_wCont/Cls_scattered_01_wCont/OIII_all_cross/Cl_247_1.npy,/path/to/Cls_scattered_01_wCont/Cls_scattered_01_wCont/Shift7_all_cross/Cl_247.npy,/path/to/Cls_scattered_01_wCont/Cls_scattered_01_wCont/Ha/Cl_247.npy,/path/to/Cls_scattered_01_wCont/Cls_scattered_01_wCont/OII/Cl_247.npy,/path/to/Cls_scattered_01_wCont/Cls_scattered_01_wCont/OIII/Cl_247.npy,/path/to/Cls_scattered_01_wCont/Cls_scattered_01_wCont/Cont/Cl_247.npy,1.3783848346211016,1.2481253476813436
/path/to/Cls_scattered_01_wCont/Cls_scattered_01_wCont/Ha_OII_OIII_Cont/Cl_248.npy,/path/to/Cls_scattered_01_wCont/Cls_scattered_01_wCont/OII_all_cross/Cl_248.npy,/path/to/Cls_scattered_01_wCont/Cls_scattered_01_wCont/OIII_all_cross/Cl_248.npy,/path/to/Cls_scattered_01_wCont/Cls_scattered_01_wCont/OII_all_cross/Cl_248_1.npy,/path/to/Cls_scattered_01_wCont/Cls_scattered_01_wCont/OIII_all_cross/Cl_248_1.npy,/path/to/Cls_scattered_01_wCont/Cls_scattered_01_wCont/Shift7_all_cross/Cl_248.npy,/path/to/Cls_scattered_01_wCont/Cls_scattered_01_wCont/Ha/Cl_248.npy,/path/to/Cls_scattered_01_wCont/Cls_scattered_01_wCont/OII/Cl_248.npy,/path/to/Cls_scattered_01_wCont/Cls_scattered_01_wCont/OIII/Cl_248.npy,/path/to/Cls_scattered_01_wCont/Cls_scattered_01_wCont/Cont/Cl_248.npy,1.5020205818116665,0.2790072366595268
/path/to/Cls_scattered_01_wCont/Cls_scattered_01_wCont/Ha_OII_OIII_Cont/Cl_249.npy,/path/to/Cls_scattered_01_wCont/Cls_scattered_01_wCont/OII_all_cross/Cl_249.npy,/path/to/Cls_scattered_01_wCont/Cls_scattered_01_wCont/OIII_all_cross/Cl_249.npy,/path/to/Cls_scattered_01_wCont/Cls_scattered_01_wCont/OII_all_cross/Cl_249_1.npy,/path/to/Cls_scattered_01_wCont/Cls_scattered_01_wCont/OIII_all_cross/Cl_249_1.npy,/path/to/Cls_scattered_01_wCont/Cls_scattered_01_wCont/Shift7_all_cross/Cl_249.npy,/path/to/Cls_scattered_01_wCont/Cls_scattered_01_wCont/Ha/Cl_249.npy,/path/to/Cls_scattered_01_wCont/Cls_scattered_01_wCont/OII/Cl_249.npy,/path/to/Cls_scattered_01_wCont/Cls_scattered_01_wCont/OIII/Cl_249.npy,/path/to/Cls_scattered_01_wCont/Cls_scattered_01_wCont/Cont/Cl_249.npy,1.0079018373042345,1.8648960415273905
/path/to/Cls_scattered_01_wCont/Cls_scattered_01_wCont/Ha_OII_OIII_Cont/Cl_250.npy,/path/to/Cls_scattered_01_wCont/Cls_scattered_01_wCont/OII_all_cross/Cl_250.npy,/path/to/Cls_scattered_01_wCont/Cls_scattered_01_wCont/OIII_all_cross/Cl_250.npy,/path/to/Cls_scattered_01_wCont/Cls_scattered_01_wCont/OII_all_cross/Cl_250_1.npy,/path/to/Cls_scattered_01_wCont/Cls_scattered_01_wCont/OIII_all_cross/Cl_250_1.npy,/path/to/Cls_scattered_01_wCont/Cls_scattered_01_wCont/Shift7_all_cross/Cl_250.npy,/path/to/Cls_scattered_01_wCont/Cls_scattered_01_wCont/Ha/Cl_250.npy,/path/to/Cls_scattered_01_wCont/Cls_scattered_01_wCont/OII/Cl_250.npy,/path/to/Cls_scattered_01_wCont/Cls_scattered_01_wCont/OIII/Cl_250.npy,/path/to/Cls_scattered_01_wCont/Cls_scattered_01_wCont/Cont/Cl_250.npy,0.4967154207639396,0.7850262473337352
/path/to/Cls_scattered_01_wCont/Cls_scattered_01_wCont/Ha_OII_OIII_Cont/Cl_251.npy,/path/to/Cls_scattered_01_wCont/Cls_scattered_01_wCont/OII_all_cross/Cl_251.npy,/path/to/Cls_scattered_01_wCont/Cls_scattered_01_wCont/OIII_all_cross/Cl_251.npy,/path/to/Cls_scattered_01_wCont/Cls_scattered_01_wCont/OII_all_cross/Cl_251_1.npy,/path/to/Cls_scattered_01_wCont/Cls_scattered_01_wCont/OIII_all_cross/Cl_251_1.npy,/path/to/Cls_scattered_01_wCont/Cls_scattered_01_wCont/Shift7_all_cross/Cl_251.npy,/path/to/Cls_scattered_01_wCont/Cls_scattered_01_wCont/Ha/Cl_251.npy,/path/to/Cls_scattered_01_wCont/Cls_scattered_01_wCont/OII/Cl_251.npy,/path/to/Cls_scattered_01_wCont/Cls_scattered_01_wCont/OIII/Cl_251.npy,/path/to/Cls_scattered_01_wCont/Cls_scattered_01_wCont/Cont/Cl_251.npy,1.9092939286492765,1.3587576701305808
/path/to/Cls_scattered_01_wCont/Cls_scattered_01_wCont/Ha_OII_OIII_Cont/Cl_252.npy,/path/to/Cls_scattered_01_wCont/Cls_scattered_01_wCont/OII_all_cross/Cl_252.npy,/path/to/Cls_scattered_01_wCont/Cls_scattered_01_wCont/OIII_all_cross/Cl_252.npy,/path/to/Cls_scattered_01_wCont/Cls_scattered_01_wCont/OII_all_cross/Cl_252_1.npy,/path/to/Cls_scattered_01_wCont/Cls_scattered_01_wCont/OIII_all_cross/Cl_252_1.npy,/path/to/Cls_scattered_01_wCont/Cls_scattered_01_wCont/Shift7_all_cross/Cl_252.npy,/path/to/Cls_scattered_01_wCont/Cls_scattered_01_wCont/Ha/Cl_252.npy,/path/to/Cls_scattered_01_wCont/Cls_scattered_01_wCont/OII/Cl_252.npy,/path/to/Cls_scattered_01_wCont/Cls_scattered_01_wCont/OIII/Cl_252.npy,/path/to/Cls_scattered_01_wCont/Cls_scattered_01_wCont/Cont/Cl_252.npy,1.7533661248162389,0.9470950607210397
/path/to/Cls_scattered_01_wCont/Cls_scattered_01_wCont/Ha_OII_OIII_Cont/Cl_253.npy,/path/to/Cls_scattered_01_wCont/Cls_scattered_01_wCont/OII_all_cross/Cl_253.npy,/path/to/Cls_scattered_01_wCont/Cls_scattered_01_wCont/OIII_all_cross/Cl_253.npy,/path/to/Cls_scattered_01_wCont/Cls_scattered_01_wCont/OII_all_cross/Cl_253_1.npy,/path/to/Cls_scattered_01_wCont/Cls_scattered_01_wCont/OIII_all_cross/Cl_253_1.npy,/path/to/Cls_scattered_01_wCont/Cls_scattered_01_wCont/Shift7_all_cross/Cl_253.npy,/path/to/Cls_scattered_01_wCont/Cls_scattered_01_wCont/Ha/Cl_253.npy,/path/to/Cls_scattered_01_wCont/Cls_scattered_01_wCont/OII/Cl_253.npy,/path/to/Cls_scattered_01_wCont/Cls_scattered_01_wCont/OIII/Cl_253.npy,/path/to/Cls_scattered_01_wCont/Cls_scattered_01_wCont/Cont/Cl_253.npy,0.2813865130767226,1.1091158017516136
/path/to/Cls_scattered_01_wCont/Cls_scattered_01_wCont/Ha_OII_OIII_Cont/Cl_254.npy,/path/to/Cls_scattered_01_wCont/Cls_scattered_01_wCont/OII_all_cross/Cl_254.npy,/path/to/Cls_scattered_01_wCont/Cls_scattered_01_wCont/OIII_all_cross/Cl_254.npy,/path/to/Cls_scattered_01_wCont/Cls_scattered_01_wCont/OII_all_cross/Cl_254_1.npy,/path/to/Cls_scattered_01_wCont/Cls_scattered_01_wCont/OIII_all_cross/Cl_254_1.npy,/path/to/Cls_scattered_01_wCont/Cls_scattered_01_wCont/Shift7_all_cross/Cl_254.npy,/path/to/Cls_scattered_01_wCont/Cls_scattered_01_wCont/Ha/Cl_254.npy,/path/to/Cls_scattered_01_wCont/Cls_scattered_01_wCont/OII/Cl_254.npy,/path/to/Cls_scattered_01_wCont/Cls_scattered_01_wCont/OIII/Cl_254.npy,/path/to/Cls_scattered_01_wCont/Cls_scattered_01_wCont/Cont/Cl_254.npy,0.7480317172594368,0.5040496482513844
/path/to/Cls_scattered_01_wCont/Cls_scattered_01_wCont/Ha_OII_OIII_Cont/Cl_255.npy,/path/to/Cls_scattered_01_wCont/Cls_scattered_01_wCont/OII_all_cross/Cl_255.npy,/path/to/Cls_scattered_01_wCont/Cls_scattered_01_wCont/OIII_all_cross/Cl_255.npy,/path/to/Cls_scattered_01_wCont/Cls_scattered_01_wCont/OII_all_cross/Cl_255_1.npy,/path/to/Cls_scattered_01_wCont/Cls_scattered_01_wCont/OIII_all_cross/Cl_255_1.npy,/path/to/Cls_scattered_01_wCont/Cls_scattered_01_wCont/Shift7_all_cross/Cl_255.npy,/path/to/Cls_scattered_01_wCont/Cls_scattered_01_wCont/Ha/Cl_255.npy,/path/to/Cls_scattered_01_wCont/Cls_scattered_01_wCont/OII/Cl_255.npy,/path/to/Cls_scattered_01_wCont/Cls_scattered_01_wCont/OIII/Cl_255.npy,/path/to/Cls_scattered_01_wCont/Cls_scattered_01_wCont/Cont/Cl_255.npy,1.1828070015646517,1.5520558963529765
/path/to/Cls_scattered_01_wCont/Cls_scattered_01_wCont/Ha_OII_OIII_Cont/Cl_256.npy,/path/to/Cls_scattered_01_wCont/Cls_scattered_01_wCont/OII_all_cross/Cl_256.npy,/path/to/Cls_scattered_01_wCont/Cls_scattered_01_wCont/OIII_all_cross/Cl_256.npy,/path/to/Cls_scattered_01_wCont/Cls_scattered_01_wCont/OII_all_cross/Cl_256_1.npy,/path/to/Cls_scattered_01_wCont/Cls_scattered_01_wCont/OIII_all_cross/Cl_256_1.npy,/path/to/Cls_scattered_01_wCont/Cls_scattered_01_wCont/Shift7_all_cross/Cl_256.npy,/path/to/Cls_scattered_01_wCont/Cls_scattered_01_wCont/Ha/Cl_256.npy,/path/to/Cls_scattered_01_wCont/Cls_scattered_01_wCont/OII/Cl_256.npy,/path/to/Cls_scattered_01_wCont/Cls_scattered_01_wCont/OIII/Cl_256.npy,/path/to/Cls_scattered_01_wCont/Cls_scattered_01_wCont/Cont/Cl_256.npy,1.1770710565149785,0.5063798790797591
/path/to/Cls_scattered_01_wCont/Cls_scattered_01_wCont/Ha_OII_OIII_Cont/Cl_257.npy,/path/to/Cls_scattered_01_wCont/Cls_scattered_01_wCont/OII_all_cross/Cl_257.npy,/path/to/Cls_scattered_01_wCont/Cls_scattered_01_wCont/OIII_all_cross/Cl_257.npy,/path/to/Cls_scattered_01_wCont/Cls_scattered_01_wCont/OII_all_cross/Cl_257_1.npy,/path/to/Cls_scattered_01_wCont/Cls_scattered_01_wCont/OIII_all_cross/Cl_257_1.npy,/path/to/Cls_scattered_01_wCont/Cls_scattered_01_wCont/Shift7_all_cross/Cl_257.npy,/path/to/Cls_scattered_01_wCont/Cls_scattered_01_wCont/Ha/Cl_257.npy,/path/to/Cls_scattered_01_wCont/Cls_scattered_01_wCont/OII/Cl_257.npy,/path/to/Cls_scattered_01_wCont/Cls_scattered_01_wCont/OIII/Cl_257.npy,/path/to/Cls_scattered_01_wCont/Cls_scattered_01_wCont/Cont/Cl_257.npy,0.7506768647581339,1.547862952388823
/path/to/Cls_scattered_01_wCont/Cls_scattered_01_wCont/Ha_OII_OIII_Cont/Cl_258.npy,/path/to/Cls_scattered_01_wCont/Cls_scattered_01_wCont/OII_all_cross/Cl_258.npy,/path/to/Cls_scattered_01_wCont/Cls_scattered_01_wCont/OIII_all_cross/Cl_258.npy,/path/to/Cls_scattered_01_wCont/Cls_scattered_01_wCont/OII_all_cross/Cl_258_1.npy,/path/to/Cls_scattered_01_wCont/Cls_scattered_01_wCont/OIII_all_cross/Cl_258_1.npy,/path/to/Cls_scattered_01_wCont/Cls_scattered_01_wCont/Shift7_all_cross/Cl_258.npy,/path/to/Cls_scattered_01_wCont/Cls_scattered_01_wCont/Ha/Cl_258.npy,/path/to/Cls_scattered_01_wCont/Cls_scattered_01_wCont/OII/Cl_258.npy,/path/to/Cls_scattered_01_wCont/Cls_scattered_01_wCont/OIII/Cl_258.npy,/path/to/Cls_scattered_01_wCont/Cls_scattered_01_wCont/Cont/Cl_258.npy,0.2821730243973434,0.9503602207638323
/path/to/Cls_scattered_01_wCont/Cls_scattered_01_wCont/Ha_OII_OIII_Cont/Cl_259.npy,/path/to/Cls_scattered_01_wCont/Cls_scattered_01_wCont/OII_all_cross/Cl_259.npy,/path/to/Cls_scattered_01_wCont/Cls_scattered_01_wCont/OIII_all_cross/Cl_259.npy,/path/to/Cls_scattered_01_wCont/Cls_scattered_01_wCont/OII_all_cross/Cl_259_1.npy,/path/to/Cls_scattered_01_wCont/Cls_scattered_01_wCont/OIII_all_cross/Cl_259_1.npy,/path/to/Cls_scattered_01_wCont/Cls_scattered_01_wCont/Shift7_all_cross/Cl_259.npy,/path/to/Cls_scattered_01_wCont/Cls_scattered_01_wCont/Ha/Cl_259.npy,/path/to/Cls_scattered_01_wCont/Cls_scattered_01_wCont/OII/Cl_259.npy,/path/to/Cls_scattered_01_wCont/Cls_scattered_01_wCont/OIII/Cl_259.npy,/path/to/Cls_scattered_01_wCont/Cls_scattered_01_wCont/Cont/Cl_259.npy,1.7494879170320927,1.104002431500703
/path/to/Cls_scattered_01_wCont/Cls_scattered_01_wCont/Ha_OII_OIII_Cont/Cl_260.npy,/path/to/Cls_scattered_01_wCont/Cls_scattered_01_wCont/OII_all_cross/Cl_260.npy,/path/to/Cls_scattered_01_wCont/Cls_scattered_01_wCont/OIII_all_cross/Cl_260.npy,/path/to/Cls_scattered_01_wCont/Cls_scattered_01_wCont/OII_all_cross/Cl_260_1.npy,/path/to/Cls_scattered_01_wCont/Cls_scattered_01_wCont/OIII_all_cross/Cl_260_1.npy,/path/to/Cls_scattered_01_wCont/Cls_scattered_01_wCont/Shift7_all_cross/Cl_260.npy,/path/to/Cls_scattered_01_wCont/Cls_scattered_01_wCont/Ha/Cl_260.npy,/path/to/Cls_scattered_01_wCont/Cls_scattered_01_wCont/OII/Cl_260.npy,/path/to/Cls_scattered_01_wCont/Cls_scattered_01_wCont/OIII/Cl_260.npy,/path/to/Cls_scattered_01_wCont/Cls_scattered_01_wCont/Cont/Cl_260.npy,1.905271445401013,0.7901758784428239
/path/to/Cls_scattered_01_wCont/Cls_scattered_01_wCont/Ha_OII_OIII_Cont/Cl_261.npy,/path/to/Cls_scattered_01_wCont/Cls_scattered_01_wCont/OII_all_cross/Cl_261.npy,/path/to/Cls_scattered_01_wCont/Cls_scattered_01_wCont/OIII_all_cross/Cl_261.npy,/path/to/Cls_scattered_01_wCont/Cls_scattered_01_wCont/OII_all_cross/Cl_261_1.npy,/path/to/Cls_scattered_01_wCont/Cls_scattered_01_wCont/OIII_all_cross/Cl_261_1.npy,/path/to/Cls_scattered_01_wCont/Cls_scattered_01_wCont/Shift7_all_cross/Cl_261.npy,/path/to/Cls_scattered_01_wCont/Cls_scattered_01_wCont/Ha/Cl_261.npy,/path/to/Cls_scattered_01_wCont/Cls_scattered_01_wCont/OII/Cl_261.npy,/path/to/Cls_scattered_01_wCont/Cls_scattered_01_wCont/OIII/Cl_261.npy,/path/to/Cls_scattered_01_wCont/Cls_scattered_01_wCont/Cont/Cl_261.npy,0.49730556216090915,1.3554707592353226
/path/to/Cls_scattered_01_wCont/Cls_scattered_01_wCont/Ha_OII_OIII_Cont/Cl_262.npy,/path/to/Cls_scattered_01_wCont/Cls_scattered_01_wCont/OII_all_cross/Cl_262.npy,/path/to/Cls_scattered_01_wCont/Cls_scattered_01_wCont/OIII_all_cross/Cl_262.npy,/path/to/Cls_scattered_01_wCont/Cls_scattered_01_wCont/OII_all_cross/Cl_262_1.npy,/path/to/Cls_scattered_01_wCont/Cls_scattered_01_wCont/OIII_all_cross/Cl_262_1.npy,/path/to/Cls_scattered_01_wCont/Cls_scattered_01_wCont/Shift7_all_cross/Cl_262.npy,/path/to/Cls_scattered_01_wCont/Cls_scattered_01_wCont/Ha/Cl_262.npy,/path/to/Cls_scattered_01_wCont/Cls_scattered_01_wCont/OII/Cl_262.npy,/path/to/Cls_scattered_01_wCont/Cls_scattered_01_wCont/OIII/Cl_262.npy,/path/to/Cls_scattered_01_wCont/Cls_scattered_01_wCont/Cont/Cl_262.npy,1.0103451860137285,0.2832219456322491
/path/to/Cls_scattered_01_wCont/Cls_scattered_01_wCont/Ha_OII_OIII_Cont/Cl_263.npy,/path/to/Cls_scattered_01_wCont/Cls_scattered_01_wCont/OII_all_cross/Cl_263.npy,/path/to/Cls_scattered_01_wCont/Cls_scattered_01_wCont/OIII_all_cross/Cl_263.npy,/path/to/Cls_scattered_01_wCont/Cls_scattered_01_wCont/OII_all_cross/Cl_263_1.npy,/path/to/Cls_scattered_01_wCont/Cls_scattered_01_wCont/OIII_all_cross/Cl_263_1.npy,/path/to/Cls_scattered_01_wCont/Cls_scattered_01_wCont/Shift7_all_cross/Cl_263.npy,/path/to/Cls_scattered_01_wCont/Cls_scattered_01_wCont/Ha/Cl_263.npy,/path/to/Cls_scattered_01_wCont/Cls_scattered_01_wCont/OII/Cl_263.npy,/path/to/Cls_scattered_01_wCont/Cls_scattered_01_wCont/OIII/Cl_263.npy,/path/to/Cls_scattered_01_wCont/Cls_scattered_01_wCont/Cont/Cl_263.npy,1.4961458043195308,1.8625295639969408
/path/to/Cls_scattered_01_wCont/Cls_scattered_01_wCont/Ha_OII_OIII_Cont/Cl_264.npy,/path/to/Cls_scattered_01_wCont/Cls_scattered_01_wCont/OII_all_cross/Cl_264.npy,/path/to/Cls_scattered_01_wCont/Cls_scattered_01_wCont/OIII_all_cross/Cl_264.npy,/path/to/Cls_scattered_01_wCont/Cls_scattered_01_wCont/OII_all_cross/Cl_264_1.npy,/path/to/Cls_scattered_01_wCont/Cls_scattered_01_wCont/OIII_all_cross/Cl_264_1.npy,/path/to/Cls_scattered_01_wCont/Cls_scattered_01_wCont/Shift7_all_cross/Cl_264.npy,/path/to/Cls_scattered_01_wCont/Cls_scattered_01_wCont/Ha/Cl_264.npy,/path/to/Cls_scattered_01_wCont/Cls_scattered_01_wCont/OII/Cl_264.npy,/path/to/Cls_scattered_01_wCont/Cls_scattered_01_wCont/OIII/Cl_264.npy,/path/to/Cls_scattered_01_wCont/Cls_scattered_01_wCont/Cont/Cl_264.npy,1.3822743602097034,0.9300318337045609
/path/to/Cls_scattered_01_wCont/Cls_scattered_01_wCont/Ha_OII_OIII_Cont/Cl_265.npy,/path/to/Cls_scattered_01_wCont/Cls_scattered_01_wCont/OII_all_cross/Cl_265.npy,/path/to/Cls_scattered_01_wCont/Cls_scattered_01_wCont/OIII_all_cross/Cl_265.npy,/path/to/Cls_scattered_01_wCont/Cls_scattered_01_wCont/OII_all_cross/Cl_265_1.npy,/path/to/Cls_scattered_01_wCont/Cls_scattered_01_wCont/OIII_all_cross/Cl_265_1.npy,/path/to/Cls_scattered_01_wCont/Cls_scattered_01_wCont/Shift7_all_cross/Cl_265.npy,/path/to/Cls_scattered_01_wCont/Cls_scattered_01_wCont/Ha/Cl_265.npy,/path/to/Cls_scattered_01_wCont/Cls_scattered_01_wCont/OII/Cl_265.npy,/path/to/Cls_scattered_01_wCont/Cls_scattered_01_wCont/OIII/Cl_265.npy,/path/to/Cls_scattered_01_wCont/Cls_scattered_01_wCont/Cont/Cl_265.npy,0.8900103483349084,1.2429829644970596
/path/to/Cls_scattered_01_wCont/Cls_scattered_01_wCont/Ha_OII_OIII_Cont/Cl_266.npy,/path/to/Cls_scattered_01_wCont/Cls_scattered_01_wCont/OII_all_cross/Cl_266.npy,/path/to/Cls_scattered_01_wCont/Cls_scattered_01_wCont/OIII_all_cross/Cl_266.npy,/path/to/Cls_scattered_01_wCont/Cls_scattered_01_wCont/OII_all_cross/Cl_266_1.npy,/path/to/Cls_scattered_01_wCont/Cls_scattered_01_wCont/OIII_all_cross/Cl_266_1.npy,/path/to/Cls_scattered_01_wCont/Cls_scattered_01_wCont/Shift7_all_cross/Cl_266.npy,/path/to/Cls_scattered_01_wCont/Cls_scattered_01_wCont/Ha/Cl_266.npy,/path/to/Cls_scattered_01_wCont/Cls_scattered_01_wCont/OII/Cl_266.npy,/path/to/Cls_scattered_01_wCont/Cls_scattered_01_wCont/OIII/Cl_266.npy,/path/to/Cls_scattered_01_wCont/Cls_scattered_01_wCont/Cont/Cl_266.npy,0.37697661696001883,0.4230778973549605
/path/to/Cls_scattered_01_wCont/Cls_scattered_01_wCont/Ha_OII_OIII_Cont/Cl_267.npy,/path/to/Cls_scattered_01_wCont/Cls_scattered_01_wCont/OII_all_cross/Cl_267.npy,/path/to/Cls_scattered_01_wCont/Cls_scattered_01_wCont/OIII_all_cross/Cl_267.npy,/path/to/Cls_scattered_01_wCont/Cls_scattered_01_wCont/OII_all_cross/Cl_267_1.npy,/path/to/Cls_scattered_01_wCont/Cls_scattered_01_wCont/OIII_all_cross/Cl_267_1.npy,/path/to/Cls_scattered_01_wCont/Cls_scattered_01_wCont/Shift7_all_cross/Cl_267.npy,/path/to/Cls_scattered_01_wCont/Cls_scattered_01_wCont/Ha/Cl_267.npy,/path/to/Cls_scattered_01_wCont/Cls_scattered_01_wCont/OII/Cl_267.npy,/path/to/Cls_scattered_01_wCont/Cls_scattered_01_wCont/OIII/Cl_267.npy,/path/to/Cls_scattered_01_wCont/Cls_scattered_01_wCont/Cont/Cl_267.npy,1.7914095177315175,1.750041765719652
/path/to/Cls_scattered_01_wCont/Cls_scattered_01_wCont/Ha_OII_OIII_Cont/Cl_268.npy,/path/to/Cls_scattered_01_wCont/Cls_scattered_01_wCont/OII_all_cross/Cl_268.npy,/path/to/Cls_scattered_01_wCont/Cls_scattered_01_wCont/OIII_all_cross/Cl_268.npy,/path/to/Cls_scattered_01_wCont/Cls_scattered_01_wCont/OII_all_cross/Cl_268_1.npy,/path/to/Cls_scattered_01_wCont/Cls_scattered_01_wCont/OIII_all_cross/Cl_268_1.npy,/path/to/Cls_scattered_01_wCont/Cls_scattered_01_wCont/Shift7_all_cross/Cl_268.npy,/path/to/Cls_scattered_01_wCont/Cls_scattered_01_wCont/Ha/Cl_268.npy,/path/to/Cls_scattered_01_wCont/Cls_scattered_01_wCont/OII/Cl_268.npy,/path/to/Cls_scattered_01_wCont/Cls_scattered_01_wCont/OIII/Cl_268.npy,/path/to/Cls_scattered_01_wCont/Cls_scattered_01_wCont/Cont/Cl_268.npy,1.6355915086343884,0.14386767027899622
/path/to/Cls_scattered_01_wCont/Cls_scattered_01_wCont/Ha_OII_OIII_Cont/Cl_269.npy,/path/to/Cls_scattered_01_wCont/Cls_scattered_01_wCont/OII_all_cross/Cl_269.npy,/path/to/Cls_scattered_01_wCont/Cls_scattered_01_wCont/OIII_all_cross/Cl_269.npy,/path/to/Cls_scattered_01_wCont/Cls_scattered_01_wCont/OII_all_cross/Cl_269_1.npy,/path/to/Cls_scattered_01_wCont/Cls_scattered_01_wCont/OIII_all_cross/Cl_269_1.npy,/path/to/Cls_scattered_01_wCont/Cls_scattered_01_wCont/Shift7_all_cross/Cl_269.npy,/path/to/Cls_scattered_01_wCont/Cls_scattered_01_wCont/Ha/Cl_269.npy,/path/to/Cls_scattered_01_wCont/Cls_scattered_01_wCont/OII/Cl_269.npy,/path/to/Cls_scattered_01_wCont/Cls_scattered_01_wCont/OIII/Cl_269.npy,/path/to/Cls_scattered_01_wCont/Cls_scattered_01_wCont/Cont/Cl_269.npy,0.161755352281034,1.8830069935880602
/path/to/Cls_scattered_01_wCont/Cls_scattered_01_wCont/Ha_OII_OIII_Cont/Cl_270.npy,/path/to/Cls_scattered_01_wCont/Cls_scattered_01_wCont/OII_all_cross/Cl_270.npy,/path/to/Cls_scattered_01_wCont/Cls_scattered_01_wCont/OIII_all_cross/Cl_270.npy,/path/to/Cls_scattered_01_wCont/Cls_scattered_01_wCont/OII_all_cross/Cl_270_1.npy,/path/to/Cls_scattered_01_wCont/Cls_scattered_01_wCont/OIII_all_cross/Cl_270_1.npy,/path/to/Cls_scattered_01_wCont/Cls_scattered_01_wCont/Shift7_all_cross/Cl_270.npy,/path/to/Cls_scattered_01_wCont/Cls_scattered_01_wCont/Ha/Cl_270.npy,/path/to/Cls_scattered_01_wCont/Cls_scattered_01_wCont/OII/Cl_270.npy,/path/to/Cls_scattered_01_wCont/Cls_scattered_01_wCont/OIII/Cl_270.npy,/path/to/Cls_scattered_01_wCont/Cls_scattered_01_wCont/Cont/Cl_270.npy,0.6302641791291534,0.5878480084240436
/path/to/Cls_scattered_01_wCont/Cls_scattered_01_wCont/Ha_OII_OIII_Cont/Cl_271.npy,/path/to/Cls_scattered_01_wCont/Cls_scattered_01_wCont/OII_all_cross/Cl_271.npy,/path/to/Cls_scattered_01_wCont/Cls_scattered_01_wCont/OIII_all_cross/Cl_271.npy,/path/to/Cls_scattered_01_wCont/Cls_scattered_01_wCont/OII_all_cross/Cl_271_1.npy,/path/to/Cls_scattered_01_wCont/Cls_scattered_01_wCont/OIII_all_cross/Cl_271_1.npy,/path/to/Cls_scattered_01_wCont/Cls_scattered_01_wCont/Shift7_all_cross/Cl_271.npy,/path/to/Cls_scattered_01_wCont/Cls_scattered_01_wCont/Ha/Cl_271.npy,/path/to/Cls_scattered_01_wCont/Cls_scattered_01_wCont/OII/Cl_271.npy,/path/to/Cls_scattered_01_wCont/Cls_scattered_01_wCont/OIII/Cl_271.npy,/path/to/Cls_scattered_01_wCont/Cls_scattered_01_wCont/Cont/Cl_271.npy,1.0631832585670054,1.4391464691609144
/path/to/Cls_scattered_01_wCont/Cls_scattered_01_wCont/Ha_OII_OIII_Cont/Cl_272.npy,/path/to/Cls_scattered_01_wCont/Cls_scattered_01_wCont/OII_all_cross/Cl_272.npy,/path/to/Cls_scattered_01_wCont/Cls_scattered_01_wCont/OIII_all_cross/Cl_272.npy,/path/to/Cls_scattered_01_wCont/Cls_scattered_01_wCont/OII_all_cross/Cl_272_1.npy,/path/to/Cls_scattered_01_wCont/Cls_scattered_01_wCont/OIII_all_cross/Cl_272_1.npy,/path/to/Cls_scattered_01_wCont/Cls_scattered_01_wCont/Shift7_all_cross/Cl_272.npy,/path/to/Cls_scattered_01_wCont/Cls_scattered_01_wCont/Ha/Cl_272.npy,/path/to/Cls_scattered_01_wCont/Cls_scattered_01_wCont/OII/Cl_272.npy,/path/to/Cls_scattered_01_wCont/Cls_scattered_01_wCont/OIII/Cl_272.npy,/path/to/Cls_scattered_01_wCont/Cls_scattered_01_wCont/Cont/Cl_272.npy,1.1453538703732193,0.6769871389493346
/path/to/Cls_scattered_01_wCont/Cls_scattered_01_wCont/Ha_OII_OIII_Cont/Cl_273.npy,/path/to/Cls_scattered_01_wCont/Cls_scattered_01_wCont/OII_all_cross/Cl_273.npy,/path/to/Cls_scattered_01_wCont/Cls_scattered_01_wCont/OIII_all_cross/Cl_273.npy,/path/to/Cls_scattered_01_wCont/Cls_scattered_01_wCont/OII_all_cross/Cl_273_1.npy,/path/to/Cls_scattered_01_wCont/Cls_scattered_01_wCont/OIII_all_cross/Cl_273_1.npy,/path/to/Cls_scattered_01_wCont/Cls_scattered_01_wCont/Shift7_all_cross/Cl_273.npy,/path/to/Cls_scattered_01_wCont/Cls_scattered_01_wCont/Ha/Cl_273.npy,/path/to/Cls_scattered_01_wCont/Cls_scattered_01_wCont/OII/Cl_273.npy,/path/to/Cls_scattered_01_wCont/Cls_scattered_01_wCont/OIII/Cl_273.npy,/path/to/Cls_scattered_01_wCont/Cls_scattered_01_wCont/Cont/Cl_273.npy,0.6523947938345372,1.4686484003439546
/path/to/Cls_scattered_01_wCont/Cls_scattered_01_wCont/Ha_OII_OIII_Cont/Cl_274.npy,/path/to/Cls_scattered_01_wCont/Cls_scattered_01_wCont/OII_all_cross/Cl_274.npy,/path/to/Cls_scattered_01_wCont/Cls_scattered_01_wCont/OIII_all_cross/Cl_274.npy,/path/to/Cls_scattered_01_wCont/Cls_scattered_01_wCont/OII_all_cross/Cl_274_1.npy,/path/to/Cls_scattered_01_wCont/Cls_scattered_01_wCont/OIII_all_cross/Cl_274_1.npy,/path/to/Cls_scattered_01_wCont/Cls_scattered_01_wCont/Shift7_all_cross/Cl_274.npy,/path/to/Cls_scattered_01_wCont/Cls_scattered_01_wCont/Ha/Cl_274.npy,/path/to/Cls_scattered_01_wCont/Cls_scattered_01_wCont/OII/Cl_274.npy,/path/to/Cls_scattered_01_wCont/Cls_scattered_01_wCont/OIII/Cl_274.npy,/path/to/Cls_scattered_01_wCont/Cls_scattered_01_wCont/Cont/Cl_274.npy,0.13936018124222754,0.17375442096963525
/path/to/Cls_scattered_01_wCont/Cls_scattered_01_wCont/Ha_OII_OIII_Cont/Cl_275.npy,/path/to/Cls_scattered_01_wCont/Cls_scattered_01_wCont/OII_all_cross/Cl_275.npy,/path/to/Cls_scattered_01_wCont/Cls_scattered_01_wCont/OIII_all_cross/Cl_275.npy,/path/to/Cls_scattered_01_wCont/Cls_scattered_01_wCont/OII_all_cross/Cl_275_1.npy,/path/to/Cls_scattered_01_wCont/Cls_scattered_01_wCont/OIII_all_cross/Cl_275_1.npy,/path/to/Cls_scattered_01_wCont/Cls_scattered_01_wCont/Shift7_all_cross/Cl_275.npy,/path/to/Cls_scattered_01_wCont/Cls_scattered_01_wCont/Ha/Cl_275.npy,/path/to/Cls_scattered_01_wCont/Cls_scattered_01_wCont/OII/Cl_275.npy,/path/to/Cls_scattered_01_wCont/Cls_scattered_01_wCont/OIII/Cl_275.npy,/path/to/Cls_scattered_01_wCont/Cls_scattered_01_wCont/Cont/Cl_275.npy,1.5544899586588143,1.972008187044412
/path/to/Cls_scattered_01_wCont/Cls_scattered_01_wCont/Ha_OII_OIII_Cont/Cl_276.npy,/path/to/Cls_scattered_01_wCont/Cls_scattered_01_wCont/OII_all_cross/Cl_276.npy,/path/to/Cls_scattered_01_wCont/Cls_scattered_01_wCont/OIII_all_cross/Cl_276.npy,/path/to/Cls_scattered_01_wCont/Cls_scattered_01_wCont/OII_all_cross/Cl_276_1.npy,/path/to/Cls_scattered_01_wCont/Cls_scattered_01_wCont/OIII_all_cross/Cl_276_1.npy,/path/to/Cls_scattered_01_wCont/Cls_scattered_01_wCont/Shift7_all_cross/Cl_276.npy,/path/to/Cls_scattered_01_wCont/Cls_scattered_01_wCont/Ha/Cl_276.npy,/path/to/Cls_scattered_01_wCont/Cls_scattered_01_wCont/OII/Cl_276.npy,/path/to/Cls_scattered_01_wCont/Cls_scattered_01_wCont/OIII/Cl_276.npy,/path/to/Cls_scattered_01_wCont/Cls_scattered_01_wCont/Cont/Cl_276.npy,1.8736707639880479,0.39319780711084606
/path/to/Cls_scattered_01_wCont/Cls_scattered_01_wCont/Ha_OII_OIII_Cont/Cl_277.npy,/path/to/Cls_scattered_01_wCont/Cls_scattered_01_wCont/OII_all_cross/Cl_277.npy,/path/to/Cls_scattered_01_wCont/Cls_scattered_01_wCont/OIII_all_cross/Cl_277.npy,/path/to/Cls_scattered_01_wCont/Cls_scattered_01_wCont/OII_all_cross/Cl_277_1.npy,/path/to/Cls_scattered_01_wCont/Cls_scattered_01_wCont/OIII_all_cross/Cl_277_1.npy,/path/to/Cls_scattered_01_wCont/Cls_scattered_01_wCont/Shift7_all_cross/Cl_277.npy,/path/to/Cls_scattered_01_wCont/Cls_scattered_01_wCont/Ha/Cl_277.npy,/path/to/Cls_scattered_01_wCont/Cls_scattered_01_wCont/OII/Cl_277.npy,/path/to/Cls_scattered_01_wCont/Cls_scattered_01_wCont/OIII/Cl_277.npy,/path/to/Cls_scattered_01_wCont/Cls_scattered_01_wCont/Cont/Cl_277.npy,0.3991398827172816,1.6610488748177885
/path/to/Cls_scattered_01_wCont/Cls_scattered_01_wCont/Ha_OII_OIII_Cont/Cl_278.npy,/path/to/Cls_scattered_01_wCont/Cls_scattered_01_wCont/OII_all_cross/Cl_278.npy,/path/to/Cls_scattered_01_wCont/Cls_scattered_01_wCont/OIII_all_cross/Cl_278.npy,/path/to/Cls_scattered_01_wCont/Cls_scattered_01_wCont/OII_all_cross/Cl_278_1.npy,/path/to/Cls_scattered_01_wCont/Cls_scattered_01_wCont/OIII_all_cross/Cl_278_1.npy,/path/to/Cls_scattered_01_wCont/Cls_scattered_01_wCont/Shift7_all_cross/Cl_278.npy,/path/to/Cls_scattered_01_wCont/Cls_scattered_01_wCont/Ha/Cl_278.npy,/path/to/Cls_scattered_01_wCont/Cls_scattered_01_wCont/OII/Cl_278.npy,/path/to/Cls_scattered_01_wCont/Cls_scattered_01_wCont/OIII/Cl_278.npy,/path/to/Cls_scattered_01_wCont/Cls_scattered_01_wCont/Cont/Cl_278.npy,0.8676477717235683,0.8408860568888484
/path/to/Cls_scattered_01_wCont/Cls_scattered_01_wCont/Ha_OII_OIII_Cont/Cl_279.npy,/path/to/Cls_scattered_01_wCont/Cls_scattered_01_wCont/OII_all_cross/Cl_279.npy,/path/to/Cls_scattered_01_wCont/Cls_scattered_01_wCont/OIII_all_cross/Cl_279.npy,/path/to/Cls_scattered_01_wCont/Cls_scattered_01_wCont/OII_all_cross/Cl_279_1.npy,/path/to/Cls_scattered_01_wCont/Cls_scattered_01_wCont/OIII_all_cross/Cl_279_1.npy,/path/to/Cls_scattered_01_wCont/Cls_scattered_01_wCont/Shift7_all_cross/Cl_279.npy,/path/to/Cls_scattered_01_wCont/Cls_scattered_01_wCont/Ha/Cl_279.npy,/path/to/Cls_scattered_01_wCont/Cls_scattered_01_wCont/OII/Cl_279.npy,/path/to/Cls_scattered_01_wCont/Cls_scattered_01_wCont/OIII/Cl_279.npy,/path/to/Cls_scattered_01_wCont/Cls_scattered_01_wCont/Cont/Cl_279.npy,1.3012633880600333,1.2134727449156344
/path/to/Cls_scattered_01_wCont/Cls_scattered_01_wCont/Ha_OII_OIII_Cont/Cl_280.npy,/path/to/Cls_scattered_01_wCont/Cls_scattered_01_wCont/OII_all_cross/Cl_280.npy,/path/to/Cls_scattered_01_wCont/Cls_scattered_01_wCont/OIII_all_cross/Cl_280.npy,/path/to/Cls_scattered_01_wCont/Cls_scattered_01_wCont/OII_all_cross/Cl_280_1.npy,/path/to/Cls_scattered_01_wCont/Cls_scattered_01_wCont/OIII_all_cross/Cl_280_1.npy,/path/to/Cls_scattered_01_wCont/Cls_scattered_01_wCont/Shift7_all_cross/Cl_280.npy,/path/to/Cls_scattered_01_wCont/Cls_scattered_01_wCont/Ha/Cl_280.npy,/path/to/Cls_scattered_01_wCont/Cls_scattered_01_wCont/OII/Cl_280.npy,/path/to/Cls_scattered_01_wCont/Cls_scattered_01_wCont/OIII/Cl_280.npy,/path/to/Cls_scattered_01_wCont/Cls_scattered_01_wCont/Cont/Cl_280.npy,1.4137595313601197,0.25334184831008316
/path/to/Cls_scattered_01_wCont/Cls_scattered_01_wCont/Ha_OII_OIII_Cont/Cl_281.npy,/path/to/Cls_scattered_01_wCont/Cls_scattered_01_wCont/OII_all_cross/Cl_281.npy,/path/to/Cls_scattered_01_wCont/Cls_scattered_01_wCont/OIII_all_cross/Cl_281.npy,/path/to/Cls_scattered_01_wCont/Cls_scattered_01_wCont/OII_all_cross/Cl_281_1.npy,/path/to/Cls_scattered_01_wCont/Cls_scattered_01_wCont/OIII_all_cross/Cl_281_1.npy,/path/to/Cls_scattered_01_wCont/Cls_scattered_01_wCont/Shift7_all_cross/Cl_281.npy,/path/to/Cls_scattered_01_wCont/Cls_scattered_01_wCont/Ha/Cl_281.npy,/path/to/Cls_scattered_01_wCont/Cls_scattered_01_wCont/OII/Cl_281.npy,/path/to/Cls_scattered_01_wCont/Cls_scattered_01_wCont/OIII/Cl_281.npy,/path/to/Cls_scattered_01_wCont/Cls_scattered_01_wCont/Cont/Cl_281.npy,0.9885243847034871,1.7735366660170258
/path/to/Cls_scattered_01_wCont/Cls_scattered_01_wCont/Ha_OII_OIII_Cont/Cl_282.npy,/path/to/Cls_scattered_01_wCont/Cls_scattered_01_wCont/OII_all_cross/Cl_282.npy,/path/to/Cls_scattered_01_wCont/Cls_scattered_01_wCont/OIII_all_cross/Cl_282.npy,/path/to/Cls_scattered_01_wCont/Cls_scattered_01_wCont/OII_all_cross/Cl_282_1.npy,/path/to/Cls_scattered_01_wCont/Cls_scattered_01_wCont/OIII_all_cross/Cl_282_1.npy,/path/to/Cls_scattered_01_wCont/Cls_scattered_01_wCont/Shift7_all_cross/Cl_282.npy,/path/to/Cls_scattered_01_wCont/Cls_scattered_01_wCont/Ha/Cl_282.npy,/path/to/Cls_scattered_01_wCont/Cls_scattered_01_wCont/OII/Cl_282.npy,/path/to/Cls_scattered_01_wCont/Cls_scattered_01_wCont/OIII/Cl_282.npy,/path/to/Cls_scattered_01_wCont/Cls_scattered_01_wCont/Cont/Cl_282.npy,0.5200214751064777,0.7010300945490598
/path/to/Cls_scattered_01_wCont/Cls_scattered_01_wCont/Ha_OII_OIII_Cont/Cl_283.npy,/path/to/Cls_scattered_01_wCont/Cls_scattered_01_wCont/OII_all_cross/Cl_283.npy,/path/to/Cls_scattered_01_wCont/Cls_scattered_01_wCont/OIII_all_cross/Cl_283.npy,/path/to/Cls_scattered_01_wCont/Cls_scattered_01_wCont/OII_all_cross/Cl_283_1.npy,/path/to/Cls_scattered_01_wCont/Cls_scattered_01_wCont/OIII_all_cross/Cl_283_1.npy,/path/to/Cls_scattered_01_wCont/Cls_scattered_01_wCont/Shift7_all_cross/Cl_283.npy,/path/to/Cls_scattered_01_wCont/Cls_scattered_01_wCont/Ha/Cl_283.npy,/path/to/Cls_scattered_01_wCont/Cls_scattered_01_wCont/OII/Cl_283.npy,/path/to/Cls_scattered_01_wCont/Cls_scattered_01_wCont/OIII/Cl_283.npy,/path/to/Cls_scattered_01_wCont/Cls_scattered_01_wCont/Cont/Cl_283.npy,1.9861755106598138,1.3259605325758457
/path/to/Cls_scattered_01_wCont/Cls_scattered_01_wCont/Ha_OII_OIII_Cont/Cl_284.npy,/path/to/Cls_scattered_01_wCont/Cls_scattered_01_wCont/OII_all_cross/Cl_284.npy,/path/to/Cls_scattered_01_wCont/Cls_scattered_01_wCont/OIII_all_cross/Cl_284.npy,/path/to/Cls_scattered_01_wCont/Cls_scattered_01_wCont/OII_all_cross/Cl_284_1.npy,/path/to/Cls_scattered_01_wCont/Cls_scattered_01_wCont/OIII_all_cross/Cl_284_1.npy,/path/to/Cls_scattered_01_wCont/Cls_scattered_01_wCont/Shift7_all_cross/Cl_284.npy,/path/to/Cls_scattered_01_wCont/Cls_scattered_01_wCont/Ha/Cl_284.npy,/path/to/Cls_scattered_01_wCont/Cls_scattered_01_wCont/OII/Cl_284.npy,/path/to/Cls_scattered_01_wCont/Cls_scattered_01_wCont/OIII/Cl_284.npy,/path/to/Cls_scattered_01_wCont/Cls_scattered_01_wCont/Cont/Cl_284.npy,1.666960344929248,1.0394993442110718
/path/to/Cls_scattered_01_wCont/Cls_scattered_01_wCont/Ha_OII_OIII_Cont/Cl_285.npy,/path/to/Cls_scattered_01_wCont/Cls_scattered_01_wCont/OII_all_cross/Cl_285.npy,/path/to/Cls_scattered_01_wCont/Cls_scattered_01_wCont/OIII_all_cross/Cl_285.npy,/path/to/Cls_scattered_01_wCont/Cls_scattered_01_wCont/OII_all_cross/Cl_285_1.npy,/path/to/Cls_scattered_01_wCont/Cls_scattered_01_wCont/OIII_all_cross/Cl_285_1.npy,/path/to/Cls_scattered_01_wCont/Cls_scattered_01_wCont/Shift7_all_cross/Cl_285.npy,/path/to/Cls_scattered_01_wCont/Cls_scattered_01_wCont/Ha/Cl_285.npy,/path/to/Cls_scattered_01_wCont/Cls_scattered_01_wCont/OII/Cl_285.npy,/path/to/Cls_scattered_01_wCont/Cls_scattered_01_wCont/OIII/Cl_285.npy,/path/to/Cls_scattered_01_wCont/Cls_scattered_01_wCont/Cont/Cl_285.npy,0.2601529405452311,1.1335043556056916
/path/to/Cls_scattered_01_wCont/Cls_scattered_01_wCont/Ha_OII_OIII_Cont/Cl_286.npy,/path/to/Cls_scattered_01_wCont/Cls_scattered_01_wCont/OII_all_cross/Cl_286.npy,/path/to/Cls_scattered_01_wCont/Cls_scattered_01_wCont/OIII_all_cross/Cl_286.npy,/path/to/Cls_scattered_01_wCont/Cls_scattered_01_wCont/OII_all_cross/Cl_286_1.npy,/path/to/Cls_scattered_01_wCont/Cls_scattered_01_wCont/OIII_all_cross/Cl_286_1.npy,/path/to/Cls_scattered_01_wCont/Cls_scattered_01_wCont/Shift7_all_cross/Cl_286.npy,/path/to/Cls_scattered_01_wCont/Cls_scattered_01_wCont/Ha/Cl_286.npy,/path/to/Cls_scattered_01_wCont/Cls_scattered_01_wCont/OII/Cl_286.npy,/path/to/Cls_scattered_01_wCont/Cls_scattered_01_wCont/OIII/Cl_286.npy,/path/to/Cls_scattered_01_wCont/Cls_scattered_01_wCont/Cont/Cl_286.npy,0.7731934385374188,0.5362666226923466
/path/to/Cls_scattered_01_wCont/Cls_scattered_01_wCont/Ha_OII_OIII_Cont/Cl_287.npy,/path/to/Cls_scattered_01_wCont/Cls_scattered_01_wCont/OII_all_cross/Cl_287.npy,/path/to/Cls_scattered_01_wCont/Cls_scattered_01_wCont/OIII_all_cross/Cl_287.npy,/path/to/Cls_scattered_01_wCont/Cls_scattered_01_wCont/OII_all_cross/Cl_287_1.npy,/path/to/Cls_scattered_01_wCont/Cls_scattered_01_wCont/OIII_all_cross/Cl_287_1.npy,/path/to/Cls_scattered_01_wCont/Cls_scattered_01_wCont/Shift7_all_cross/Cl_287.npy,/path/to/Cls_scattered_01_wCont/Cls_scattered_01_wCont/Ha/Cl_287.npy,/path/to/Cls_scattered_01_wCont/Cls_scattered_01_wCont/OII/Cl_287.npy,/path/to/Cls_scattered_01_wCont/Cls_scattered_01_wCont/OIII/Cl_287.npy,/path/to/Cls_scattered_01_wCont/Cls_scattered_01_wCont/Cont/Cl_287.npy,1.2578337660059333,1.6368641387671232
/path/to/Cls_scattered_01_wCont/Cls_scattered_01_wCont/Ha_OII_OIII_Cont/Cl_288.npy,/path/to/Cls_scattered_01_wCont/Cls_scattered_01_wCont/OII_all_cross/Cl_288.npy,/path/to/Cls_scattered_01_wCont/Cls_scattered_01_wCont/OIII_all_cross/Cl_288.npy,/path/to/Cls_scattered_01_wCont/Cls_scattered_01_wCont/OII_all_cross/Cl_288_1.npy,/path/to/Cls_scattered_01_wCont/Cls_scattered_01_wCont/OIII_all_cross/Cl_288_1.npy,/path/to/Cls_scattered_01_wCont/Cls_scattered_01_wCont/Shift7_all_cross/Cl_288.npy,/path/to/Cls_scattered_01_wCont/Cls_scattered_01_wCont/Ha/Cl_288.npy,/path/to/Cls_scattered_01_wCont/Cls_scattered_01_wCont/OII/Cl_288.npy,/path/to/Cls_scattered_01_wCont/Cls_scattered_01_wCont/OIII/Cl_288.npy,/path/to/Cls_scattered_01_wCont/Cls_scattered_01_wCont/Cont/Cl_288.npy,1.2469274033792317,0.9847420190460979
/path/to/Cls_scattered_01_wCont/Cls_scattered_01_wCont/Ha_OII_OIII_Cont/Cl_289.npy,/path/to/Cls_scattered_01_wCont/Cls_scattered_01_wCont/OII_all_cross/Cl_289.npy,/path/to/Cls_scattered_01_wCont/Cls_scattered_01_wCont/OIII_all_cross/Cl_289.npy,/path/to/Cls_scattered_01_wCont/Cls_scattered_01_wCont/OII_all_cross/Cl_289_1.npy,/path/to/Cls_scattered_01_wCont/Cls_scattered_01_wCont/OIII_all_cross/Cl_289_1.npy,/path/to/Cls_scattered_01_wCont/Cls_scattered_01_wCont/Shift7_all_cross/Cl_289.npy,/path/to/Cls_scattered_01_wCont/Cls_scattered_01_wCont/Ha/Cl_289.npy,/path/to/Cls_scattered_01_wCont/Cls_scattered_01_wCont/OII/Cl_289.npy,/path/to/Cls_scattered_01_wCont/Cls_scattered_01_wCont/OIII/Cl_289.npy,/path/to/Cls_scattered_01_wCont/Cls_scattered_01_wCont/Cont/Cl_289.npy,0.7845526867546141,1.0713544727303088
/path/to/Cls_scattered_01_wCont/Cls_scattered_01_wCont/Ha_OII_OIII_Cont/Cl_290.npy,/path/to/Cls_scattered_01_wCont/Cls_scattered_01_wCont/OII_all_cross/Cl_290.npy,/path/to/Cls_scattered_01_wCont/Cls_scattered_01_wCont/OIII_all_cross/Cl_290.npy,/path/to/Cls_scattered_01_wCont/Cls_scattered_01_wCont/OII_all_cross/Cl_290_1.npy,/path/to/Cls_scattered_01_wCont/Cls_scattered_01_wCont/OIII_all_cross/Cl_290_1.npy,/path/to/Cls_scattered_01_wCont/Cls_scattered_01_wCont/Shift7_all_cross/Cl_290.npy,/path/to/Cls_scattered_01_wCont/Cls_scattered_01_wCont/Ha/Cl_290.npy,/path/to/Cls_scattered_01_wCont/Cls_scattered_01_wCont/OII/Cl_290.npy,/path/to/Cls_scattered_01_wCont/Cls_scattered_01_wCont/OIII/Cl_290.npy,/path/to/Cls_scattered_01_wCont/Cls_scattered_01_wCont/Cont/Cl_290.npy,0.2418319473043084,0.48150556031614544
/path/to/Cls_scattered_01_wCont/Cls_scattered_01_wCont/Ha_OII_OIII_Cont/Cl_291.npy,/path/to/Cls_scattered_01_wCont/Cls_scattered_01_wCont/OII_all_cross/Cl_291.npy,/path/to/Cls_scattered_01_wCont/Cls_scattered_01_wCont/OIII_all_cross/Cl_291.npy,/path/to/Cls_scattered_01_wCont/Cls_scattered_01_wCont/OII_all_cross/Cl_291_1.npy,/path/to/Cls_scattered_01_wCont/Cls_scattered_01_wCont/OIII_all_cross/Cl_291_1.npy,/path/to/Cls_scattered_01_wCont/Cls_scattered_01_wCont/Shift7_all_cross/Cl_291.npy,/path/to/Cls_scattered_01_wCont/Cls_scattered_01_wCont/Ha/Cl_291.npy,/path/to/Cls_scattered_01_wCont/Cls_scattered_01_wCont/OII/Cl_291.npy,/path/to/Cls_scattered_01_wCont/Cls_scattered_01_wCont/OIII/Cl_291.npy,/path/to/Cls_scattered_01_wCont/Cls_scattered_01_wCont/Cont/Cl_291.npy,1.6857487125322224,1.574710745178163
/path/to/Cls_scattered_01_wCont/Cls_scattered_01_wCont/Ha_OII_OIII_Cont/Cl_292.npy,/path/to/Cls_scattered_01_wCont/Cls_scattered_01_wCont/OII_all_cross/Cl_292.npy,/path/to/Cls_scattered_01_wCont/Cls_scattered_01_wCont/OIII_all_cross/Cl_292.npy,/path/to/Cls_scattered_01_wCont/Cls_scattered_01_wCont/OII_all_cross/Cl_292_1.npy,/path/to/Cls_scattered_01_wCont/Cls_scattered_01_wCont/OIII_all_cross/Cl_292_1.npy,/path/to/Cls_scattered_01_wCont/Cls_scattered_01_wCont/Shift7_all_cross/Cl_292.npy,/path/to/Cls_scattered_01_wCont/Cls_scattered_01_wCont/Ha/Cl_292.npy,/path/to/Cls_scattered_01_wCont/Cls_scattered_01_wCont/OII/Cl_292.npy,/path/to/Cls_scattered_01_wCont/Cls_scattered_01_wCont/OIII/Cl_292.npy,/path/to/Cls_scattered_01_wCont/Cls_scattered_01_wCont/Cont/Cl_292.npy,1.9455853710882365,0.3155228675343096
/path/to/Cls_scattered_01_wCont/Cls_scattered_01_wCont/Ha_OII_OIII_Cont/Cl_293.npy,/path/to/Cls_scattered_01_wCont/Cls_scattered_01_wCont/OII_all_cross/Cl_293.npy,/path/to/Cls_scattered_01_wCont/Cls_scattered_01_wCont/OIII_all_cross/Cl_293.npy,/path/to/Cls_scattered_01_wCont/Cls_scattered_01_wCont/OII_all_cross/Cl_293_1.npy,/path/to/Cls_scattered_01_wCont/Cls_scattered_01_wCont/OIII_all_cross/Cl_293_1.npy,/path/to/Cls_scattered_01_wCont/Cls_scattered_01_wCont/Shift7_all_cross/Cl_293.npy,/path/to/Cls_scattered_01_wCont/Cls_scattered_01_wCont/Ha/Cl_293.npy,/path/to/Cls_scattered_01_wCont/Cls_scattered_01_wCont/OII/Cl_293.npy,/path/to/Cls_scattered_01_wCont/Cls_scattered_01_wCont/OIII/Cl_293.npy,/path/to/Cls_scattered_01_wCont/Cls_scattered_01_wCont/Cont/Cl_293.npy,0.5610719746910036,1.8282664929516614
/path/to/Cls_scattered_01_wCont/Cls_scattered_01_wCont/Ha_OII_OIII_Cont/Cl_294.npy,/path/to/Cls_scattered_01_wCont/Cls_scattered_01_wCont/OII_all_cross/Cl_294.npy,/path/to/Cls_scattered_01_wCont/Cls_scattered_01_wCont/OIII_all_cross/Cl_294.npy,/path/to/Cls_scattered_01_wCont/Cls_scattered_01_wCont/OII_all_cross/Cl_294_1.npy,/path/to/Cls_scattered_01_wCont/Cls_scattered_01_wCont/OIII_all_cross/Cl_294_1.npy,/path/to/Cls_scattered_01_wCont/Cls_scattered_01_wCont/Shift7_all_cross/Cl_294.npy,/path/to/Cls_scattered_01_wCont/Cls_scattered_01_wCont/Ha/Cl_294.npy,/path/to/Cls_scattered_01_wCont/Cls_scattered_01_wCont/OII/Cl_294.npy,/path/to/Cls_scattered_01_wCont/Cls_scattered_01_wCont/OIII/Cl_294.npy,/path/to/Cls_scattered_01_wCont/Cls_scattered_01_wCont/Cont/Cl_294.npy,0.9405196145176887,0.763207603059709
/path/to/Cls_scattered_01_wCont/Cls_scattered_01_wCont/Ha_OII_OIII_Cont/Cl_295.npy,/path/to/Cls_scattered_01_wCont/Cls_scattered_01_wCont/OII_all_cross/Cl_295.npy,/path/to/Cls_scattered_01_wCont/Cls_scattered_01_wCont/OIII_all_cross/Cl_295.npy,/path/to/Cls_scattered_01_wCont/Cls_scattered_01_wCont/OII_all_cross/Cl_295_1.npy,/path/to/Cls_scattered_01_wCont/Cls_scattered_01_wCont/OIII_all_cross/Cl_295_1.npy,/path/to/Cls_scattered_01_wCont/Cls_scattered_01_wCont/Shift7_all_cross/Cl_295.npy,/path/to/Cls_scattered_01_wCont/Cls_scattered_01_wCont/Ha/Cl_295.npy,/path/to/Cls_scattered_01_wCont/Cls_scattered_01_wCont/OII/Cl_295.npy,/path/to/Cls_scattered_01_wCont/Cls_scattered_01_wCont/OIII/Cl_295.npy,/path/to/Cls_scattered_01_wCont/Cls_scattered_01_wCont/Cont/Cl_295.npy,1.4622391503304244,1.380686622299254
/path/to/Cls_scattered_01_wCont/Cls_scattered_01_wCont/Ha_OII_OIII_Cont/Cl_296.npy,/path/to/Cls_scattered_01_wCont/Cls_scattered_01_wCont/OII_all_cross/Cl_296.npy,/path/to/Cls_scattered_01_wCont/Cls_scattered_01_wCont/OIII_all_cross/Cl_296.npy,/path/to/Cls_scattered_01_wCont/Cls_scattered_01_wCont/OII_all_cross/Cl_296_1.npy,/path/to/Cls_scattered_01_wCont/Cls_scattered_01_wCont/OIII_all_cross/Cl_296_1.npy,/path/to/Cls_scattered_01_wCont/Cls_scattered_01_wCont/Shift7_all_cross/Cl_296.npy,/path/to/Cls_scattered_01_wCont/Cls_scattered_01_wCont/Ha/Cl_296.npy,/path/to/Cls_scattered_01_wCont/Cls_scattered_01_wCont/OII/Cl_296.npy,/path/to/Cls_scattered_01_wCont/Cls_scattered_01_wCont/OIII/Cl_296.npy,/path/to/Cls_scattered_01_wCont/Cls_scattered_01_wCont/Cont/Cl_296.npy,1.3418463964946568,0.442390538007021
/path/to/Cls_scattered_01_wCont/Cls_scattered_01_wCont/Ha_OII_OIII_Cont/Cl_297.npy,/path/to/Cls_scattered_01_wCont/Cls_scattered_01_wCont/OII_all_cross/Cl_297.npy,/path/to/Cls_scattered_01_wCont/Cls_scattered_01_wCont/OIII_all_cross/Cl_297.npy,/path/to/Cls_scattered_01_wCont/Cls_scattered_01_wCont/OII_all_cross/Cl_297_1.npy,/path/to/Cls_scattered_01_wCont/Cls_scattered_01_wCont/OIII_all_cross/Cl_297_1.npy,/path/to/Cls_scattered_01_wCont/Cls_scattered_01_wCont/Shift7_all_cross/Cl_297.npy,/path/to/Cls_scattered_01_wCont/Cls_scattered_01_wCont/Ha/Cl_297.npy,/path/to/Cls_scattered_01_wCont/Cls_scattered_01_wCont/OII/Cl_297.npy,/path/to/Cls_scattered_01_wCont/Cls_scattered_01_wCont/OIII/Cl_297.npy,/path/to/Cls_scattered_01_wCont/Cls_scattered_01_wCont/Cont/Cl_297.npy,0.8265901410020887,1.7324779134243726
/path/to/Cls_scattered_01_wCont/Cls_scattered_01_wCont/Ha_OII_OIII_Cont/Cl_298.npy,/path/to/Cls_scattered_01_wCont/Cls_scattered_01_wCont/OII_all_cross/Cl_298.npy,/path/to/Cls_scattered_01_wCont/Cls_scattered_01_wCont/OIII_all_cross/Cl_298.npy,/path/to/Cls_scattered_01_wCont/Cls_scattered_01_wCont/OII_all_cross/Cl_298_1.npy,/path/to/Cls_scattered_01_wCont/Cls_scattered_01_wCont/OIII_all_cross/Cl_298_1.npy,/path/to/Cls_scattered_01_wCont/Cls_scattered_01_wCont/Shift7_all_cross/Cl_298.npy,/path/to/Cls_scattered_01_wCont/Cls_scattered_01_wCont/Ha/Cl_298.npy,/path/to/Cls_scattered_01_wCont/Cls_scattered_01_wCont/OII/Cl_298.npy,/path/to/Cls_scattered_01_wCont/Cls_scattered_01_wCont/OIII/Cl_298.npy,/path/to/Cls_scattered_01_wCont/Cls_scattered_01_wCont/Cont/Cl_298.npy,0.44715201053768394,0.8900752770714461
/path/to/Cls_scattered_01_wCont/Cls_scattered_01_wCont/Ha_OII_OIII_Cont/Cl_299.npy,/path/to/Cls_scattered_01_wCont/Cls_scattered_01_wCont/OII_all_cross/Cl_299.npy,/path/to/Cls_scattered_01_wCont/Cls_scattered_01_wCont/OIII_all_cross/Cl_299.npy,/path/to/Cls_scattered_01_wCont/Cls_scattered_01_wCont/OII_all_cross/Cl_299_1.npy,/path/to/Cls_scattered_01_wCont/Cls_scattered_01_wCont/OIII_all_cross/Cl_299_1.npy,/path/to/Cls_scattered_01_wCont/Cls_scattered_01_wCont/Shift7_all_cross/Cl_299.npy,/path/to/Cls_scattered_01_wCont/Cls_scattered_01_wCont/Ha/Cl_299.npy,/path/to/Cls_scattered_01_wCont/Cls_scattered_01_wCont/OII/Cl_299.npy,/path/to/Cls_scattered_01_wCont/Cls_scattered_01_wCont/OIII/Cl_299.npy,/path/to/Cls_scattered_01_wCont/Cls_scattered_01_wCont/Cont/Cl_299.npy,1.8251985026523472,1.2848980463109911
/path/to/Cls_scattered_01_wCont/Cls_scattered_01_wCont/Ha_OII_OIII_Cont/Cl_300.npy,/path/to/Cls_scattered_01_wCont/Cls_scattered_01_wCont/OII_all_cross/Cl_300.npy,/path/to/Cls_scattered_01_wCont/Cls_scattered_01_wCont/OIII_all_cross/Cl_300.npy,/path/to/Cls_scattered_01_wCont/Cls_scattered_01_wCont/OII_all_cross/Cl_300_1.npy,/path/to/Cls_scattered_01_wCont/Cls_scattered_01_wCont/OIII_all_cross/Cl_300_1.npy,/path/to/Cls_scattered_01_wCont/Cls_scattered_01_wCont/Shift7_all_cross/Cl_300.npy,/path/to/Cls_scattered_01_wCont/Cls_scattered_01_wCont/Ha/Cl_300.npy,/path/to/Cls_scattered_01_wCont/Cls_scattered_01_wCont/OII/Cl_300.npy,/path/to/Cls_scattered_01_wCont/Cls_scattered_01_wCont/OIII/Cl_300.npy,/path/to/Cls_scattered_01_wCont/Cls_scattered_01_wCont/Cont/Cl_300.npy,1.565388963650912,0.6055305879563093
/path/to/Cls_scattered_01_wCont/Cls_scattered_01_wCont/Ha_OII_OIII_Cont/Cl_301.npy,/path/to/Cls_scattered_01_wCont/Cls_scattered_01_wCont/OII_all_cross/Cl_301.npy,/path/to/Cls_scattered_01_wCont/Cls_scattered_01_wCont/OIII_all_cross/Cl_301.npy,/path/to/Cls_scattered_01_wCont/Cls_scattered_01_wCont/OII_all_cross/Cl_301_1.npy,/path/to/Cls_scattered_01_wCont/Cls_scattered_01_wCont/OIII_all_cross/Cl_301_1.npy,/path/to/Cls_scattered_01_wCont/Cls_scattered_01_wCont/Shift7_all_cross/Cl_301.npy,/path/to/Cls_scattered_01_wCont/Cls_scattered_01_wCont/Ha/Cl_301.npy,/path/to/Cls_scattered_01_wCont/Cls_scattered_01_wCont/OII/Cl_301.npy,/path/to/Cls_scattered_01_wCont/Cls_scattered_01_wCont/OIII/Cl_301.npy,/path/to/Cls_scattered_01_wCont/Cls_scattered_01_wCont/Cont/Cl_301.npy,0.1279935753904283,1.41948679164052
/path/to/Cls_scattered_01_wCont/Cls_scattered_01_wCont/Ha_OII_OIII_Cont/Cl_302.npy,/path/to/Cls_scattered_01_wCont/Cls_scattered_01_wCont/OII_all_cross/Cl_302.npy,/path/to/Cls_scattered_01_wCont/Cls_scattered_01_wCont/OIII_all_cross/Cl_302.npy,/path/to/Cls_scattered_01_wCont/Cls_scattered_01_wCont/OII_all_cross/Cl_302_1.npy,/path/to/Cls_scattered_01_wCont/Cls_scattered_01_wCont/OIII_all_cross/Cl_302_1.npy,/path/to/Cls_scattered_01_wCont/Cls_scattered_01_wCont/Shift7_all_cross/Cl_302.npy,/path/to/Cls_scattered_01_wCont/Cls_scattered_01_wCont/Ha/Cl_302.npy,/path/to/Cls_scattered_01_wCont/Cls_scattered_01_wCont/OII/Cl_302.npy,/path/to/Cls_scattered_01_wCont/Cls_scattered_01_wCont/OIII/Cl_302.npy,/path/to/Cls_scattered_01_wCont/Cls_scattered_01_wCont/Cont/Cl_302.npy,0.6707229182124137,0.10229413276538253
/path/to/Cls_scattered_01_wCont/Cls_scattered_01_wCont/Ha_OII_OIII_Cont/Cl_303.npy,/path/to/Cls_scattered_01_wCont/Cls_scattered_01_wCont/OII_all_cross/Cl_303.npy,/path/to/Cls_scattered_01_wCont/Cls_scattered_01_wCont/OIII_all_cross/Cl_303.npy,/path/to/Cls_scattered_01_wCont/Cls_scattered_01_wCont/OII_all_cross/Cl_303_1.npy,/path/to/Cls_scattered_01_wCont/Cls_scattered_01_wCont/OIII_all_cross/Cl_303_1.npy,/path/to/Cls_scattered_01_wCont/Cls_scattered_01_wCont/Shift7_all_cross/Cl_303.npy,/path/to/Cls_scattered_01_wCont/Cls_scattered_01_wCont/Ha/Cl_303.npy,/path/to/Cls_scattered_01_wCont/Cls_scattered_01_wCont/OII/Cl_303.npy,/path/to/Cls_scattered_01_wCont/Cls_scattered_01_wCont/OIII/Cl_303.npy,/path/to/Cls_scattered_01_wCont/Cls_scattered_01_wCont/Cont/Cl_303.npy,1.1265726339071989,1.9228430676274002
/path/to/Cls_scattered_01_wCont/Cls_scattered_01_wCont/Ha_OII_OIII_Cont/Cl_304.npy,/path/to/Cls_scattered_01_wCont/Cls_scattered_01_wCont/OII_all_cross/Cl_304.npy,/path/to/Cls_scattered_01_wCont/Cls_scattered_01_wCont/OIII_all_cross/Cl_304.npy,/path/to/Cls_scattered_01_wCont/Cls_scattered_01_wCont/OII_all_cross/Cl_304_1.npy,/path/to/Cls_scattered_01_wCont/Cls_scattered_01_wCont/OIII_all_cross/Cl_304_1.npy,/path/to/Cls_scattered_01_wCont/Cls_scattered_01_wCont/Shift7_all_cross/Cl_304.npy,/path/to/Cls_scattered_01_wCont/Cls_scattered_01_wCont/Ha/Cl_304.npy,/path/to/Cls_scattered_01_wCont/Cls_scattered_01_wCont/OII/Cl_304.npy,/path/to/Cls_scattered_01_wCont/Cls_scattered_01_wCont/OIII/Cl_304.npy,/path/to/Cls_scattered_01_wCont/Cls_scattered_01_wCont/Cont/Cl_304.npy,1.104230017401278,0.1912013296969235
/path/to/Cls_scattered_01_wCont/Cls_scattered_01_wCont/Ha_OII_OIII_Cont/Cl_305.npy,/path/to/Cls_scattered_01_wCont/Cls_scattered_01_wCont/OII_all_cross/Cl_305.npy,/path/to/Cls_scattered_01_wCont/Cls_scattered_01_wCont/OIII_all_cross/Cl_305.npy,/path/to/Cls_scattered_01_wCont/Cls_scattered_01_wCont/OII_all_cross/Cl_305_1.npy,/path/to/Cls_scattered_01_wCont/Cls_scattered_01_wCont/OIII_all_cross/Cl_305_1.npy,/path/to/Cls_scattered_01_wCont/Cls_scattered_01_wCont/Shift7_all_cross/Cl_305.npy,/path/to/Cls_scattered_01_wCont/Cls_scattered_01_wCont/Ha/Cl_305.npy,/path/to/Cls_scattered_01_wCont/Cls_scattered_01_wCont/OII/Cl_305.npy,/path/to/Cls_scattered_01_wCont/Cls_scattered_01_wCont/OIII/Cl_305.npy,/path/to/Cls_scattered_01_wCont/Cls_scattered_01_wCont/Cont/Cl_305.npy,0.5896702988073229,1.9525769324041904
/path/to/Cls_scattered_01_wCont/Cls_scattered_01_wCont/Ha_OII_OIII_Cont/Cl_306.npy,/path/to/Cls_scattered_01_wCont/Cls_scattered_01_wCont/OII_all_cross/Cl_306.npy,/path/to/Cls_scattered_01_wCont/Cls_scattered_01_wCont/OIII_all_cross/Cl_306.npy,/path/to/Cls_scattered_01_wCont/Cls_scattered_01_wCont/OII_all_cross/Cl_306_1.npy,/path/to/Cls_scattered_01_wCont/Cls_scattered_01_wCont/OIII_all_cross/Cl_306_1.npy,/path/to/Cls_scattered_01_wCont/Cls_scattered_01_wCont/Shift7_all_cross/Cl_306.npy,/path/to/Cls_scattered_01_wCont/Cls_scattered_01_wCont/Ha/Cl_306.npy,/path/to/Cls_scattered_01_wCont/Cls_scattered_01_wCont/OII/Cl_306.npy,/path/to/Cls_scattered_01_wCont/Cls_scattered_01_wCont/OIII/Cl_306.npy,/path/to/Cls_scattered_01_wCont/Cls_scattered_01_wCont/Cont/Cl_306.npy,0.2102312375791371,0.6351854050531983
/path/to/Cls_scattered_01_wCont/Cls_scattered_01_wCont/Ha_OII_OIII_Cont/Cl_307.npy,/path/to/Cls_scattered_01_wCont/Cls_scattered_01_wCont/OII_all_cross/Cl_307.npy,/path/to/Cls_scattered_01_wCont/Cls_scattered_01_wCont/OIII_all_cross/Cl_307.npy,/path/to/Cls_scattered_01_wCont/Cls_scattered_01_wCont/OII_all_cross/Cl_307_1.npy,/path/to/Cls_scattered_01_wCont/Cls_scattered_01_wCont/OIII_all_cross/Cl_307_1.npy,/path/to/Cls_scattered_01_wCont/Cls_scattered_01_wCont/Shift7_all_cross/Cl_307.npy,/path/to/Cls_scattered_01_wCont/Cls_scattered_01_wCont/Ha/Cl_307.npy,/path/to/Cls_scattered_01_wCont/Cls_scattered_01_wCont/OII/Cl_307.npy,/path/to/Cls_scattered_01_wCont/Cls_scattered_01_wCont/OIII/Cl_307.npy,/path/to/Cls_scattered_01_wCont/Cls_scattered_01_wCont/Cont/Cl_307.npy,1.5875830047763884,1.508719918690622
/path/to/Cls_scattered_01_wCont/Cls_scattered_01_wCont/Ha_OII_OIII_Cont/Cl_308.npy,/path/to/Cls_scattered_01_wCont/Cls_scattered_01_wCont/OII_all_cross/Cl_308.npy,/path/to/Cls_scattered_01_wCont/Cls_scattered_01_wCont/OIII_all_cross/Cl_308.npy,/path/to/Cls_scattered_01_wCont/Cls_scattered_01_wCont/OII_all_cross/Cl_308_1.npy,/path/to/Cls_scattered_01_wCont/Cls_scattered_01_wCont/OIII_all_cross/Cl_308_1.npy,/path/to/Cls_scattered_01_wCont/Cls_scattered_01_wCont/Shift7_all_cross/Cl_308.npy,/path/to/Cls_scattered_01_wCont/Cls_scattered_01_wCont/Ha/Cl_308.npy,/path/to/Cls_scattered_01_wCont/Cls_scattered_01_wCont/OII/Cl_308.npy,/path/to/Cls_scattered_01_wCont/Cls_scattered_01_wCont/OIII/Cl_308.npy,/path/to/Cls_scattered_01_wCont/Cls_scattered_01_wCont/Cont/Cl_308.npy,1.8027724996209145,0.8604271204210817
/path/to/Cls_scattered_01_wCont/Cls_scattered_01_wCont/Ha_OII_OIII_Cont/Cl_309.npy,/path/to/Cls_scattered_01_wCont/Cls_scattered_01_wCont/OII_all_cross/Cl_309.npy,/path/to/Cls_scattered_01_wCont/Cls_scattered_01_wCont/OIII_all_cross/Cl_309.npy,/path/to/Cls_scattered_01_wCont/Cls_scattered_01_wCont/OII_all_cross/Cl_309_1.npy,/path/to/Cls_scattered_01_wCont/Cls_scattered_01_wCont/OIII_all_cross/Cl_309_1.npy,/path/to/Cls_scattered_01_wCont/Cls_scattered_01_wCont/Shift7_all_cross/Cl_309.npy,/path/to/Cls_scattered_01_wCont/Cls_scattered_01_wCont/Ha/Cl_309.npy,/path/to/Cls_scattered_01_wCont/Cls_scattered_01_wCont/OII/Cl_309.npy,/path/to/Cls_scattered_01_wCont/Cls_scattered_01_wCont/OIII/Cl_309.npy,/path/to/Cls_scattered_01_wCont/Cls_scattered_01_wCont/Cont/Cl_309.npy,0.36607398800551894,1.1956732218153776
/path/to/Cls_scattered_01_wCont/Cls_scattered_01_wCont/Ha_OII_OIII_Cont/Cl_310.npy,/path/to/Cls_scattered_01_wCont/Cls_scattered_01_wCont/OII_all_cross/Cl_310.npy,/path/to/Cls_scattered_01_wCont/Cls_scattered_01_wCont/OIII_all_cross/Cl_310.npy,/path/to/Cls_scattered_01_wCont/Cls_scattered_01_wCont/OII_all_cross/Cl_310_1.npy,/path/to/Cls_scattered_01_wCont/Cls_scattered_01_wCont/OIII_all_cross/Cl_310_1.npy,/path/to/Cls_scattered_01_wCont/Cls_scattered_01_wCont/Shift7_all_cross/Cl_310.npy,/path/to/Cls_scattered_01_wCont/Cls_scattered_01_wCont/Ha/Cl_310.npy,/path/to/Cls_scattered_01_wCont/Cls_scattered_01_wCont/OII/Cl_310.npy,/path/to/Cls_scattered_01_wCont/Cls_scattered_01_wCont/OIII/Cl_310.npy,/path/to/Cls_scattered_01_wCont/Cls_scattered_01_wCont/Cont/Cl_310.npy,0.9088024566881358,0.3534766947850585
/path/to/Cls_scattered_01_wCont/Cls_scattered_01_wCont/Ha_OII_OIII_Cont/Cl_311.npy,/path/to/Cls_scattered_01_wCont/Cls_scattered_01_wCont/OII_all_cross/Cl_311.npy,/path/to/Cls_scattered_01_wCont/Cls_scattered_01_wCont/OIII_all_cross/Cl_311.npy,/path/to/Cls_scattered_01_wCont/Cls_scattered_01_wCont/OII_all_cross/Cl_311_1.npy,/path/to/Cls_scattered_01_wCont/Cls_scattered_01_wCont/OIII_all_cross/Cl_311_1.npy,/path/to/Cls_scattered_01_wCont/Cls_scattered_01_wCont/Shift7_all_cross/Cl_311.npy,/path/to/Cls_scattered_01_wCont/Cls_scattered_01_wCont/Ha/Cl_311.npy,/path/to/Cls_scattered_01_wCont/Cls_scattered_01_wCont/OII/Cl_311.npy,/path/to/Cls_scattered_01_wCont/Cls_scattered_01_wCont/OIII/Cl_311.npy,/path/to/Cls_scattered_01_wCont/Cls_scattered_01_wCont/Cont/Cl_311.npy,1.363957107719034,1.7027357602491975
/path/to/Cls_scattered_01_wCont/Cls_scattered_01_wCont/Ha_OII_OIII_Cont/Cl_312.npy,/path/to/Cls_scattered_01_wCont/Cls_scattered_01_wCont/OII_all_cross/Cl_312.npy,/path/to/Cls_scattered_01_wCont/Cls_scattered_01_wCont/OIII_all_cross/Cl_312.npy,/path/to/Cls_scattered_01_wCont/Cls_scattered_01_wCont/OII_all_cross/Cl_312_1.npy,/path/to/Cls_scattered_01_wCont/Cls_scattered_01_wCont/OIII_all_cross/Cl_312_1.npy,/path/to/Cls_scattered_01_wCont/Cls_scattered_01_wCont/Shift7_all_cross/Cl_312.npy,/path/to/Cls_scattered_01_wCont/Cls_scattered_01_wCont/Ha/Cl_312.npy,/path/to/Cls_scattered_01_wCont/Cls_scattered_01_wCont/OII/Cl_312.npy,/path/to/Cls_scattered_01_wCont/Cls_scattered_01_wCont/OIII/Cl_312.npy,/path/to/Cls_scattered_01_wCont/Cls_scattered_01_wCont/Cont/Cl_312.npy,1.4847756842151285,0.7335594393312931
/path/to/Cls_scattered_01_wCont/Cls_scattered_01_wCont/Ha_OII_OIII_Cont/Cl_313.npy,/path/to/Cls_scattered_01_wCont/Cls_scattered_01_wCont/OII_all_cross/Cl_313.npy,/path/to/Cls_scattered_01_wCont/Cls_scattered_01_wCont/OIII_all_cross/Cl_313.npy,/path/to/Cls_scattered_01_wCont/Cls_scattered_01_wCont/OII_all_cross/Cl_313_1.npy,/path/to/Cls_scattered_01_wCont/Cls_scattered_01_wCont/OIII_all_cross/Cl_313_1.npy,/path/to/Cls_scattered_01_wCont/Cls_scattered_01_wCont/Shift7_all_cross/Cl_313.npy,/path/to/Cls_scattered_01_wCont/Cls_scattered_01_wCont/Ha/Cl_313.npy,/path/to/Cls_scattered_01_wCont/Cls_scattered_01_wCont/OII/Cl_313.npy,/path/to/Cls_scattered_01_wCont/Cls_scattered_01_wCont/OIII/Cl_313.npy,/path/to/Cls_scattered_01_wCont/Cls_scattered_01_wCont/Cont/Cl_313.npy,1.021240676753223,1.2914617907255888
/path/to/Cls_scattered_01_wCont/Cls_scattered_01_wCont/Ha_OII_OIII_Cont/Cl_314.npy,/path/to/Cls_scattered_01_wCont/Cls_scattered_01_wCont/OII_all_cross/Cl_314.npy,/path/to/Cls_scattered_01_wCont/Cls_scattered_01_wCont/OIII_all_cross/Cl_314.npy,/path/to/Cls_scattered_01_wCont/Cls_scattered_01_wCont/OII_all_cross/Cl_314_1.npy,/path/to/Cls_scattered_01_wCont/Cls_scattered_01_wCont/OIII_all_cross/Cl_314_1.npy,/path/to/Cls_scattered_01_wCont/Cls_scattered_01_wCont/Shift7_all_cross/Cl_314.npy,/path/to/Cls_scattered_01_wCont/Cls_scattered_01_wCont/Ha/Cl_314.npy,/path/to/Cls_scattered_01_wCont/Cls_scattered_01_wCont/OII/Cl_314.npy,/path/to/Cls_scattered_01_wCont/Cls_scattered_01_wCont/OIII/Cl_314.npy,/path/to/Cls_scattered_01_wCont/Cls_scattered_01_wCont/Cont/Cl_314.npy,0.47852081852033734,0.2266090172342956
/path/to/Cls_scattered_01_wCont/Cls_scattered_01_wCont/Ha_OII_OIII_Cont/Cl_315.npy,/path/to/Cls_scattered_01_wCont/Cls_scattered_01_wCont/OII_all_cross/Cl_315.npy,/path/to/Cls_scattered_01_wCont/Cls_scattered_01_wCont/OIII_all_cross/Cl_315.npy,/path/to/Cls_scattered_01_wCont/Cls_scattered_01_wCont/OII_all_cross/Cl_315_1.npy,/path/to/Cls_scattered_01_wCont/Cls_scattered_01_wCont/OIII_all_cross/Cl_315_1.npy,/path/to/Cls_scattered_01_wCont/Cls_scattered_01_wCont/Shift7_all_cross/Cl_315.npy,/path/to/Cls_scattered_01_wCont/Cls_scattered_01_wCont/Ha/Cl_315.npy,/path/to/Cls_scattered_01_wCont/Cls_scattered_01_wCont/OII/Cl_315.npy,/path/to/Cls_scattered_01_wCont/Cls_scattered_01_wCont/OIII/Cl_315.npy,/path/to/Cls_scattered_01_wCont/Cls_scattered_01_wCont/Cont/Cl_315.npy,1.923596062604338,1.7985243326984346
/path/to/Cls_scattered_01_wCont/Cls_scattered_01_wCont/Ha_OII_OIII_Cont/Cl_316.npy,/path/to/Cls_scattered_01_wCont/Cls_scattered_01_wCont/OII_all_cross/Cl_316.npy,/path/to/Cls_scattered_01_wCont/Cls_scattered_01_wCont/OIII_all_cross/Cl_316.npy,/path/to/Cls_scattered_01_wCont/Cls_scattered_01_wCont/OII_all_cross/Cl_316_1.npy,/path/to/Cls_scattered_01_wCont/Cls_scattered_01_wCont/OIII_all_cross/Cl_316_1.npy,/path/to/Cls_scattered_01_wCont/Cls_scattered_01_wCont/Shift7_all_cross/Cl_316.npy,/path/to/Cls_scattered_01_wCont/Cls_scattered_01_wCont/Ha/Cl_316.npy,/path/to/Cls_scattered_01_wCont/Cls_scattered_01_wCont/OII/Cl_316.npy,/path/to/Cls_scattered_01_wCont/Cls_scattered_01_wCont/OIII/Cl_316.npy,/path/to/Cls_scattered_01_wCont/Cls_scattered_01_wCont/Cont/Cl_316.npy,1.7084337934851646,0.5704127501696348
/path/to/Cls_scattered_01_wCont/Cls_scattered_01_wCont/Ha_OII_OIII_Cont/Cl_317.npy,/path/to/Cls_scattered_01_wCont/Cls_scattered_01_wCont/OII_all_cross/Cl_317.npy,/path/to/Cls_scattered_01_wCont/Cls_scattered_01_wCont/OIII_all_cross/Cl_317.npy,/path/to/Cls_scattered_01_wCont/Cls_scattered_01_wCont/OII_all_cross/Cl_317_1.npy,/path/to/Cls_scattered_01_wCont/Cls_scattered_01_wCont/OIII_all_cross/Cl_317_1.npy,/path/to/Cls_scattered_01_wCont/Cls_scattered_01_wCont/Shift7_all_cross/Cl_317.npy,/path/to/Cls_scattered_01_wCont/Cls_scattered_01_wCont/Ha/Cl_317.npy,/path/to/Cls_scattered_01_wCont/Cls_scattered_01_wCont/OII/Cl_317.npy,/path/to/Cls_scattered_01_wCont/Cls_scattered_01_wCont/OIII/Cl_317.npy,/path/to/Cls_scattered_01_wCont/Cls_scattered_01_wCont/Cont/Cl_317.npy,0.32275954000651835,1.6044446028769017
/path/to/Cls_scattered_01_wCont/Cls_scattered_01_wCont/Ha_OII_OIII_Cont/Cl_318.npy,/path/to/Cls_scattered_01_wCont/Cls_scattered_01_wCont/OII_all_cross/Cl_318.npy,/path/to/Cls_scattered_01_wCont/Cls_scattered_01_wCont/OIII_all_cross/Cl_318.npy,/path/to/Cls_scattered_01_wCont/Cls_scattered_01_wCont/OII_all_cross/Cl_318_1.npy,/path/to/Cls_scattered_01_wCont/Cls_scattered_01_wCont/OIII_all_cross/Cl_318_1.npy,/path/to/Cls_scattered_01_wCont/Cls_scattered_01_wCont/Shift7_all_cross/Cl_318.npy,/path/to/Cls_scattered_01_wCont/Cls_scattered_01_wCont/Ha/Cl_318.npy,/path/to/Cls_scattered_01_wCont/Cls_scattered_01_wCont/OII/Cl_318.npy,/path/to/Cls_scattered_01_wCont/Cls_scattered_01_wCont/OIII/Cl_318.npy,/path/to/Cls_scattered_01_wCont/Cls_scattered_01_wCont/Cont/Cl_318.npy,0.7022081176750361,1.0143968290649354
/path/to/Cls_scattered_01_wCont/Cls_scattered_01_wCont/Ha_OII_OIII_Cont/Cl_319.npy,/path/to/Cls_scattered_01_wCont/Cls_scattered_01_wCont/OII_all_cross/Cl_319.npy,/path/to/Cls_scattered_01_wCont/Cls_scattered_01_wCont/OIII_all_cross/Cl_319.npy,/path/to/Cls_scattered_01_wCont/Cls_scattered_01_wCont/OII_all_cross/Cl_319_1.npy,/path/to/Cls_scattered_01_wCont/Cls_scattered_01_wCont/OIII_all_cross/Cl_319_1.npy,/path/to/Cls_scattered_01_wCont/Cls_scattered_01_wCont/Shift7_all_cross/Cl_319.npy,/path/to/Cls_scattered_01_wCont/Cls_scattered_01_wCont/Ha/Cl_319.npy,/path/to/Cls_scattered_01_wCont/Cls_scattered_01_wCont/OII/Cl_319.npy,/path/to/Cls_scattered_01_wCont/Cls_scattered_01_wCont/OIII/Cl_319.npy,/path/to/Cls_scattered_01_wCont/Cls_scattered_01_wCont/Cont/Cl_319.npy,1.2250866985879838,1.160587592702359
/path/to/Cls_scattered_01_wCont/Cls_scattered_01_wCont/Ha_OII_OIII_Cont/Cl_320.npy,/path/to/Cls_scattered_01_wCont/Cls_scattered_01_wCont/OII_all_cross/Cl_320.npy,/path/to/Cls_scattered_01_wCont/Cls_scattered_01_wCont/OIII_all_cross/Cl_320.npy,/path/to/Cls_scattered_01_wCont/Cls_scattered_01_wCont/OII_all_cross/Cl_320_1.npy,/path/to/Cls_scattered_01_wCont/Cls_scattered_01_wCont/OIII_all_cross/Cl_320_1.npy,/path/to/Cls_scattered_01_wCont/Cls_scattered_01_wCont/Shift7_all_cross/Cl_320.npy,/path/to/Cls_scattered_01_wCont/Cls_scattered_01_wCont/Ha/Cl_320.npy,/path/to/Cls_scattered_01_wCont/Cls_scattered_01_wCont/OII/Cl_320.npy,/path/to/Cls_scattered_01_wCont/Cls_scattered_01_wCont/OIII/Cl_320.npy,/path/to/Cls_scattered_01_wCont/Cls_scattered_01_wCont/Cont/Cl_320.npy,1.207886022888124,0.7694353523664176
/path/to/Cls_scattered_01_wCont/Cls_scattered_01_wCont/Ha_OII_OIII_Cont/Cl_321.npy,/path/to/Cls_scattered_01_wCont/Cls_scattered_01_wCont/OII_all_cross/Cl_321.npy,/path/to/Cls_scattered_01_wCont/Cls_scattered_01_wCont/OIII_all_cross/Cl_321.npy,/path/to/Cls_scattered_01_wCont/Cls_scattered_01_wCont/OII_all_cross/Cl_321_1.npy,/path/to/Cls_scattered_01_wCont/Cls_scattered_01_wCont/OIII_all_cross/Cl_321_1.npy,/path/to/Cls_scattered_01_wCont/Cls_scattered_01_wCont/Shift7_all_cross/Cl_321.npy,/path/to/Cls_scattered_01_wCont/Cls_scattered_01_wCont/Ha/Cl_321.npy,/path/to/Cls_scattered_01_wCont/Cls_scattered_01_wCont/OII/Cl_321.npy,/path/to/Cls_scattered_01_wCont/Cls_scattered_01_wCont/OIII/Cl_321.npy,/path/to/Cls_scattered_01_wCont/Cls_scattered_01_wCont/Cont/Cl_321.npy,0.7230147244408727,1.4055270991288127
/path/to/Cls_scattered_01_wCont/Cls_scattered_01_wCont/Ha_OII_OIII_Cont/Cl_322.npy,/path/to/Cls_scattered_01_wCont/Cls_scattered_01_wCont/OII_all_cross/Cl_322.npy,/path/to/Cls_scattered_01_wCont/Cls_scattered_01_wCont/OIII_all_cross/Cl_322.npy,/path/to/Cls_scattered_01_wCont/Cls_scattered_01_wCont/OII_all_cross/Cl_322_1.npy,/path/to/Cls_scattered_01_wCont/Cls_scattered_01_wCont/OIII_all_cross/Cl_322_1.npy,/path/to/Cls_scattered_01_wCont/Cls_scattered_01_wCont/Shift7_all_cross/Cl_322.npy,/path/to/Cls_scattered_01_wCont/Cls_scattered_01_wCont/Ha/Cl_322.npy,/path/to/Cls_scattered_01_wCont/Cls_scattered_01_wCont/OII/Cl_322.npy,/path/to/Cls_scattered_01_wCont/Cls_scattered_01_wCont/OIII/Cl_322.npy,/path/to/Cls_scattered_01_wCont/Cls_scattered_01_wCont/Cont/Cl_322.npy,0.31387957045808434,0.32545798346400256
/path/to/Cls_scattered_01_wCont/Cls_scattered_01_wCont/Ha_OII_OIII_Cont/Cl_323.npy,/path/to/Cls_scattered_01_wCont/Cls_scattered_01_wCont/OII_all_cross/Cl_323.npy,/path/to/Cls_scattered_01_wCont/Cls_scattered_01_wCont/OIII_all_cross/Cl_323.npy,/path/to/Cls_scattered_01_wCont/Cls_scattered_01_wCont/OII_all_cross/Cl_323_1.npy,/path/to/Cls_scattered_01_wCont/Cls_scattered_01_wCont/OIII_all_cross/Cl_323_1.npy,/path/to/Cls_scattered_01_wCont/Cls_scattered_01_wCont/Shift7_all_cross/Cl_323.npy,/path/to/Cls_scattered_01_wCont/Cls_scattered_01_wCont/Ha/Cl_323.npy,/path/to/Cls_scattered_01_wCont/Cls_scattered_01_wCont/OII/Cl_323.npy,/path/to/Cls_scattered_01_wCont/Cls_scattered_01_wCont/OIII/Cl_323.npy,/path/to/Cls_scattered_01_wCont/Cls_scattered_01_wCont/Cont/Cl_323.npy,1.7209197578020394,1.8493923481553793
/path/to/Cls_scattered_01_wCont/Cls_scattered_01_wCont/Ha_OII_OIII_Cont/Cl_324.npy,/path/to/Cls_scattered_01_wCont/Cls_scattered_01_wCont/OII_all_cross/Cl_324.npy,/path/to/Cls_scattered_01_wCont/Cls_scattered_01_wCont/OIII_all_cross/Cl_324.npy,/path/to/Cls_scattered_01_wCont/Cls_scattered_01_wCont/OII_all_cross/Cl_324_1.npy,/path/to/Cls_scattered_01_wCont/Cls_scattered_01_wCont/OIII_all_cross/Cl_324_1.npy,/path/to/Cls_scattered_01_wCont/Cls_scattered_01_wCont/Shift7_all_cross/Cl_324.npy,/path/to/Cls_scattered_01_wCont/Cls_scattered_01_wCont/Ha/Cl_324.npy,/path/to/Cls_scattered_01_wCont/Cls_scattered_01_wCont/OII/Cl_324.npy,/path/to/Cls_scattered_01_wCont/Cls_scattered_01_wCont/OIII/Cl_324.npy,/path/to/Cls_scattered_01_wCont/Cls_scattered_01_wCont/Cont/Cl_324.npy,1.9361734647303819,0.4566687605343759
/path/to/Cls_scattered_01_wCont/Cls_scattered_01_wCont/Ha_OII_OIII_Cont/Cl_325.npy,/path/to/Cls_scattered_01_wCont/Cls_scattered_01_wCont/OII_all_cross/Cl_325.npy,/path/to/Cls_scattered_01_wCont/Cls_scattered_01_wCont/OIII_all_cross/Cl_325.npy,/path/to/Cls_scattered_01_wCont/Cls_scattered_01_wCont/OII_all_cross/Cl_325_1.npy,/path/to/Cls_scattered_01_wCont/Cls_scattered_01_wCont/OIII_all_cross/Cl_325_1.npy,/path/to/Cls_scattered_01_wCont/Cls_scattered_01_wCont/Shift7_all_cross/Cl_325.npy,/path/to/Cls_scattered_01_wCont/Cls_scattered_01_wCont/Ha/Cl_325.npy,/path/to/Cls_scattered_01_wCont/Cls_scattered_01_wCont/OII/Cl_325.npy,/path/to/Cls_scattered_01_wCont/Cls_scattered_01_wCont/OIII/Cl_325.npy,/path/to/Cls_scattered_01_wCont/Cls_scattered_01_wCont/Cont/Cl_325.npy,0.46978834494948385,1.5684865596704185
/path/to/Cls_scattered_01_wCont/Cls_scattered_01_wCont/Ha_OII_OIII_Cont/Cl_326.npy,/path/to/Cls_scattered_01_wCont/Cls_scattered_01_wCont/OII_all_cross/Cl_326.npy,/path/to/Cls_scattered_01_wCont/Cls_scattered_01_wCont/OIII_all_cross/Cl_326.npy,/path/to/Cls_scattered_01_wCont/Cls_scattered_01_wCont/OII_all_cross/Cl_326_1.npy,/path/to/Cls_scattered_01_wCont/Cls_scattered_01_wCont/OIII_all_cross/Cl_326_1.npy,/path/to/Cls_scattered_01_wCont/Cls_scattered_01_wCont/Shift7_all_cross/Cl_326.npy,/path/to/Cls_scattered_01_wCont/Cls_scattered_01_wCont/Ha/Cl_326.npy,/path/to/Cls_scattered_01_wCont/Cls_scattered_01_wCont/OII/Cl_326.npy,/path/to/Cls_scattered_01_wCont/Cls_scattered_01_wCont/OIII/Cl_326.npy,/path/to/Cls_scattered_01_wCont/Cls_scattered_01_wCont/Cont/Cl_326.npy,1.0421965985558928,0.9636124726384877
/path/to/Cls_scattered_01_wCont/Cls_scattered_01_wCont/Ha_OII_OIII_Cont/Cl_327.npy,/path/to/Cls_scattered_01_wCont/Cls_scattered_01_wCont/OII_all_cross/Cl_327.npy,/path/to/Cls_scattered_01_wCont/Cls_scattered_01_wCont/OIII_all_cross/Cl_327.npy,/path/to/Cls_scattered_01_wCont/Cls_scattered_01_wCont/OII_all_cross/Cl_327_1.npy,/path/to/Cls_scattered_01_wCont/Cls_scattered_01_wCont/OIII_all_cross/Cl_327_1.npy,/path/to/Cls_scattered_01_wCont/Cls_scattered_01_wCont/Shift7_all_cross/Cl_327.npy,/path/to/Cls_scattered_01_wCont/Cls_scattered_01_wCont/Ha/Cl_327.npy,/path/to/Cls_scattered_01_wCont/Cls_scattered_01_wCont/OII/Cl_327.npy,/path/to/Cls_scattered_01_wCont/Cls_scattered_01_wCont/OIII/Cl_327.npy,/path/to/Cls_scattered_01_wCont/Cls_scattered_01_wCont/Cont/Cl_327.npy,1.4676646414212884,1.0614157788455487
/path/to/Cls_scattered_01_wCont/Cls_scattered_01_wCont/Ha_OII_OIII_Cont/Cl_328.npy,/path/to/Cls_scattered_01_wCont/Cls_scattered_01_wCont/OII_all_cross/Cl_328.npy,/path/to/Cls_scattered_01_wCont/Cls_scattered_01_wCont/OIII_all_cross/Cl_328.npy,/path/to/Cls_scattered_01_wCont/Cls_scattered_01_wCont/OII_all_cross/Cl_328_1.npy,/path/to/Cls_scattered_01_wCont/Cls_scattered_01_wCont/OIII_all_cross/Cl_328_1.npy,/path/to/Cls_scattered_01_wCont/Cls_scattered_01_wCont/Shift7_all_cross/Cl_328.npy,/path/to/Cls_scattered_01_wCont/Cls_scattered_01_wCont/Ha/Cl_328.npy,/path/to/Cls_scattered_01_wCont/Cls_scattered_01_wCont/OII/Cl_328.npy,/path/to/Cls_scattered_01_wCont/Cls_scattered_01_wCont/OIII/Cl_328.npy,/path/to/Cls_scattered_01_wCont/Cls_scattered_01_wCont/Cont/Cl_328.npy,1.3515100514516234,0.1233801880851388
/path/to/Cls_scattered_01_wCont/Cls_scattered_01_wCont/Ha_OII_OIII_Cont/Cl_329.npy,/path/to/Cls_scattered_01_wCont/Cls_scattered_01_wCont/OII_all_cross/Cl_329.npy,/path/to/Cls_scattered_01_wCont/Cls_scattered_01_wCont/OIII_all_cross/Cl_329.npy,/path/to/Cls_scattered_01_wCont/Cls_scattered_01_wCont/OII_all_cross/Cl_329_1.npy,/path/to/Cls_scattered_01_wCont/Cls_scattered_01_wCont/OIII_all_cross/Cl_329_1.npy,/path/to/Cls_scattered_01_wCont/Cls_scattered_01_wCont/Shift7_all_cross/Cl_329.npy,/path/to/Cls_scattered_01_wCont/Cls_scattered_01_wCont/Ha/Cl_329.npy,/path/to/Cls_scattered_01_wCont/Cls_scattered_01_wCont/OII/Cl_329.npy,/path/to/Cls_scattered_01_wCont/Cls_scattered_01_wCont/OIII/Cl_329.npy,/path/to/Cls_scattered_01_wCont/Cls_scattered_01_wCont/Cont/Cl_329.npy,0.9176652761176228,1.9328542372211814
/path/to/Cls_scattered_01_wCont/Cls_scattered_01_wCont/Ha_OII_OIII_Cont/Cl_330.npy,/path/to/Cls_scattered_01_wCont/Cls_scattered_01_wCont/OII_all_cross/Cl_330.npy,/path/to/Cls_scattered_01_wCont/Cls_scattered_01_wCont/OIII_all_cross/Cl_330.npy,/path/to/Cls_scattered_01_wCont/Cls_scattered_01_wCont/OII_all_cross/Cl_330_1.npy,/path/to/Cls_scattered_01_wCont/Cls_scattered_01_wCont/OIII_all_cross/Cl_330_1.npy,/path/to/Cls_scattered_01_wCont/Cls_scattered_01_wCont/Shift7_all_cross/Cl_330.npy,/path/to/Cls_scattered_01_wCont/Cls_scattered_01_wCont/Ha/Cl_330.npy,/path/to/Cls_scattered_01_wCont/Cls_scattered_01_wCont/OII/Cl_330.npy,/path/to/Cls_scattered_01_wCont/Cls_scattered_01_wCont/OIII/Cl_330.npy,/path/to/Cls_scattered_01_wCont/Cls_scattered_01_wCont/Cont/Cl_330.npy,0.3452484191395342,0.6303239037282764
/path/to/Cls_scattered_01_wCont/Cls_scattered_01_wCont/Ha_OII_OIII_Cont/Cl_331.npy,/path/to/Cls_scattered_01_wCont/Cls_scattered_01_wCont/OII_all_cross/Cl_331.npy,/path/to/Cls_scattered_01_wCont/Cls_scattered_01_wCont/OIII_all_cross/Cl_331.npy,/path/to/Cls_scattered_01_wCont/Cls_scattered_01_wCont/OII_all_cross/Cl_331_1.npy,/path/to/Cls_scattered_01_wCont/Cls_scattered_01_wCont/OIII_all_cross/Cl_331_1.npy,/path/to/Cls_scattered_01_wCont/Cls_scattered_01_wCont/Shift7_all_cross/Cl_331.npy,/path/to/Cls_scattered_01_wCont/Cls_scattered_01_wCont/Ha/Cl_331.npy,/path/to/Cls_scattered_01_wCont/Cls_scattered_01_wCont/OII/Cl_331.npy,/path/to/Cls_scattered_01_wCont/Cls_scattered_01_wCont/OIII/Cl_331.npy,/path/to/Cls_scattered_01_wCont/Cls_scattered_01_wCont/Cont/Cl_331.npy,1.8200138953514398,1.4257834599353374
/path/to/Cls_scattered_01_wCont/Cls_scattered_01_wCont/Ha_OII_OIII_Cont/Cl_332.npy,/path/to/Cls_scattered_01_wCont/Cls_scattered_01_wCont/OII_all_cross/Cl_332.npy,/path/to/Cls_scattered_01_wCont/Cls_scattered_01_wCont/OIII_all_cross/Cl_332.npy,/path/to/Cls_scattered_01_wCont/Cls_scattered_01_wCont/OII_all_cross/Cl_332_1.npy,/path/to/Cls_scattered_01_wCont/Cls_scattered_01_wCont/OIII_all_cross/Cl_332_1.npy,/path/to/Cls_scattered_01_wCont/Cls_scattered_01_wCont/Shift7_all_cross/Cl_332.npy,/path/to/Cls_scattered_01_wCont/Cls_scattered_01_wCont/Ha/Cl_332.npy,/path/to/Cls_scattered_01_wCont/Cls_scattered_01_wCont/OII/Cl_332.npy,/path/to/Cls_scattered_01_wCont/Cls_scattered_01_wCont/OIII/Cl_332.npy,/path/to/Cls_scattered_01_wCont/Cls_scattered_01_wCont/Cont/Cl_332.npy,1.604682319238782,0.8800676783546805
/path/to/Cls_scattered_01_wCont/Cls_scattered_01_wCont/Ha_OII_OIII_Cont/Cl_333.npy,/path/to/Cls_scattered_01_wCont/Cls_scattered_01_wCont/OII_all_cross/Cl_333.npy,/path/to/Cls_scattered_01_wCont/Cls_scattered_01_wCont/OIII_all_cross/Cl_333.npy,/path/to/Cls_scattered_01_wCont/Cls_scattered_01_wCont/OII_all_cross/Cl_333_1.npy,/path/to/Cls_scattered_01_wCont/Cls_scattered_01_wCont/OIII_all_cross/Cl_333_1.npy,/path/to/Cls_scattered_01_wCont/Cls_scattered_01_wCont/Shift7_all_cross/Cl_333.npy,/path/to/Cls_scattered_01_wCont/Cls_scattered_01_wCont/Ha/Cl_333.npy,/path/to/Cls_scattered_01_wCont/Cls_scattered_01_wCont/OII/Cl_333.npy,/path/to/Cls_scattered_01_wCont/Cls_scattered_01_wCont/OIII/Cl_333.npy,/path/to/Cls_scattered_01_wCont/Cls_scattered_01_wCont/Cont/Cl_333.npy,0.18932326957583429,1.2638156751170755
/path/to/Cls_scattered_01_wCont/Cls_scattered_01_wCont/Ha_OII_OIII_Cont/Cl_334.npy,/path/to/Cls_scattered_01_wCont/Cls_scattered_01_wCont/OII_all_cross/Cl_334.npy,/path/to/Cls_scattered_01_wCont/Cls_scattered_01_wCont/OIII_all_cross/Cl_334.npy,/path/to/Cls_scattered_01_wCont/Cls_scattered_01_wCont/OII_all_cross/Cl_334_1.npy,/path/to/Cls_scattered_01_wCont/Cls_scattered_01_wCont/OIII_all_cross/Cl_334_1.npy,/path/to/Cls_scattered_01_wCont/Cls_scattered_01_wCont/Shift7_all_cross/Cl_334.npy,/path/to/Cls_scattered_01_wCont/Cls_scattered_01_wCont/Ha/Cl_334.npy,/path/to/Cls_scattered_01_wCont/Cls_scattered_01_wCont/OII/Cl_334.npy,/path/to/Cls_scattered_01_wCont/Cls_scattered_01_wCont/OIII/Cl_334.npy,/path/to/Cls_scattered_01_wCont/Cls_scattered_01_wCont/Cont/Cl_334.npy,0.5984489141963422,0.4360903129912913
/path/to/Cls_scattered_01_wCont/Cls_scattered_01_wCont/Ha_OII_OIII_Cont/Cl_335.npy,/path/to/Cls_scattered_01_wCont/Cls_scattered_01_wCont/OII_all_cross/Cl_335.npy,/path/to/Cls_scattered_01_wCont/Cls_scattered_01_wCont/OIII_all_cross/Cl_335.npy,/path/to/Cls_scattered_01_wCont/Cls_scattered_01_wCont/OII_all_cross/Cl_335_1.npy,/path/to/Cls_scattered_01_wCont/Cls_scattered_01_wCont/OIII_all_cross/Cl_335_1.npy,/path/to/Cls_scattered_01_wCont/Cls_scattered_01_wCont/Shift7_all_cross/Cl_335.npy,/path/to/Cls_scattered_01_wCont/Cls_scattered_01_wCont/Ha/Cl_335.npy,/path/to/Cls_scattered_01_wCont/Cls_scattered_01_wCont/OII/Cl_335.npy,/path/to/Cls_scattered_01_wCont/Cls_scattered_01_wCont/OIII/Cl_335.npy,/path/to/Cls_scattered_01_wCont/Cls_scattered_01_wCont/Cont/Cl_335.npy,1.0916426989249886,1.7076809276826679
/path/to/Cls_scattered_01_wCont/Cls_scattered_01_wCont/Ha_OII_OIII_Cont/Cl_336.npy,/path/to/Cls_scattered_01_wCont/Cls_scattered_01_wCont/OII_all_cross/Cl_336.npy,/path/to/Cls_scattered_01_wCont/Cls_scattered_01_wCont/OIII_all_cross/Cl_336.npy,/path/to/Cls_scattered_01_wCont/Cls_scattered_01_wCont/OII_all_cross/Cl_336_1.npy,/path/to/Cls_scattered_01_wCont/Cls_scattered_01_wCont/OIII_all_cross/Cl_336_1.npy,/path/to/Cls_scattered_01_wCont/Cls_scattered_01_wCont/Shift7_all_cross/Cl_336.npy,/path/to/Cls_scattered_01_wCont/Cls_scattered_01_wCont/Ha/Cl_336.npy,/path/to/Cls_scattered_01_wCont/Cls_scattered_01_wCont/OII/Cl_336.npy,/path/to/Cls_scattered_01_wCont/Cls_scattered_01_wCont/OIII/Cl_336.npy,/path/to/Cls_scattered_01_wCont/Cls_scattered_01_wCont/Cont/Cl_336.npy,1.1131989509798588,0.34719101516529915
/path/to/Cls_scattered_01_wCont/Cls_scattered_01_wCont/Ha_OII_OIII_Cont/Cl_337.npy,/path/to/Cls_scattered_01_wCont/Cls_scattered_01_wCont/OII_all_cross/Cl_337.npy,/path/to/Cls_scattered_01_wCont/Cls_scattered_01_wCont/OIII_all_cross/Cl_337.npy,/path/to/Cls_scattered_01_wCont/Cls_scattered_01_wCont/OII_all_cross/Cl_337_1.npy,/path/to/Cls_scattered_01_wCont/Cls_scattered_01_wCont/OIII_all_cross/Cl_337_1.npy,/path/to/Cls_scattered_01_wCont/Cls_scattered_01_wCont/Shift7_all_cross/Cl_337.npy,/path/to/Cls_scattered_01_wCont/Cls_scattered_01_wCont/Ha/Cl_337.npy,/path/to/Cls_scattered_01_wCont/Cls_scattered_01_wCont/OII/Cl_337.npy,/path/to/Cls_scattered_01_wCont/Cls_scattered_01_wCont/OIII/Cl_337.npy,/path/to/Cls_scattered_01_wCont/Cls_scattered_01_wCont/Cont/Cl_337.npy,0.6805126545019448,1.677953206654638
/path/to/Cls_scattered_01_wCont/Cls_scattered_01_wCont/Ha_OII_OIII_Cont/Cl_338.npy,/path/to/Cls_scattered_01_wCont/Cls_scattered_01_wCont/OII_all_cross/Cl_338.npy,/path/to/Cls_scattered_01_wCont/Cls_scattered_01_wCont/OIII_all_cross/Cl_338.npy,/path/to/Cls_scattered_01_wCont/Cls_scattered_01_wCont/OII_all_cross/Cl_338_1.npy,/path/to/Cls_scattered_01_wCont/Cls_scattered_01_wCont/OIII_all_cross/Cl_338_1.npy,/path/to/Cls_scattered_01_wCont/Cls_scattered_01_wCont/Shift7_all_cross/Cl_338.npy,/path/to/Cls_scattered_01_wCont/Cls_scattered_01_wCont/Ha/Cl_338.npy,/path/to/Cls_scattered_01_wCont/Cls_scattered_01_wCont/OII/Cl_338.npy,/path/to/Cls_scattered_01_wCont/Cls_scattered_01_wCont/OIII/Cl_338.npy,/path/to/Cls_scattered_01_wCont/Cls_scattered_01_wCont/Cont/Cl_338.npy,0.1080966716632247,0.8504339538514614
/path/to/Cls_scattered_01_wCont/Cls_scattered_01_wCont/Ha_OII_OIII_Cont/Cl_339.npy,/path/to/Cls_scattered_01_wCont/Cls_scattered_01_wCont/OII_all_cross/Cl_339.npy,/path/to/Cls_scattered_01_wCont/Cls_scattered_01_wCont/OIII_all_cross/Cl_339.npy,/path/to/Cls_scattered_01_wCont/Cls_scattered_01_wCont/OII_all_cross/Cl_339_1.npy,/path/to/Cls_scattered_01_wCont/Cls_scattered_01_wCont/OIII_all_cross/Cl_339_1.npy,/path/to/Cls_scattered_01_wCont/Cls_scattered_01_wCont/Shift7_all_cross/Cl_339.npy,/path/to/Cls_scattered_01_wCont/Cls_scattered_01_wCont/Ha/Cl_339.npy,/path/to/Cls_scattered_01_wCont/Cls_scattered_01_wCont/OII/Cl_339.npy,/path/to/Cls_scattered_01_wCont/Cls_scattered_01_wCont/OIII/Cl_339.npy,/path/to/Cls_scattered_01_wCont/Cls_scattered_01_wCont/Cont/Cl_339.npy,1.5817018570378423,1.1746053960174323
/path/to/Cls_scattered_01_wCont/Cls_scattered_01_wCont/Ha_OII_OIII_Cont/Cl_340.npy,/path/to/Cls_scattered_01_wCont/Cls_scattered_01_wCont/OII_all_cross/Cl_340.npy,/path/to/Cls_scattered_01_wCont/Cls_scattered_01_wCont/OIII_all_cross/Cl_340.npy,/path/to/Cls_scattered_01_wCont/Cls_scattered_01_wCont/OII_all_cross/Cl_340_1.npy,/path/to/Cls_scattered_01_wCont/Cls_scattered_01_wCont/OIII_all_cross/Cl_340_1.npy,/path/to/Cls_scattered_01_wCont/Cls_scattered_01_wCont/Shift7_all_cross/Cl_340.npy,/path/to/Cls_scattered_01_wCont/Cls_scattered_01_wCont/Ha/Cl_340.npy,/path/to/Cls_scattered_01_wCont/Cls_scattered_01_wCont/OII/Cl_340.npy,/path/to/Cls_scattered_01_wCont/Cls_scattered_01_wCont/OIII/Cl_340.npy,/path/to/Cls_scattered_01_wCont/Cls_scattered_01_wCont/Cont/Cl_340.npy,1.841370794083923,0.659964161273092
/path/to/Cls_scattered_01_wCont/Cls_scattered_01_wCont/Ha_OII_OIII_Cont/Cl_341.npy,/path/to/Cls_scattered_01_wCont/Cls_scattered_01_wCont/OII_all_cross/Cl_341.npy,/path/to/Cls_scattered_01_wCont/Cls_scattered_01_wCont/OIII_all_cross/Cl_341.npy,/path/to/Cls_scattered_01_wCont/Cls_scattered_01_wCont/OII_all_cross/Cl_341_1.npy,/path/to/Cls_scattered_01_wCont/Cls_scattered_01_wCont/OIII_all_cross/Cl_341_1.npy,/path/to/Cls_scattered_01_wCont/Cls_scattered_01_wCont/Shift7_all_cross/Cl_341.npy,/path/to/Cls_scattered_01_wCont/Cls_scattered_01_wCont/Ha/Cl_341.npy,/path/to/Cls_scattered_01_wCont/Cls_scattered_01_wCont/OII/Cl_341.npy,/path/to/Cls_scattered_01_wCont/Cls_scattered_01_wCont/OIII/Cl_341.npy,/path/to/Cls_scattered_01_wCont/Cls_scattered_01_wCont/Cont/Cl_341.npy,0.4271707895211876,1.5150021406821907
/path/to/Cls_scattered_01_wCont/Cls_scattered_01_wCont/Ha_OII_OIII_Cont/Cl_342.npy,/path/to/Cls_scattered_01_wCont/Cls_scattered_01_wCont/OII_all_cross/Cl_342.npy,/path/to/Cls_scattered_01_wCont/Cls_scattered_01_wCont/OIII_all_cross/Cl_342.npy,/path/to/Cls_scattered_01_wCont/Cls_scattered_01_wCont/OII_all_cross/Cl_342_1.npy,/path/to/Cls_scattered_01_wCont/Cls_scattered_01_wCont/OIII_all_cross/Cl_342_1.npy,/path/to/Cls_scattered_01_wCont/Cls_scattered_01_wCont/Shift7_all_cross/Cl_342.npy,/path/to/Cls_scattered_01_wCont/Cls_scattered_01_wCont/Ha/Cl_342.npy,/path/to/Cls_scattered_01_wCont/Cls_scattered_01_wCont/OII/Cl_342.npy,/path/to/Cls_scattered_01_wCont/Cls_scattered_01_wCont/OIII/Cl_342.npy,/path/to/Cls_scattered_01_wCont/Cls_scattered_01_wCont/Cont/Cl_342.npy,0.8362973649054765,0.21227293871343136
/path/to/Cls_scattered_01_wCont/Cls_scattered_01_wCont/Ha_OII_OIII_Cont/Cl_343.npy,/path/to/Cls_scattered_01_wCont/Cls_scattered_01_wCont/OII_all_cross/Cl_343.npy,/path/to/Cls_scattered_01_wCont/Cls_scattered_01_wCont/OIII_all_cross/Cl_343.npy,/path/to/Cls_scattered_01_wCont/Cls_scattered_01_wCont/OII_all_cross/Cl_343_1.npy,/path/to/Cls_scattered_01_wCont/Cls_scattered_01_wCont/OIII_all_cross/Cl_343_1.npy,/path/to/Cls_scattered_01_wCont/Cls_scattered_01_wCont/Shift7_all_cross/Cl_343.npy,/path/to/Cls_scattered_01_wCont/Cls_scattered_01_wCont/Ha/Cl_343.npy,/path/to/Cls_scattered_01_wCont/Cls_scattered_01_wCont/OII/Cl_343.npy,/path/to/Cls_scattered_01_wCont/Cls_scattered_01_wCont/OIII/Cl_343.npy,/path/to/Cls_scattered_01_wCont/Cls_scattered_01_wCont/Cont/Cl_343.npy,1.3283302925527096,1.962573542445898
/path/to/Cls_scattered_01_wCont/Cls_scattered_01_wCont/Ha_OII_OIII_Cont/Cl_344.npy,/path/to/Cls_scattered_01_wCont/Cls_scattered_01_wCont/OII_all_cross/Cl_344.npy,/path/to/Cls_scattered_01_wCont/Cls_scattered_01_wCont/OIII_all_cross/Cl_344.npy,/path/to/Cls_scattered_01_wCont/Cls_scattered_01_wCont/OII_all_cross/Cl_344_1.npy,/path/to/Cls_scattered_01_wCont/Cls_scattered_01_wCont/OIII_all_cross/Cl_344_1.npy,/path/to/Cls_scattered_01_wCont/Cls_scattered_01_wCont/Shift7_all_cross/Cl_344.npy,/path/to/Cls_scattered_01_wCont/Cls_scattered_01_wCont/Ha/Cl_344.npy,/path/to/Cls_scattered_01_wCont/Cls_scattered_01_wCont/OII/Cl_344.npy,/path/to/Cls_scattered_01_wCont/Cls_scattered_01_wCont/OIII/Cl_344.npy,/path/to/Cls_scattered_01_wCont/Cls_scattered_01_wCont/Cont/Cl_344.npy,1.4459652782417833,0.9932527372613549
/path/to/Cls_scattered_01_wCont/Cls_scattered_01_wCont/Ha_OII_OIII_Cont/Cl_345.npy,/path/to/Cls_scattered_01_wCont/Cls_scattered_01_wCont/OII_all_cross/Cl_345.npy,/path/to/Cls_scattered_01_wCont/Cls_scattered_01_wCont/OIII_all_cross/Cl_345.npy,/path/to/Cls_scattered_01_wCont/Cls_scattered_01_wCont/OII_all_cross/Cl_345_1.npy,/path/to/Cls_scattered_01_wCont/Cls_scattered_01_wCont/OIII_all_cross/Cl_345_1.npy,/path/to/Cls_scattered_01_wCont/Cls_scattered_01_wCont/Shift7_all_cross/Cl_345.npy,/path/to/Cls_scattered_01_wCont/Cls_scattered_01_wCont/Ha/Cl_345.npy,/path/to/Cls_scattered_01_wCont/Cls_scattered_01_wCont/OII/Cl_345.npy,/path/to/Cls_scattered_01_wCont/Cls_scattered_01_wCont/OIII/Cl_345.npy,/path/to/Cls_scattered_01_wCont/Cls_scattered_01_wCont/Cont/Cl_345.npy,0.9603992548771202,1.1506344666704535
/path/to/Cls_scattered_01_wCont/Cls_scattered_01_wCont/Ha_OII_OIII_Cont/Cl_346.npy,/path/to/Cls_scattered_01_wCont/Cls_scattered_01_wCont/OII_all_cross/Cl_346.npy,/path/to/Cls_scattered_01_wCont/Cls_scattered_01_wCont/OIII_all_cross/Cl_346.npy,/path/to/Cls_scattered_01_wCont/Cls_scattered_01_wCont/OII_all_cross/Cl_346_1.npy,/path/to/Cls_scattered_01_wCont/Cls_scattered_01_wCont/OIII_all_cross/Cl_346_1.npy,/path/to/Cls_scattered_01_wCont/Cls_scattered_01_wCont/Shift7_all_cross/Cl_346.npy,/path/to/Cls_scattered_01_wCont/Cls_scattered_01_wCont/Ha/Cl_346.npy,/path/to/Cls_scattered_01_wCont/Cls_scattered_01_wCont/OII/Cl_346.npy,/path/to/Cls_scattered_01_wCont/Cls_scattered_01_wCont/OIII/Cl_346.npy,/path/to/Cls_scattered_01_wCont/Cls_scattered_01_wCont/Cont/Cl_346.npy,0.5512631630524992,0.54556151824072
/path/to/Cls_scattered_01_wCont/Cls_scattered_01_wCont/Ha_OII_OIII_Cont/Cl_347.npy,/path/to/Cls_scattered_01_wCont/Cls_scattered_01_wCont/OII_all_cross/Cl_347.npy,/path/to/Cls_scattered_01_wCont/Cls_scattered_01_wCont/OIII_all_cross/Cl_347.npy,/path/to/Cls_scattered_01_wCont/Cls_scattered_01_wCont/OII_all_cross/Cl_347_1.npy,/path/to/Cls_scattered_01_wCont/Cls_scattered_01_wCont/OIII_all_cross/Cl_347_1.npy,/path/to/Cls_scattered_01_wCont/Cls_scattered_01_wCont/Shift7_all_cross/Cl_347.npy,/path/to/Cls_scattered_01_wCont/Cls_scattered_01_wCont/Ha/Cl_347.npy,/path/to/Cls_scattered_01_wCont/Cls_scattered_01_wCont/OII/Cl_347.npy,/path/to/Cls_scattered_01_wCont/Cls_scattered_01_wCont/OIII/Cl_347.npy,/path/to/Cls_scattered_01_wCont/Cls_scattered_01_wCont/Cont/Cl_347.npy,1.9589998872950674,1.5982058719731866
/path/to/Cls_scattered_01_wCont/Cls_scattered_01_wCont/Ha_OII_OIII_Cont/Cl_348.npy,/path/to/Cls_scattered_01_wCont/Cls_scattered_01_wCont/OII_all_cross/Cl_348.npy,/path/to/Cls_scattered_01_wCont/Cls_scattered_01_wCont/OIII_all_cross/Cl_348.npy,/path/to/Cls_scattered_01_wCont/Cls_scattered_01_wCont/OII_all_cross/Cl_348_1.npy,/path/to/Cls_scattered_01_wCont/Cls_scattered_01_wCont/OIII_all_cross/Cl_348_1.npy,/path/to/Cls_scattered_01_wCont/Cls_scattered_01_wCont/Shift7_all_cross/Cl_348.npy,/path/to/Cls_scattered_01_wCont/Cls_scattered_01_wCont/Ha/Cl_348.npy,/path/to/Cls_scattered_01_wCont/Cls_scattered_01_wCont/OII/Cl_348.npy,/path/to/Cls_scattered_01_wCont/Cls_scattered_01_wCont/OIII/Cl_348.npy,/path/to/Cls_scattered_01_wCont/Cls_scattered_01_wCont/Cont/Cl_348.npy,1.6992529748938978,0.23655869271606206
/path/to/Cls_scattered_01_wCont/Cls_scattered_01_wCont/Ha_OII_OIII_Cont/Cl_349.npy,/path/to/Cls_scattered_01_wCont/Cls_scattered_01_wCont/OII_all_cross/Cl_349.npy,/path/to/Cls_scattered_01_wCont/Cls_scattered_01_wCont/OIII_all_cross/Cl_349.npy,/path/to/Cls_scattered_01_wCont/Cls_scattered_01_wCont/OII_all_cross/Cl_349_1.npy,/path/to/Cls_scattered_01_wCont/Cls_scattered_01_wCont/OIII_all_cross/Cl_349_1.npy,/path/to/Cls_scattered_01_wCont/Cls_scattered_01_wCont/Shift7_all_cross/Cl_349.npy,/path/to/Cls_scattered_01_wCont/Cls_scattered_01_wCont/Ha/Cl_349.npy,/path/to/Cls_scattered_01_wCont/Cls_scattered_01_wCont/OII/Cl_349.npy,/path/to/Cls_scattered_01_wCont/Cls_scattered_01_wCont/OIII/Cl_349.npy,/path/to/Cls_scattered_01_wCont/Cls_scattered_01_wCont/Cont/Cl_349.npy,0.23217279044911265,1.819664634205401
/path/to/Cls_scattered_01_wCont/Cls_scattered_01_wCont/Ha_OII_OIII_Cont/Cl_350.npy,/path/to/Cls_scattered_01_wCont/Cls_scattered_01_wCont/OII_all_cross/Cl_350.npy,/path/to/Cls_scattered_01_wCont/Cls_scattered_01_wCont/OIII_all_cross/Cl_350.npy,/path/to/Cls_scattered_01_wCont/Cls_scattered_01_wCont/OII_all_cross/Cl_350_1.npy,/path/to/Cls_scattered_01_wCont/Cls_scattered_01_wCont/OIII_all_cross/Cl_350_1.npy,/path/to/Cls_scattered_01_wCont/Cls_scattered_01_wCont/Shift7_all_cross/Cl_350.npy,/path/to/Cls_scattered_01_wCont/Cls_scattered_01_wCont/Ha/Cl_350.npy,/path/to/Cls_scattered_01_wCont/Cls_scattered_01_wCont/OII/Cl_350.npy,/path/to/Cls_scattered_01_wCont/Cls_scattered_01_wCont/OIII/Cl_350.npy,/path/to/Cls_scattered_01_wCont/Cls_scattered_01_wCont/Cont/Cl_350.npy,0.8045801628381013,0.7398016349412501
/path/to/Cls_scattered_01_wCont/Cls_scattered_01_wCont/Ha_OII_OIII_Cont/Cl_351.npy,/path/to/Cls_scattered_01_wCont/Cls_scattered_01_wCont/OII_all_cross/Cl_351.npy,/path/to/Cls_scattered_01_wCont/Cls_scattered_01_wCont/OIII_all_cross/Cl_351.npy,/path/to/Cls_scattered_01_wCont/Cls_scattered_01_wCont/OII_all_cross/Cl_351_1.npy,/path/to/Cls_scattered_01_wCont/Cls_scattered_01_wCont/OIII_all_cross/Cl_351_1.npy,/path/to/Cls_scattered_01_wCont/Cls_scattered_01_wCont/Shift7_all_cross/Cl_351.npy,/path/to/Cls_scattered_01_wCont/Cls_scattered_01_wCont/Ha/Cl_351.npy,/path/to/Cls_scattered_01_wCont/Cls_scattered_01_wCont/OII/Cl_351.npy,/path/to/Cls_scattered_01_wCont/Cls_scattered_01_wCont/OIII/Cl_351.npy,/path/to/Cls_scattered_01_wCont/Cls_scattered_01_wCont/Cont/Cl_351.npy,1.2307450823485853,1.316316827107221
/path/to/Cls_scattered_01_wCont/Cls_scattered_01_wCont/Ha_OII_OIII_Cont/Cl_352.npy,/path/to/Cls_scattered_01_wCont/Cls_scattered_01_wCont/OII_all_cross/Cl_352.npy,/path/to/Cls_scattered_01_wCont/Cls_scattered_01_wCont/OIII_all_cross/Cl_352.npy,/path/to/Cls_scattered_01_wCont/Cls_scattered_01_wCont/OII_all_cross/Cl_352_1.npy,/path/to/Cls_scattered_01_wCont/Cls_scattered_01_wCont/OIII_all_cross/Cl_352_1.npy,/path/to/Cls_scattered_01_wCont/Cls_scattered_01_wCont/Shift7_all_cross/Cl_352.npy,/path/to/Cls_scattered_01_wCont/Cls_scattered_01_wCont/Ha/Cl_352.npy,/path/to/Cls_scattered_01_wCont/Cls_scattered_01_wCont/OII/Cl_352.npy,/path/to/Cls_scattered_01_wCont/Cls_scattered_01_wCont/OIII/Cl_352.npy,/path/to/Cls_scattered_01_wCont/Cls_scattered_01_wCont/Cont/Cl_352.npy,1.2787571004591882,0.3061489101499319
/path/to/Cls_scattered_01_wCont/Cls_scattered_01_wCont/Ha_OII_OIII_Cont/Cl_353.npy,/path/to/Cls_scattered_01_wCont/Cls_scattered_01_wCont/OII_all_cross/Cl_353.npy,/path/to/Cls_scattered_01_wCont/Cls_scattered_01_wCont/OIII_all_cross/Cl_353.npy,/path/to/Cls_scattered_01_wCont/Cls_scattered_01_wCont/OII_all_cross/Cl_353_1.npy,/path/to/Cls_scattered_01_wCont/Cls_scattered_01_wCont/OIII_all_cross/Cl_353_1.npy,/path/to/Cls_scattered_01_wCont/Cls_scattered_01_wCont/Shift7_all_cross/Cl_353.npy,/path/to/Cls_scattered_01_wCont/Cls_scattered_01_wCont/Ha/Cl_353.npy,/path/to/Cls_scattered_01_wCont/Cls_scattered_01_wCont/OII/Cl_353.npy,/path/to/Cls_scattered_01_wCont/Cls_scattered_01_wCont/OIII/Cl_353.npy,/path/to/Cls_scattered_01_wCont/Cls_scattered_01_wCont/Cont/Cl_353.npy,0.7561077917926013,1.8669598810374737
/path/to/Cls_scattered_01_wCont/Cls_scattered_01_wCont/Ha_OII_OIII_Cont/Cl_354.npy,/path/to/Cls_scattered_01_wCont/Cls_scattered_01_wCont/OII_all_cross/Cl_354.npy,/path/to/Cls_scattered_01_wCont/Cls_scattered_01_wCont/OIII_all_cross/Cl_354.npy,/path/to/Cls_scattered_01_wCont/Cls_scattered_01_wCont/OII_all_cross/Cl_354_1.npy,/path/to/Cls_scattered_01_wCont/Cls_scattered_01_wCont/OIII_all_cross/Cl_354_1.npy,/path/to/Cls_scattered_01_wCont/Cls_scattered_01_wCont/Shift7_all_cross/Cl_354.npy,/path/to/Cls_scattered_01_wCont/Cls_scattered_01_wCont/Ha/Cl_354.npy,/path/to/Cls_scattered_01_wCont/Cls_scattered_01_wCont/OII/Cl_354.npy,/path/to/Cls_scattered_01_wCont/Cls_scattered_01_wCont/OIII/Cl_354.npy,/path/to/Cls_scattered_01_wCont/Cls_scattered_01_wCont/Cont/Cl_354.npy,0.2727556820958853,0.8093883416615426
/path/to/Cls_scattered_01_wCont/Cls_scattered_01_wCont/Ha_OII_OIII_Cont/Cl_355.npy,/path/to/Cls_scattered_01_wCont/Cls_scattered_01_wCont/OII_all_cross/Cl_355.npy,/path/to/Cls_scattered_01_wCont/Cls_scattered_01_wCont/OIII_all_cross/Cl_355.npy,/path/to/Cls_scattered_01_wCont/Cls_scattered_01_wCont/OII_all_cross/Cl_355_1.npy,/path/to/Cls_scattered_01_wCont/Cls_scattered_01_wCont/OIII_all_cross/Cl_355_1.npy,/path/to/Cls_scattered_01_wCont/Cls_scattered_01_wCont/Shift7_all_cross/Cl_355.npy,/path/to/Cls_scattered_01_wCont/Cls_scattered_01_wCont/Ha/Cl_355.npy,/path/to/Cls_scattered_01_wCont/Cls_scattered_01_wCont/OII/Cl_355.npy,/path/to/Cls_scattered_01_wCont/Cls_scattered_01_wCont/OIII/Cl_355.npy,/path/to/Cls_scattered_01_wCont/Cls_scattered_01_wCont/Cont/Cl_355.npy,1.6581952273845673,1.3636083367280663
/path/to/Cls_scattered_01_wCont/Cls_scattered_01_wCont/Ha_OII_OIII_Cont/Cl_356.npy,/path/to/Cls_scattered_01_wCont/Cls_scattered_01_wCont/OII_all_cross/Cl_356.npy,/path/to/Cls_scattered_01_wCont/Cls_scattered_01_wCont/OIII_all_cross/Cl_356.npy,/path/to/Cls_scattered_01_wCont/Cls_scattered_01_wCont/OII_all_cross/Cl_356_1.npy,/path/to/Cls_scattered_01_wCont/Cls_scattered_01_wCont/OIII_all_cross/Cl_356_1.npy,/path/to/Cls_scattered_01_wCont/Cls_scattered_01_wCont/Shift7_all_cross/Cl_356.npy,/path/to/Cls_scattered_01_wCont/Cls_scattered_01_wCont/Ha/Cl_356.npy,/path/to/Cls_scattered_01_wCont/Cls_scattered_01_wCont/OII/Cl_356.npy,/path/to/Cls_scattered_01_wCont/Cls_scattered_01_wCont/OIII/Cl_356.npy,/path/to/Cls_scattered_01_wCont/Cls_scattered_01_wCont/Cont/Cl_356.npy,1.9773281284607946,0.945933573693037
/path/to/Cls_scattered_01_wCont/Cls_scattered_01_wCont/Ha_OII_OIII_Cont/Cl_357.npy,/path/to/Cls_scattered_01_wCont/Cls_scattered_01_wCont/OII_all_cross/Cl_357.npy,/path/to/Cls_scattered_01_wCont/Cls_scattered_01_wCont/OIII_all_cross/Cl_357.npy,/path/to/Cls_scattered_01_wCont/Cls_scattered_01_wCont/OII_all_cross/Cl_357_1.npy,/path/to/Cls_scattered_01_wCont/Cls_scattered_01_wCont/OIII_all_cross/Cl_357_1.npy,/path/to/Cls_scattered_01_wCont/Cls_scattered_01_wCont/Shift7_all_cross/Cl_357.npy,/path/to/Cls_scattered_01_wCont/Cls_scattered_01_wCont/Ha/Cl_357.npy,/path/to/Cls_scattered_01_wCont/Cls_scattered_01_wCont/OII/Cl_357.npy,/path/to/Cls_scattered_01_wCont/Cls_scattered_01_wCont/OIII/Cl_357.npy,/path/to/Cls_scattered_01_wCont/Cls_scattered_01_wCont/Cont/Cl_357.npy,0.5324820433743298,1.0810790237039327
/path/to/Cls_scattered_01_wCont/Cls_scattered_01_wCont/Ha_OII_OIII_Cont/Cl_358.npy,/path/to/Cls_scattered_01_wCont/Cls_scattered_01_wCont/OII_all_cross/Cl_358.npy,/path/to/Cls_scattered_01_wCont/Cls_scattered_01_wCont/OIII_all_cross/Cl_358.npy,/path/to/Cls_scattered_01_wCont/Cls_scattered_01_wCont/OII_all_cross/Cl_358_1.npy,/path/to/Cls_scattered_01_wCont/Cls_scattered_01_wCont/OIII_all_cross/Cl_358_1.npy,/path/to/Cls_scattered_01_wCont/Cls_scattered_01_wCont/Shift7_all_cross/Cl_358.npy,/path/to/Cls_scattered_01_wCont/Cls_scattered_01_wCont/Ha/Cl_358.npy,/path/to/Cls_scattered_01_wCont/Cls_scattered_01_wCont/OII/Cl_358.npy,/path/to/Cls_scattered_01_wCont/Cls_scattered_01_wCont/OIII/Cl_358.npy,/path/to/Cls_scattered_01_wCont/Cls_scattered_01_wCont/Cont/Cl_358.npy,0.971298369579017,0.4982386174611747
/path/to/Cls_scattered_01_wCont/Cls_scattered_01_wCont/Ha_OII_OIII_Cont/Cl_359.npy,/path/to/Cls_scattered_01_wCont/Cls_scattered_01_wCont/OII_all_cross/Cl_359.npy,/path/to/Cls_scattered_01_wCont/Cls_scattered_01_wCont/OIII_all_cross/Cl_359.npy,/path/to/Cls_scattered_01_wCont/Cls_scattered_01_wCont/OII_all_cross/Cl_359_1.npy,/path/to/Cls_scattered_01_wCont/Cls_scattered_01_wCont/OIII_all_cross/Cl_359_1.npy,/path/to/Cls_scattered_01_wCont/Cls_scattered_01_wCont/Shift7_all_cross/Cl_359.npy,/path/to/Cls_scattered_01_wCont/Cls_scattered_01_wCont/Ha/Cl_359.npy,/path/to/Cls_scattered_01_wCont/Cls_scattered_01_wCont/OII/Cl_359.npy,/path/to/Cls_scattered_01_wCont/Cls_scattered_01_wCont/OIII/Cl_359.npy,/path/to/Cls_scattered_01_wCont/Cls_scattered_01_wCont/Cont/Cl_359.npy,1.4345987820997834,1.5286469182930886
/path/to/Cls_scattered_01_wCont/Cls_scattered_01_wCont/Ha_OII_OIII_Cont/Cl_360.npy,/path/to/Cls_scattered_01_wCont/Cls_scattered_01_wCont/OII_all_cross/Cl_360.npy,/path/to/Cls_scattered_01_wCont/Cls_scattered_01_wCont/OIII_all_cross/Cl_360.npy,/path/to/Cls_scattered_01_wCont/Cls_scattered_01_wCont/OII_all_cross/Cl_360_1.npy,/path/to/Cls_scattered_01_wCont/Cls_scattered_01_wCont/OIII_all_cross/Cl_360_1.npy,/path/to/Cls_scattered_01_wCont/Cls_scattered_01_wCont/Shift7_all_cross/Cl_360.npy,/path/to/Cls_scattered_01_wCont/Cls_scattered_01_wCont/Ha/Cl_360.npy,/path/to/Cls_scattered_01_wCont/Cls_scattered_01_wCont/OII/Cl_360.npy,/path/to/Cls_scattered_01_wCont/Cls_scattered_01_wCont/OIII/Cl_360.npy,/path/to/Cls_scattered_01_wCont/Cls_scattered_01_wCont/Cont/Cl_360.npy,1.3100094160996378,0.5959457860328257
/path/to/Cls_scattered_01_wCont/Cls_scattered_01_wCont/Ha_OII_OIII_Cont/Cl_361.npy,/path/to/Cls_scattered_01_wCont/Cls_scattered_01_wCont/OII_all_cross/Cl_361.npy,/path/to/Cls_scattered_01_wCont/Cls_scattered_01_wCont/OIII_all_cross/Cl_361.npy,/path/to/Cls_scattered_01_wCont/Cls_scattered_01_wCont/OII_all_cross/Cl_361_1.npy,/path/to/Cls_scattered_01_wCont/Cls_scattered_01_wCont/OIII_all_cross/Cl_361_1.npy,/path/to/Cls_scattered_01_wCont/Cls_scattered_01_wCont/Shift7_all_cross/Cl_361.npy,/path/to/Cls_scattered_01_wCont/Cls_scattered_01_wCont/Ha/Cl_361.npy,/path/to/Cls_scattered_01_wCont/Cls_scattered_01_wCont/OII/Cl_361.npy,/path/to/Cls_scattered_01_wCont/Cls_scattered_01_wCont/OIII/Cl_361.npy,/path/to/Cls_scattered_01_wCont/Cls_scattered_01_wCont/Cont/Cl_361.npy,0.8550858492963015,1.4584349860437216
/path/to/Cls_scattered_01_wCont/Cls_scattered_01_wCont/Ha_OII_OIII_Cont/Cl_362.npy,/path/to/Cls_scattered_01_wCont/Cls_scattered_01_wCont/OII_all_cross/Cl_362.npy,/path/to/Cls_scattered_01_wCont/Cls_scattered_01_wCont/OIII_all_cross/Cl_362.npy,/path/to/Cls_scattered_01_wCont/Cls_scattered_01_wCont/OII_all_cross/Cl_362_1.npy,/path/to/Cls_scattered_01_wCont/Cls_scattered_01_wCont/OIII_all_cross/Cl_362_1.npy,/path/to/Cls_scattered_01_wCont/Cls_scattered_01_wCont/Shift7_all_cross/Cl_362.npy,/path/to/Cls_scattered_01_wCont/Cls_scattered_01_wCont/Ha/Cl_362.npy,/path/to/Cls_scattered_01_wCont/Cls_scattered_01_wCont/OII/Cl_362.npy,/path/to/Cls_scattered_01_wCont/Cls_scattered_01_wCont/OIII/Cl_362.npy,/path/to/Cls_scattered_01_wCont/Cls_scattered_01_wCont/Cont/Cl_362.npy,0.4162645366042852,0.1482508262619376
/path/to/Cls_scattered_01_wCont/Cls_scattered_01_wCont/Ha_OII_OIII_Cont/Cl_363.npy,/path/to/Cls_scattered_01_wCont/Cls_scattered_01_wCont/OII_all_cross/Cl_363.npy,/path/to/Cls_scattered_01_wCont/Cls_scattered_01_wCont/OIII_all_cross/Cl_363.npy,/path/to/Cls_scattered_01_wCont/Cls_scattered_01_wCont/OII_all_cross/Cl_363_1.npy,/path/to/Cls_scattered_01_wCont/Cls_scattered_01_wCont/OIII_all_cross/Cl_363_1.npy,/path/to/Cls_scattered_01_wCont/Cls_scattered_01_wCont/Shift7_all_cross/Cl_363.npy,/path/to/Cls_scattered_01_wCont/Cls_scattered_01_wCont/Ha/Cl_363.npy,/path/to/Cls_scattered_01_wCont/Cls_scattered_01_wCont/OII/Cl_363.npy,/path/to/Cls_scattered_01_wCont/Cls_scattered_01_wCont/OIII/Cl_363.npy,/path/to/Cls_scattered_01_wCont/Cls_scattered_01_wCont/Cont/Cl_363.npy,1.8527301520109176,1.9060028770938515
/path/to/Cls_scattered_01_wCont/Cls_scattered_01_wCont/Ha_OII_OIII_Cont/Cl_364.npy,/path/to/Cls_scattered_01_wCont/Cls_scattered_01_wCont/OII_all_cross/Cl_364.npy,/path/to/Cls_scattered_01_wCont/Cls_scattered_01_wCont/OIII_all_cross/Cl_364.npy,/path/to/Cls_scattered_01_wCont/Cls_scattered_01_wCont/OII_all_cross/Cl_364_1.npy,/path/to/Cls_scattered_01_wCont/Cls_scattered_01_wCont/OIII_all_cross/Cl_364_1.npy,/path/to/Cls_scattered_01_wCont/Cls_scattered_01_wCont/Shift7_all_cross/Cl_364.npy,/path/to/Cls_scattered_01_wCont/Cls_scattered_01_wCont/Ha/Cl_364.npy,/path/to/Cls_scattered_01_wCont/Cls_scattered_01_wCont/OII/Cl_364.npy,/path/to/Cls_scattered_01_wCont/Cls_scattered_01_wCont/OIII/Cl_364.npy,/path/to/Cls_scattered_01_wCont/Cls_scattered_01_wCont/Cont/Cl_364.npy,1.5336969771422446,0.4037929584272206
/path/to/Cls_scattered_01_wCont/Cls_scattered_01_wCont/Ha_OII_OIII_Cont/Cl_365.npy,/path/to/Cls_scattered_01_wCont/Cls_scattered_01_wCont/OII_all_cross/Cl_365.npy,/path/to/Cls_scattered_01_wCont/Cls_scattered_01_wCont/OIII_all_cross/Cl_365.npy,/path/to/Cls_scattered_01_wCont/Cls_scattered_01_wCont/OII_all_cross/Cl_365_1.npy,/path/to/Cls_scattered_01_wCont/Cls_scattered_01_wCont/OIII_all_cross/Cl_365_1.npy,/path/to/Cls_scattered_01_wCont/Cls_scattered_01_wCont/Shift7_all_cross/Cl_365.npy,/path/to/Cls_scattered_01_wCont/Cls_scattered_01_wCont/Ha/Cl_365.npy,/path/to/Cls_scattered_01_wCont/Cls_scattered_01_wCont/OII/Cl_365.npy,/path/to/Cls_scattered_01_wCont/Cls_scattered_01_wCont/OIII/Cl_365.npy,/path/to/Cls_scattered_01_wCont/Cls_scattered_01_wCont/Cont/Cl_365.npy,0.15657618092373013,1.7419476793147624
/path/to/Cls_scattered_01_wCont/Cls_scattered_01_wCont/Ha_OII_OIII_Cont/Cl_366.npy,/path/to/Cls_scattered_01_wCont/Cls_scattered_01_wCont/OII_all_cross/Cl_366.npy,/path/to/Cls_scattered_01_wCont/Cls_scattered_01_wCont/OIII_all_cross/Cl_366.npy,/path/to/Cls_scattered_01_wCont/Cls_scattered_01_wCont/OII_all_cross/Cl_366_1.npy,/path/to/Cls_scattered_01_wCont/Cls_scattered_01_wCont/OIII_all_cross/Cl_366_1.npy,/path/to/Cls_scattered_01_wCont/Cls_scattered_01_wCont/Shift7_all_cross/Cl_366.npy,/path/to/Cls_scattered_01_wCont/Cls_scattered_01_wCont/Ha/Cl_366.npy,/path/to/Cls_scattered_01_wCont/Cls_scattered_01_wCont/OII/Cl_366.npy,/path/to/Cls_scattered_01_wCont/Cls_scattered_01_wCont/OIII/Cl_366.npy,/path/to/Cls_scattered_01_wCont/Cls_scattered_01_wCont/Cont/Cl_366.npy,0.6399223981425166,0.9070323863998054
/path/to/Cls_scattered_01_wCont/Cls_scattered_01_wCont/Ha_OII_OIII_Cont/Cl_367.npy,/path/to/Cls_scattered_01_wCont/Cls_scattered_01_wCont/OII_all_cross/Cl_367.npy,/path/to/Cls_scattered_01_wCont/Cls_scattered_01_wCont/OIII_all_cross/Cl_367.npy,/path/to/Cls_scattered_01_wCont/Cls_scattered_01_wCont/OII_all_cross/Cl_367_1.npy,/path/to/Cls_scattered_01_wCont/Cls_scattered_01_wCont/OIII_all_cross/Cl_367_1.npy,/path/to/Cls_scattered_01_wCont/Cls_scattered_01_wCont/Shift7_all_cross/Cl_367.npy,/path/to/Cls_scattered_01_wCont/Cls_scattered_01_wCont/Ha/Cl_367.npy,/path/to/Cls_scattered_01_wCont/Cls_scattered_01_wCont/OII/Cl_367.npy,/path/to/Cls_scattered_01_wCont/Cls_scattered_01_wCont/OIII/Cl_367.npy,/path/to/Cls_scattered_01_wCont/Cls_scattered_01_wCont/Cont/Cl_367.npy,1.1542493337765336,1.2385961314663292
/path/to/Cls_scattered_01_wCont/Cls_scattered_01_wCont/Ha_OII_OIII_Cont/Cl_368.npy,/path/to/Cls_scattered_01_wCont/Cls_scattered_01_wCont/OII_all_cross/Cl_368.npy,/path/to/Cls_scattered_01_wCont/Cls_scattered_01_wCont/OIII_all_cross/Cl_368.npy,/path/to/Cls_scattered_01_wCont/Cls_scattered_01_wCont/OII_all_cross/Cl_368_1.npy,/path/to/Cls_scattered_01_wCont/Cls_scattered_01_wCont/OIII_all_cross/Cl_368_1.npy,/path/to/Cls_scattered_01_wCont/Cls_scattered_01_wCont/Shift7_all_cross/Cl_368.npy,/path/to/Cls_scattered_01_wCont/Cls_scattered_01_wCont/Ha/Cl_368.npy,/path/to/Cls_scattered_01_wCont/Cls_scattered_01_wCont/OII/Cl_368.npy,/path/to/Cls_scattered_01_wCont/Cls_scattered_01_wCont/OIII/Cl_368.npy,/path/to/Cls_scattered_01_wCont/Cls_scattered_01_wCont/Cont/Cl_368.npy,1.072857838496566,0.8179011549800633
/path/to/Cls_scattered_01_wCont/Cls_scattered_01_wCont/Ha_OII_OIII_Cont/Cl_369.npy,/path/to/Cls_scattered_01_wCont/Cls_scattered_01_wCont/OII_all_cross/Cl_369.npy,/path/to/Cls_scattered_01_wCont/Cls_scattered_01_wCont/OIII_all_cross/Cl_369.npy,/path/to/Cls_scattered_01_wCont/Cls_scattered_01_wCont/OII_all_cross/Cl_369_1.npy,/path/to/Cls_scattered_01_wCont/Cls_scattered_01_wCont/OIII_all_cross/Cl_369_1.npy,/path/to/Cls_scattered_01_wCont/Cls_scattered_01_wCont/Shift7_all_cross/Cl_369.npy,/path/to/Cls_scattered_01_wCont/Cls_scattered_01_wCont/Ha/Cl_369.npy,/path/to/Cls_scattered_01_wCont/Cls_scattered_01_wCont/OII/Cl_369.npy,/path/to/Cls_scattered_01_wCont/Cls_scattered_01_wCont/OIII/Cl_369.npy,/path/to/Cls_scattered_01_wCont/Cls_scattered_01_wCont/Cont/Cl_369.npy,0.6167734146118163,1.2091003440320491
/path/to/Cls_scattered_01_wCont/Cls_scattered_01_wCont/Ha_OII_OIII_Cont/Cl_370.npy,/path/to/Cls_scattered_01_wCont/Cls_scattered_01_wCont/OII_all_cross/Cl_370.npy,/path/to/Cls_scattered_01_wCont/Cls_scattered_01_wCont/OIII_all_cross/Cl_370.npy,/path/to/Cls_scattered_01_wCont/Cls_scattered_01_wCont/OII_all_cross/Cl_370_1.npy,/path/to/Cls_scattered_01_wCont/Cls_scattered_01_wCont/OIII_all_cross/Cl_370_1.npy,/path/to/Cls_scattered_01_wCont/Cls_scattered_01_wCont/Shift7_all_cross/Cl_370.npy,/path/to/Cls_scattered_01_wCont/Cls_scattered_01_wCont/Ha/Cl_370.npy,/path/to/Cls_scattered_01_wCont/Cls_scattered_01_wCont/OII/Cl_370.npy,/path/to/Cls_scattered_01_wCont/Cls_scattered_01_wCont/OIII/Cl_370.npy,/path/to/Cls_scattered_01_wCont/Cls_scattered_01_wCont/Cont/Cl_370.npy,0.17795303976163268,0.37392730033025146
/path/to/Cls_scattered_01_wCont/Cls_scattered_01_wCont/Ha_OII_OIII_Cont/Cl_371.npy,/path/to/Cls_scattered_01_wCont/Cls_scattered_01_wCont/OII_all_cross/Cl_371.npy,/path/to/Cls_scattered_01_wCont/Cls_scattered_01_wCont/OIII_all_cross/Cl_371.npy,/path/to/Cls_scattered_01_wCont/Cls_scattered_01_wCont/OII_all_cross/Cl_371_1.npy,/path/to/Cls_scattered_01_wCont/Cls_scattered_01_wCont/OIII_all_cross/Cl_371_1.npy,/path/to/Cls_scattered_01_wCont/Cls_scattered_01_wCont/Shift7_all_cross/Cl_371.npy,/path/to/Cls_scattered_01_wCont/Cls_scattered_01_wCont/Ha/Cl_371.npy,/path/to/Cls_scattered_01_wCont/Cls_scattered_01_wCont/OII/Cl_371.npy,/path/to/Cls_scattered_01_wCont/Cls_scattered_01_wCont/OIII/Cl_371.npy,/path/to/Cls_scattered_01_wCont/Cls_scattered_01_wCont/Cont/Cl_371.npy,1.6155777002684772,1.6529693338088691
/path/to/Cls_scattered_01_wCont/Cls_scattered_01_wCont/Ha_OII_OIII_Cont/Cl_372.npy,/path/to/Cls_scattered_01_wCont/Cls_scattered_01_wCont/OII_all_cross/Cl_372.npy,/path/to/Cls_scattered_01_wCont/Cls_scattered_01_wCont/OIII_all_cross/Cl_372.npy,/path/to/Cls_scattered_01_wCont/Cls_scattered_01_wCont/OII_all_cross/Cl_372_1.npy,/path/to/Cls_scattered_01_wCont/Cls_scattered_01_wCont/OIII_all_cross/Cl_372_1.npy,/path/to/Cls_scattered_01_wCont/Cls_scattered_01_wCont/Shift7_all_cross/Cl_372.npy,/path/to/Cls_scattered_01_wCont/Cls_scattered_01_wCont/Ha/Cl_372.npy,/path/to/Cls_scattered_01_wCont/Cls_scattered_01_wCont/OII/Cl_372.npy,/path/to/Cls_scattered_01_wCont/Cls_scattered_01_wCont/OIII/Cl_372.npy,/path/to/Cls_scattered_01_wCont/Cls_scattered_01_wCont/Cont/Cl_372.npy,1.7715452579781412,0.17812301740050318
/path/to/Cls_scattered_01_wCont/Cls_scattered_01_wCont/Ha_OII_OIII_Cont/Cl_373.npy,/path/to/Cls_scattered_01_wCont/Cls_scattered_01_wCont/OII_all_cross/Cl_373.npy,/path/to/Cls_scattered_01_wCont/Cls_scattered_01_wCont/OIII_all_cross/Cl_373.npy,/path/to/Cls_scattered_01_wCont/Cls_scattered_01_wCont/OII_all_cross/Cl_373_1.npy,/path/to/Cls_scattered_01_wCont/Cls_scattered_01_wCont/OIII_all_cross/Cl_373_1.npy,/path/to/Cls_scattered_01_wCont/Cls_scattered_01_wCont/Shift7_all_cross/Cl_373.npy,/path/to/Cls_scattered_01_wCont/Cls_scattered_01_wCont/Ha/Cl_373.npy,/path/to/Cls_scattered_01_wCont/Cls_scattered_01_wCont/OII/Cl_373.npy,/path/to/Cls_scattered_01_wCont/Cls_scattered_01_wCont/OIII/Cl_373.npy,/path/to/Cls_scattered_01_wCont/Cls_scattered_01_wCont/Cont/Cl_373.npy,0.393264170922339,1.994989624246955
/path/to/Cls_scattered_01_wCont/Cls_scattered_01_wCont/Ha_OII_OIII_Cont/Cl_374.npy,/path/to/Cls_scattered_01_wCont/Cls_scattered_01_wCont/OII_all_cross/Cl_374.npy,/path/to/Cls_scattered_01_wCont/Cls_scattered_01_wCont/OIII_all_cross/Cl_374.npy,/path/to/Cls_scattered_01_wCont/Cls_scattered_01_wCont/OII_all_cross/Cl_374_1.npy,/path/to/Cls_scattered_01_wCont/Cls_scattered_01_wCont/OIII_all_cross/Cl_374_1.npy,/path/to/Cls_scattered_01_wCont/Cls_scattered_01_wCont/Shift7_all_cross/Cl_374.npy,/path/to/Cls_scattered_01_wCont/Cls_scattered_01_wCont/Ha/Cl_374.npy,/path/to/Cls_scattered_01_wCont/Cls_scattered_01_wCont/OII/Cl_374.npy,/path/to/Cls_scattered_01_wCont/Cls_scattered_01_wCont/OIII/Cl_374.npy,/path/to/Cls_scattered_01_wCont/Cls_scattered_01_wCont/Cont/Cl_374.npy,0.8766112693585455,0.6850704702548682
/path/to/Cls_scattered_01_wCont/Cls_scattered_01_wCont/Ha_OII_OIII_Cont/Cl_375.npy,/path/to/Cls_scattered_01_wCont/Cls_scattered_01_wCont/OII_all_cross/Cl_375.npy,/path/to/Cls_scattered_01_wCont/Cls_scattered_01_wCont/OIII_all_cross/Cl_375.npy,/path/to/Cls_scattered_01_wCont/Cls_scattered_01_wCont/OII_all_cross/Cl_375_1.npy,/path/to/Cls_scattered_01_wCont/Cls_scattered_01_wCont/OIII_all_cross/Cl_375_1.npy,/path/to/Cls_scattered_01_wCont/Cls_scattered_01_wCont/Shift7_all_cross/Cl_375.npy,/path/to/Cls_scattered_01_wCont/Cls_scattered_01_wCont/Ha/Cl_375.npy,/path/to/Cls_scattered_01_wCont/Cls_scattered_01_wCont/OII/Cl_375.npy,/path/to/Cls_scattered_01_wCont/Cls_scattered_01_wCont/OIII/Cl_375.npy,/path/to/Cls_scattered_01_wCont/Cls_scattered_01_wCont/Cont/Cl_375.npy,1.3920966838486493,1.487922357674688
/path/to/Cls_scattered_01_wCont/Cls_scattered_01_wCont/Ha_OII_OIII_Cont/Cl_376.npy,/path/to/Cls_scattered_01_wCont/Cls_scattered_01_wCont/OII_all_cross/Cl_376.npy,/path/to/Cls_scattered_01_wCont/Cls_scattered_01_wCont/OIII_all_cross/Cl_376.npy,/path/to/Cls_scattered_01_wCont/Cls_scattered_01_wCont/OII_all_cross/Cl_376_1.npy,/path/to/Cls_scattered_01_wCont/Cls_scattered_01_wCont/OIII_all_cross/Cl_376_1.npy,/path/to/Cls_scattered_01_wCont/Cls_scattered_01_wCont/Shift7_all_cross/Cl_376.npy,/path/to/Cls_scattered_01_wCont/Cls_scattered_01_wCont/Ha/Cl_376.npy,/path/to/Cls_scattered_01_wCont/Cls_scattered_01_wCont/OII/Cl_376.npy,/path/to/Cls_scattered_01_wCont/Cls_scattered_01_wCont/OIII/Cl_376.npy,/path/to/Cls_scattered_01_wCont/Cls_scattered_01_wCont/Cont/Cl_376.npy,1.5161406364291907,0.5281108156777918
/path/to/Cls_scattered_01_wCont/Cls_scattered_01_wCont/Ha_OII_OIII_Cont/Cl_377.npy,/path/to/Cls_scattered_01_wCont/Cls_scattered_01_wCont/OII_all_cross/Cl_377.npy,/path/to/Cls_scattered_01_wCont/Cls_scattered_01_wCont/OIII_all_cross/Cl_377.npy,/path/to/Cls_scattered_01_wCont/Cls_scattered_01_wCont/OII_all_cross/Cl_377_1.npy,/path/to/Cls_scattered_01_wCont/Cls_scattered_01_wCont/OIII_all_cross/Cl_377_1.npy,/path/to/Cls_scattered_01_wCont/Cls_scattered_01_wCont/Shift7_all_cross/Cl_377.npy,/path/to/Cls_scattered_01_wCont/Cls_scattered_01_wCont/Ha/Cl_377.npy,/path/to/Cls_scattered_01_wCont/Cls_scattered_01_wCont/OII/Cl_377.npy,/path/to/Cls_scattered_01_wCont/Cls_scattered_01_wCont/OIII/Cl_377.npy,/path/to/Cls_scattered_01_wCont/Cls_scattered_01_wCont/Cont/Cl_377.npy,0.9941882044076918,1.6176336725242435
/path/to/Cls_scattered_01_wCont/Cls_scattered_01_wCont/Ha_OII_OIII_Cont/Cl_378.npy,/path/to/Cls_scattered_01_wCont/Cls_scattered_01_wCont/OII_all_cross/Cl_378.npy,/path/to/Cls_scattered_01_wCont/Cls_scattered_01_wCont/OIII_all_cross/Cl_378.npy,/path/to/Cls_scattered_01_wCont/Cls_scattered_01_wCont/OII_all_cross/Cl_378_1.npy,/path/to/Cls_scattered_01_wCont/Cls_scattered_01_wCont/OIII_all_cross/Cl_378_1.npy,/path/to/Cls_scattered_01_wCont/Cls_scattered_01_wCont/Shift7_all_cross/Cl_378.npy,/path/to/Cls_scattered_01_wCont/Cls_scattered_01_wCont/Ha/Cl_378.npy,/path/to/Cls_scattered_01_wCont/Cls_scattered_01_wCont/OII/Cl_378.npy,/path/to/Cls_scattered_01_wCont/Cls_scattered_01_wCont/OIII/Cl_378.npy,/path/to/Cls_scattered_01_wCont/Cls_scattered_01_wCont/Cont/Cl_378.npy,0.5108352205716074,1.0350582649931312
/path/to/Cls_scattered_01_wCont/Cls_scattered_01_wCont/Ha_OII_OIII_Cont/Cl_379.npy,/path/to/Cls_scattered_01_wCont/Cls_scattered_01_wCont/OII_all_cross/Cl_379.npy,/path/to/Cls_scattered_01_wCont/Cls_scattered_01_wCont/OIII_all_cross/Cl_379.npy,/path/to/Cls_scattered_01_wCont/Cls_scattered_01_wCont/OII_all_cross/Cl_379_1.npy,/path/to/Cls_scattered_01_wCont/Cls_scattered_01_wCont/OIII_all_cross/Cl_379_1.npy,/path/to/Cls_scattered_01_wCont/Cls_scattered_01_wCont/Shift7_all_cross/Cl_379.npy,/path/to/Cls_scattered_01_wCont/Cls_scattered_01_wCont/Ha/Cl_379.npy,/path/to/Cls_scattered_01_wCont/Cls_scattered_01_wCont/OII/Cl_379.npy,/path/to/Cls_scattered_01_wCont/Cls_scattered_01_wCont/OIII/Cl_379.npy,/path/to/Cls_scattered_01_wCont/Cls_scattered_01_wCont/Cont/Cl_379.npy,1.8955797011964024,1.1105664024129511
/path/to/Cls_scattered_01_wCont/Cls_scattered_01_wCont/Ha_OII_OIII_Cont/Cl_380.npy,/path/to/Cls_scattered_01_wCont/Cls_scattered_01_wCont/OII_all_cross/Cl_380.npy,/path/to/Cls_scattered_01_wCont/Cls_scattered_01_wCont/OIII_all_cross/Cl_380.npy,/path/to/Cls_scattered_01_wCont/Cls_scattered_01_wCont/OII_all_cross/Cl_380_1.npy,/path/to/Cls_scattered_01_wCont/Cls_scattered_01_wCont/OIII_all_cross/Cl_380_1.npy,/path/to/Cls_scattered_01_wCont/Cls_scattered_01_wCont/Shift7_all_cross/Cl_380.npy,/path/to/Cls_scattered_01_wCont/Cls_scattered_01_wCont/Ha/Cl_380.npy,/path/to/Cls_scattered_01_wCont/Cls_scattered_01_wCont/OII/Cl_380.npy,/path/to/Cls_scattered_01_wCont/Cls_scattered_01_wCont/OIII/Cl_380.npy,/path/to/Cls_scattered_01_wCont/Cls_scattered_01_wCont/Cont/Cl_380.npy,1.739711749367416,0.7202571173198521
/path/to/Cls_scattered_01_wCont/Cls_scattered_01_wCont/Ha_OII_OIII_Cont/Cl_381.npy,/path/to/Cls_scattered_01_wCont/Cls_scattered_01_wCont/OII_all_cross/Cl_381.npy,/path/to/Cls_scattered_01_wCont/Cls_scattered_01_wCont/OIII_all_cross/Cl_381.npy,/path/to/Cls_scattered_01_wCont/Cls_scattered_01_wCont/OII_all_cross/Cl_381_1.npy,/path/to/Cls_scattered_01_wCont/Cls_scattered_01_wCont/OIII_all_cross/Cl_381_1.npy,/path/to/Cls_scattered_01_wCont/Cls_scattered_01_wCont/Shift7_all_cross/Cl_381.npy,/path/to/Cls_scattered_01_wCont/Cls_scattered_01_wCont/Ha/Cl_381.npy,/path/to/Cls_scattered_01_wCont/Cls_scattered_01_wCont/OII/Cl_381.npy,/path/to/Cls_scattered_01_wCont/Cls_scattered_01_wCont/OIII/Cl_381.npy,/path/to/Cls_scattered_01_wCont/Cls_scattered_01_wCont/Cont/Cl_381.npy,0.295562201179564,1.334112556371838
/path/to/Cls_scattered_01_wCont/Cls_scattered_01_wCont/Ha_OII_OIII_Cont/Cl_382.npy,/path/to/Cls_scattered_01_wCont/Cls_scattered_01_wCont/OII_all_cross/Cl_382.npy,/path/to/Cls_scattered_01_wCont/Cls_scattered_01_wCont/OIII_all_cross/Cl_382.npy,/path/to/Cls_scattered_01_wCont/Cls_scattered_01_wCont/OII_all_cross/Cl_382_1.npy,/path/to/Cls_scattered_01_wCont/Cls_scattered_01_wCont/OIII_all_cross/Cl_382_1.npy,/path/to/Cls_scattered_01_wCont/Cls_scattered_01_wCont/Shift7_all_cross/Cl_382.npy,/path/to/Cls_scattered_01_wCont/Cls_scattered_01_wCont/Ha/Cl_382.npy,/path/to/Cls_scattered_01_wCont/Cls_scattered_01_wCont/OII/Cl_382.npy,/path/to/Cls_scattered_01_wCont/Cls_scattered_01_wCont/OIII/Cl_382.npy,/path/to/Cls_scattered_01_wCont/Cls_scattered_01_wCont/Cont/Cl_382.npy,0.7343775966204702,0.27628325913101437
/path/to/Cls_scattered_01_wCont/Cls_scattered_01_wCont/Ha_OII_OIII_Cont/Cl_383.npy,/path/to/Cls_scattered_01_wCont/Cls_scattered_01_wCont/OII_all_cross/Cl_383.npy,/path/to/Cls_scattered_01_wCont/Cls_scattered_01_wCont/OIII_all_cross/Cl_383.npy,/path/to/Cls_scattered_01_wCont/Cls_scattered_01_wCont/OII_all_cross/Cl_383_1.npy,/path/to/Cls_scattered_01_wCont/Cls_scattered_01_wCont/OIII_all_cross/Cl_383_1.npy,/path/to/Cls_scattered_01_wCont/Cls_scattered_01_wCont/Shift7_all_cross/Cl_383.npy,/path/to/Cls_scattered_01_wCont/Cls_scattered_01_wCont/Ha/Cl_383.npy,/path/to/Cls_scattered_01_wCont/Cls_scattered_01_wCont/OII/Cl_383.npy,/path/to/Cls_scattered_01_wCont/Cls_scattered_01_wCont/OIII/Cl_383.npy,/path/to/Cls_scattered_01_wCont/Cls_scattered_01_wCont/Cont/Cl_383.npy,1.1969832842238248,1.777981542609632
/path/to/Cls_scattered_01_wCont/Cls_scattered_01_wCont/Ha_OII_OIII_Cont/Cl_384.npy,/path/to/Cls_scattered_01_wCont/Cls_scattered_01_wCont/OII_all_cross/Cl_384.npy,/path/to/Cls_scattered_01_wCont/Cls_scattered_01_wCont/OIII_all_cross/Cl_384.npy,/path/to/Cls_scattered_01_wCont/Cls_scattered_01_wCont/OII_all_cross/Cl_384_1.npy,/path/to/Cls_scattered_01_wCont/Cls_scattered_01_wCont/OIII_all_cross/Cl_384_1.npy,/path/to/Cls_scattered_01_wCont/Cls_scattered_01_wCont/Shift7_all_cross/Cl_384.npy,/path/to/Cls_scattered_01_wCont/Cls_scattered_01_wCont/Ha/Cl_384.npy,/path/to/Cls_scattered_01_wCont/Cls_scattered_01_wCont/OII/Cl_384.npy,/path/to/Cls_scattered_01_wCont/Cls_scattered_01_wCont/OIII/Cl_384.npy,/path/to/Cls_scattered_01_wCont/Cls_scattered_01_wCont/Cont/Cl_384.npy,1.1904190354980528,0.8948521886020898
/path/to/Cls_scattered_01_wCont/Cls_scattered_01_wCont/Ha_OII_OIII_Cont/Cl_385.npy,/path/to/Cls_scattered_01_wCont/Cls_scattered_01_wCont/OII_all_cross/Cl_385.npy,/path/to/Cls_scattered_01_wCont/Cls_scattered_01_wCont/OIII_all_cross/Cl_385.npy,/path/to/Cls_scattered_01_wCont/Cls_scattered_01_wCont/OII_all_cross/Cl_385_1.npy,/path/to/Cls_scattered_01_wCont/Cls_scattered_01_wCont/OIII_all_cross/Cl_385_1.npy,/path/to/Cls_scattered_01_wCont/Cls_scattered_01_wCont/Shift7_all_cross/Cl_385.npy,/path/to/Cls_scattered_01_wCont/Cls_scattered_01_wCont/Ha/Cl_385.npy,/path/to/Cls_scattered_01_wCont/Cls_scattered_01_wCont/OII/Cl_385.npy,/path/to/Cls_scattered_01_wCont/Cls_scattered_01_wCont/OIII/Cl_385.npy,/path/to/Cls_scattered_01_wCont/Cls_scattered_01_wCont/Cont/Cl_385.npy,0.7262172331102192,1.2786011055111886
/path/to/Cls_scattered_01_wCont/Cls_scattered_01_wCont/Ha_OII_OIII_Cont/Cl_386.npy,/path/to/Cls_scattered_01_wCont/Cls_scattered_01_wCont/OII_all_cross/Cl_386.npy,/path/to/Cls_scattered_01_wCont/Cls_scattered_01_wCont/OIII_all_cross/Cl_386.npy,/path/to/Cls_scattered_01_wCont/Cls_scattered_01_wCont/OII_all_cross/Cl_386_1.npy,/path/to/Cls_scattered_01_wCont/Cls_scattered_01_wCont/OIII_all_cross/Cl_386_1.npy,/path/to/Cls_scattered_01_wCont/Cls_scattered_01_wCont/Shift7_all_cross/Cl_386.npy,/path/to/Cls_scattered_01_wCont/Cls_scattered_01_wCont/Ha/Cl_386.npy,/path/to/Cls_scattered_01_wCont/Cls_scattered_01_wCont/OII/Cl_386.npy,/path/to/Cls_scattered_01_wCont/Cls_scattered_01_wCont/OIII/Cl_386.npy,/path/to/Cls_scattered_01_wCont/Cls_scattered_01_wCont/Cont/Cl_386.npy,0.3040960593149066,0.4509951218031347
/path/to/Cls_scattered_01_wCont/Cls_scattered_01_wCont/Ha_OII_OIII_Cont/Cl_387.npy,/path/to/Cls_scattered_01_wCont/Cls_scattered_01_wCont/OII_all_cross/Cl_387.npy,/path/to/Cls_scattered_01_wCont/Cls_scattered_01_wCont/OIII_all_cross/Cl_387.npy,/path/to/Cls_scattered_01_wCont/Cls_scattered_01_wCont/OII_all_cross/Cl_387_1.npy,/path/to/Cls_scattered_01_wCont/Cls_scattered_01_wCont/OIII_all_cross/Cl_387_1.npy,/path/to/Cls_scattered_01_wCont/Cls_scattered_01_wCont/Shift7_all_cross/Cl_387.npy,/path/to/Cls_scattered_01_wCont/Cls_scattered_01_wCont/Ha/Cl_387.npy,/path/to/Cls_scattered_01_wCont/Cls_scattered_01_wCont/OII/Cl_387.npy,/path/to/Cls_scattered_01_wCont/Cls_scattered_01_wCont/OIII/Cl_387.npy,/path/to/Cls_scattered_01_wCont/Cls_scattered_01_wCont/Cont/Cl_387.npy,1.7461271891370416,1.7225847880356013
/path/to/Cls_scattered_01_wCont/Cls_scattered_01_wCont/Ha_OII_OIII_Cont/Cl_388.npy,/path/to/Cls_scattered_01_wCont/Cls_scattered_01_wCont/OII_all_cross/Cl_388.npy,/path/to/Cls_scattered_01_wCont/Cls_scattered_01_wCont/OIII_all_cross/Cl_388.npy,/path/to/Cls_scattered_01_wCont/Cls_scattered_01_wCont/OII_all_cross/Cl_388_1.npy,/path/to/Cls_scattered_01_wCont/Cls_scattered_01_wCont/OIII_all_cross/Cl_388_1.npy,/path/to/Cls_scattered_01_wCont/Cls_scattered_01_wCont/Shift7_all_cross/Cl_388.npy,/path/to/Cls_scattered_01_wCont/Cls_scattered_01_wCont/Ha/Cl_388.npy,/path/to/Cls_scattered_01_wCont/Cls_scattered_01_wCont/OII/Cl_388.npy,/path/to/Cls_scattered_01_wCont/Cls_scattered_01_wCont/OIII/Cl_388.npy,/path/to/Cls_scattered_01_wCont/Cls_scattered_01_wCont/Cont/Cl_388.npy,1.88707732623443,0.10847789198160172
/path/to/Cls_scattered_01_wCont/Cls_scattered_01_wCont/Ha_OII_OIII_Cont/Cl_389.npy,/path/to/Cls_scattered_01_wCont/Cls_scattered_01_wCont/OII_all_cross/Cl_389.npy,/path/to/Cls_scattered_01_wCont/Cls_scattered_01_wCont/OIII_all_cross/Cl_389.npy,/path/to/Cls_scattered_01_wCont/Cls_scattered_01_wCont/OII_all_cross/Cl_389_1.npy,/path/to/Cls_scattered_01_wCont/Cls_scattered_01_wCont/OIII_all_cross/Cl_389_1.npy,/path/to/Cls_scattered_01_wCont/Cls_scattered_01_wCont/Shift7_all_cross/Cl_389.npy,/path/to/Cls_scattered_01_wCont/Cls_scattered_01_wCont/Ha/Cl_389.npy,/path/to/Cls_scattered_01_wCont/Cls_scattered_01_wCont/OII/Cl_389.npy,/path/to/Cls_scattered_01_wCont/Cls_scattered_01_wCont/OIII/Cl_389.npy,/path/to/Cls_scattered_01_wCont/Cls_scattered_01_wCont/Cont/Cl_389.npy,0.5043892036192119,1.9179510209709405
/path/to/Cls_scattered_01_wCont/Cls_scattered_01_wCont/Ha_OII_OIII_Cont/Cl_390.npy,/path/to/Cls_scattered_01_wCont/Cls_scattered_01_wCont/OII_all_cross/Cl_390.npy,/path/to/Cls_scattered_01_wCont/Cls_scattered_01_wCont/OIII_all_cross/Cl_390.npy,/path/to/Cls_scattered_01_wCont/Cls_scattered_01_wCont/OII_all_cross/Cl_390_1.npy,/path/to/Cls_scattered_01_wCont/Cls_scattered_01_wCont/OIII_all_cross/Cl_390_1.npy,/path/to/Cls_scattered_01_wCont/Cls_scattered_01_wCont/Shift7_all_cross/Cl_390.npy,/path/to/Cls_scattered_01_wCont/Cls_scattered_01_wCont/Ha/Cl_390.npy,/path/to/Cls_scattered_01_wCont/Cls_scattered_01_wCont/OII/Cl_390.npy,/path/to/Cls_scattered_01_wCont/Cls_scattered_01_wCont/OIII/Cl_390.npy,/path/to/Cls_scattered_01_wCont/Cls_scattered_01_wCont/Cont/Cl_390.npy,1.0007245939224958,0.61554049057886
/path/to/Cls_scattered_01_wCont/Cls_scattered_01_wCont/Ha_OII_OIII_Cont/Cl_391.npy,/path/to/Cls_scattered_01_wCont/Cls_scattered_01_wCont/OII_all_cross/Cl_391.npy,/path/to/Cls_scattered_01_wCont/Cls_scattered_01_wCont/OIII_all_cross/Cl_391.npy,/path/to/Cls_scattered_01_wCont/Cls_scattered_01_wCont/OII_all_cross/Cl_391_1.npy,/path/to/Cls_scattered_01_wCont/Cls_scattered_01_wCont/OIII_all_cross/Cl_391_1.npy,/path/to/Cls_scattered_01_wCont/Cls_scattered_01_wCont/Shift7_all_cross/Cl_391.npy,/path/to/Cls_scattered_01_wCont/Cls_scattered_01_wCont/Ha/Cl_391.npy,/path/to/Cls_scattered_01_wCont/Cls_scattered_01_wCont/OII/Cl_391.npy,/path/to/Cls_scattered_01_wCont/Cls_scattered_01_wCont/OIII/Cl_391.npy,/path/to/Cls_scattered_01_wCont/Cls_scattered_01_wCont/Cont/Cl_391.npy,1.524327953159809,1.4110009952448308
/path/to/Cls_scattered_01_wCont/Cls_scattered_01_wCont/Ha_OII_OIII_Cont/Cl_392.npy,/path/to/Cls_scattered_01_wCont/Cls_scattered_01_wCont/OII_all_cross/Cl_392.npy,/path/to/Cls_scattered_01_wCont/Cls_scattered_01_wCont/OIII_all_cross/Cl_392.npy,/path/to/Cls_scattered_01_wCont/Cls_scattered_01_wCont/OII_all_cross/Cl_392_1.npy,/path/to/Cls_scattered_01_wCont/Cls_scattered_01_wCont/OIII_all_cross/Cl_392_1.npy,/path/to/Cls_scattered_01_wCont/Cls_scattered_01_wCont/Shift7_all_cross/Cl_392.npy,/path/to/Cls_scattered_01_wCont/Cls_scattered_01_wCont/Ha/Cl_392.npy,/path/to/Cls_scattered_01_wCont/Cls_scattered_01_wCont/OII/Cl_392.npy,/path/to/Cls_scattered_01_wCont/Cls_scattered_01_wCont/OIII/Cl_392.npy,/path/to/Cls_scattered_01_wCont/Cls_scattered_01_wCont/Cont/Cl_392.npy,1.4002608978189528,0.47145397150889035
/path/to/Cls_scattered_01_wCont/Cls_scattered_01_wCont/Ha_OII_OIII_Cont/Cl_393.npy,/path/to/Cls_scattered_01_wCont/Cls_scattered_01_wCont/OII_all_cross/Cl_393.npy,/path/to/Cls_scattered_01_wCont/Cls_scattered_01_wCont/OIII_all_cross/Cl_393.npy,/path/to/Cls_scattered_01_wCont/Cls_scattered_01_wCont/OII_all_cross/Cl_393_1.npy,/path/to/Cls_scattered_01_wCont/Cls_scattered_01_wCont/OIII_all_cross/Cl_393_1.npy,/path/to/Cls_scattered_01_wCont/Cls_scattered_01_wCont/Shift7_all_cross/Cl_393.npy,/path/to/Cls_scattered_01_wCont/Cls_scattered_01_wCont/Ha/Cl_393.npy,/path/to/Cls_scattered_01_wCont/Cls_scattered_01_wCont/OII/Cl_393.npy,/path/to/Cls_scattered_01_wCont/Cls_scattered_01_wCont/OIII/Cl_393.npy,/path/to/Cls_scattered_01_wCont/Cls_scattered_01_wCont/Cont/Cl_393.npy,0.8831789155490696,1.5832708504982294
/path/to/Cls_scattered_01_wCont/Cls_scattered_01_wCont/Ha_OII_OIII_Cont/Cl_394.npy,/path/to/Cls_scattered_01_wCont/Cls_scattered_01_wCont/OII_all_cross/Cl_394.npy,/path/to/Cls_scattered_01_wCont/Cls_scattered_01_wCont/OIII_all_cross/Cl_394.npy,/path/to/Cls_scattered_01_wCont/Cls_scattered_01_wCont/OII_all_cross/Cl_394_1.npy,/path/to/Cls_scattered_01_wCont/Cls_scattered_01_wCont/OIII_all_cross/Cl_394_1.npy,/path/to/Cls_scattered_01_wCont/Cls_scattered_01_wCont/Shift7_all_cross/Cl_394.npy,/path/to/Cls_scattered_01_wCont/Cls_scattered_01_wCont/Ha/Cl_394.npy,/path/to/Cls_scattered_01_wCont/Cls_scattered_01_wCont/OII/Cl_394.npy,/path/to/Cls_scattered_01_wCont/Cls_scattered_01_wCont/OIII/Cl_394.npy,/path/to/Cls_scattered_01_wCont/Cls_scattered_01_wCont/Cont/Cl_394.npy,0.3868376327678561,0.9785165665671228
/path/to/Cls_scattered_01_wCont/Cls_scattered_01_wCont/Ha_OII_OIII_Cont/Cl_395.npy,/path/to/Cls_scattered_01_wCont/Cls_scattered_01_wCont/OII_all_cross/Cl_395.npy,/path/to/Cls_scattered_01_wCont/Cls_scattered_01_wCont/OIII_all_cross/Cl_395.npy,/path/to/Cls_scattered_01_wCont/Cls_scattered_01_wCont/OII_all_cross/Cl_395_1.npy,/path/to/Cls_scattered_01_wCont/Cls_scattered_01_wCont/OIII_all_cross/Cl_395_1.npy,/path/to/Cls_scattered_01_wCont/Cls_scattered_01_wCont/Shift7_all_cross/Cl_395.npy,/path/to/Cls_scattered_01_wCont/Cls_scattered_01_wCont/Ha/Cl_395.npy,/path/to/Cls_scattered_01_wCont/Cls_scattered_01_wCont/OII/Cl_395.npy,/path/to/Cls_scattered_01_wCont/Cls_scattered_01_wCont/OIII/Cl_395.npy,/path/to/Cls_scattered_01_wCont/Cls_scattered_01_wCont/Cont/Cl_395.npy,1.7630007544532418,1.0763208212330937
/path/to/Cls_scattered_01_wCont/Cls_scattered_01_wCont/Ha_OII_OIII_Cont/Cl_396.npy,/path/to/Cls_scattered_01_wCont/Cls_scattered_01_wCont/OII_all_cross/Cl_396.npy,/path/to/Cls_scattered_01_wCont/Cls_scattered_01_wCont/OIII_all_cross/Cl_396.npy,/path/to/Cls_scattered_01_wCont/Cls_scattered_01_wCont/OII_all_cross/Cl_396_1.npy,/path/to/Cls_scattered_01_wCont/Cls_scattered_01_wCont/OIII_all_cross/Cl_396_1.npy,/path/to/Cls_scattered_01_wCont/Cls_scattered_01_wCont/Shift7_all_cross/Cl_396.npy,/path/to/Cls_scattered_01_wCont/Cls_scattered_01_wCont/Ha/Cl_396.npy,/path/to/Cls_scattered_01_wCont/Cls_scattered_01_wCont/OII/Cl_396.npy,/path/to/Cls_scattered_01_wCont/Cls_scattered_01_wCont/OIII/Cl_396.npy,/path/to/Cls_scattered_01_wCont/Cls_scattered_01_wCont/Cont/Cl_396.npy,1.6220343626104294,0.7545323696918785
/path/to/Cls_scattered_01_wCont/Cls_scattered_01_wCont/Ha_OII_OIII_Cont/Cl_397.npy,/path/to/Cls_scattered_01_wCont/Cls_scattered_01_wCont/OII_all_cross/Cl_397.npy,/path/to/Cls_scattered_01_wCont/Cls_scattered_01_wCont/OIII_all_cross/Cl_397.npy,/path/to/Cls_scattered_01_wCont/Cls_scattered_01_wCont/OII_all_cross/Cl_397_1.npy,/path/to/Cls_scattered_01_wCont/Cls_scattered_01_wCont/OIII_all_cross/Cl_397_1.npy,/path/to/Cls_scattered_01_wCont/Cls_scattered_01_wCont/Shift7_all_cross/Cl_397.npy,/path/to/Cls_scattered_01_wCont/Cls_scattered_01_wCont/Ha/Cl_397.npy,/path/to/Cls_scattered_01_wCont/Cls_scattered_01_wCont/OII/Cl_397.npy,/path/to/Cls_scattered_01_wCont/Cls_scattered_01_wCont/OIII/Cl_397.npy,/path/to/Cls_scattered_01_wCont/Cls_scattered_01_wCont/Cont/Cl_397.npy,0.1864665131084621,1.3906250366009771
/path/to/Cls_scattered_01_wCont/Cls_scattered_01_wCont/Ha_OII_OIII_Cont/Cl_398.npy,/path/to/Cls_scattered_01_wCont/Cls_scattered_01_wCont/OII_all_cross/Cl_398.npy,/path/to/Cls_scattered_01_wCont/Cls_scattered_01_wCont/OIII_all_cross/Cl_398.npy,/path/to/Cls_scattered_01_wCont/Cls_scattered_01_wCont/OII_all_cross/Cl_398_1.npy,/path/to/Cls_scattered_01_wCont/Cls_scattered_01_wCont/OIII_all_cross/Cl_398_1.npy,/path/to/Cls_scattered_01_wCont/Cls_scattered_01_wCont/Shift7_all_cross/Cl_398.npy,/path/to/Cls_scattered_01_wCont/Cls_scattered_01_wCont/Ha/Cl_398.npy,/path/to/Cls_scattered_01_wCont/Cls_scattered_01_wCont/OII/Cl_398.npy,/path/to/Cls_scattered_01_wCont/Cls_scattered_01_wCont/OIII/Cl_398.npy,/path/to/Cls_scattered_01_wCont/Cls_scattered_01_wCont/Cont/Cl_398.npy,0.6085827004164457,0.3106752993538976
/path/to/Cls_scattered_01_wCont/Cls_scattered_01_wCont/Ha_OII_OIII_Cont/Cl_399.npy,/path/to/Cls_scattered_01_wCont/Cls_scattered_01_wCont/OII_all_cross/Cl_399.npy,/path/to/Cls_scattered_01_wCont/Cls_scattered_01_wCont/OIII_all_cross/Cl_399.npy,/path/to/Cls_scattered_01_wCont/Cls_scattered_01_wCont/OII_all_cross/Cl_399_1.npy,/path/to/Cls_scattered_01_wCont/Cls_scattered_01_wCont/OIII_all_cross/Cl_399_1.npy,/path/to/Cls_scattered_01_wCont/Cls_scattered_01_wCont/Shift7_all_cross/Cl_399.npy,/path/to/Cls_scattered_01_wCont/Cls_scattered_01_wCont/Ha/Cl_399.npy,/path/to/Cls_scattered_01_wCont/Cls_scattered_01_wCont/OII/Cl_399.npy,/path/to/Cls_scattered_01_wCont/Cls_scattered_01_wCont/OIII/Cl_399.npy,/path/to/Cls_scattered_01_wCont/Cls_scattered_01_wCont/Cont/Cl_399.npy,1.0663175985217095,1.8346087155863642
/path/to/Cls_scattered_01_wCont/Cls_scattered_01_wCont/Ha_OII_OIII_Cont/Cl_400.npy,/path/to/Cls_scattered_01_wCont/Cls_scattered_01_wCont/OII_all_cross/Cl_400.npy,/path/to/Cls_scattered_01_wCont/Cls_scattered_01_wCont/OIII_all_cross/Cl_400.npy,/path/to/Cls_scattered_01_wCont/Cls_scattered_01_wCont/OII_all_cross/Cl_400_1.npy,/path/to/Cls_scattered_01_wCont/Cls_scattered_01_wCont/OIII_all_cross/Cl_400_1.npy,/path/to/Cls_scattered_01_wCont/Cls_scattered_01_wCont/Shift7_all_cross/Cl_400.npy,/path/to/Cls_scattered_01_wCont/Cls_scattered_01_wCont/Ha/Cl_400.npy,/path/to/Cls_scattered_01_wCont/Cls_scattered_01_wCont/OII/Cl_400.npy,/path/to/Cls_scattered_01_wCont/Cls_scattered_01_wCont/OIII/Cl_400.npy,/path/to/Cls_scattered_01_wCont/Cls_scattered_01_wCont/Cont/Cl_400.npy,1.1626452548429371,0.22165932692587376
/path/to/Cls_scattered_01_wCont/Cls_scattered_01_wCont/Ha_OII_OIII_Cont/Cl_401.npy,/path/to/Cls_scattered_01_wCont/Cls_scattered_01_wCont/OII_all_cross/Cl_401.npy,/path/to/Cls_scattered_01_wCont/Cls_scattered_01_wCont/OIII_all_cross/Cl_401.npy,/path/to/Cls_scattered_01_wCont/Cls_scattered_01_wCont/OII_all_cross/Cl_401_1.npy,/path/to/Cls_scattered_01_wCont/Cls_scattered_01_wCont/OIII_all_cross/Cl_401_1.npy,/path/to/Cls_scattered_01_wCont/Cls_scattered_01_wCont/Shift7_all_cross/Cl_401.npy,/path/to/Cls_scattered_01_wCont/Cls_scattered_01_wCont/Ha/Cl_401.npy,/path/to/Cls_scattered_01_wCont/Cls_scattered_01_wCont/OII/Cl_401.npy,/path/to/Cls_scattered_01_wCont/Cls_scattered_01_wCont/OIII/Cl_401.npy,/path/to/Cls_scattered_01_wCont/Cls_scattered_01_wCont/Cont/Cl_401.npy,0.6462583372369408,1.8047661885619164
/path/to/Cls_scattered_01_wCont/Cls_scattered_01_wCont/Ha_OII_OIII_Cont/Cl_402.npy,/path/to/Cls_scattered_01_wCont/Cls_scattered_01_wCont/OII_all_cross/Cl_402.npy,/path/to/Cls_scattered_01_wCont/Cls_scattered_01_wCont/OIII_all_cross/Cl_402.npy,/path/to/Cls_scattered_01_wCont/Cls_scattered_01_wCont/OII_all_cross/Cl_402_1.npy,/path/to/Cls_scattered_01_wCont/Cls_scattered_01_wCont/OIII_all_cross/Cl_402_1.npy,/path/to/Cls_scattered_01_wCont/Cls_scattered_01_wCont/Shift7_all_cross/Cl_402.npy,/path/to/Cls_scattered_01_wCont/Cls_scattered_01_wCont/Ha/Cl_402.npy,/path/to/Cls_scattered_01_wCont/Cls_scattered_01_wCont/OII/Cl_402.npy,/path/to/Cls_scattered_01_wCont/Cls_scattered_01_wCont/OIII/Cl_402.npy,/path/to/Cls_scattered_01_wCont/Cls_scattered_01_wCont/Cont/Cl_402.npy,0.14991793567314743,0.7250153197906911
/path/to/Cls_scattered_01_wCont/Cls_scattered_01_wCont/Ha_OII_OIII_Cont/Cl_403.npy,/path/to/Cls_scattered_01_wCont/Cls_scattered_01_wCont/OII_all_cross/Cl_403.npy,/path/to/Cls_scattered_01_wCont/Cls_scattered_01_wCont/OIII_all_cross/Cl_403.npy,/path/to/Cls_scattered_01_wCont/Cls_scattered_01_wCont/OII_all_cross/Cl_403_1.npy,/path/to/Cls_scattered_01_wCont/Cls_scattered_01_wCont/OIII_all_cross/Cl_403_1.npy,/path/to/Cls_scattered_01_wCont/Cls_scattered_01_wCont/Shift7_all_cross/Cl_403.npy,/path/to/Cls_scattered_01_wCont/Cls_scattered_01_wCont/Ha/Cl_403.npy,/path/to/Cls_scattered_01_wCont/Cls_scattered_01_wCont/OII/Cl_403.npy,/path/to/Cls_scattered_01_wCont/Cls_scattered_01_wCont/OIII/Cl_403.npy,/path/to/Cls_scattered_01_wCont/Cls_scattered_01_wCont/Cont/Cl_403.npy,1.525384180713445,1.301529563497752
/path/to/Cls_scattered_01_wCont/Cls_scattered_01_wCont/Ha_OII_OIII_Cont/Cl_404.npy,/path/to/Cls_scattered_01_wCont/Cls_scattered_01_wCont/OII_all_cross/Cl_404.npy,/path/to/Cls_scattered_01_wCont/Cls_scattered_01_wCont/OIII_all_cross/Cl_404.npy,/path/to/Cls_scattered_01_wCont/Cls_scattered_01_wCont/OII_all_cross/Cl_404_1.npy,/path/to/Cls_scattered_01_wCont/Cls_scattered_01_wCont/OIII_all_cross/Cl_404_1.npy,/path/to/Cls_scattered_01_wCont/Cls_scattered_01_wCont/Shift7_all_cross/Cl_404.npy,/path/to/Cls_scattered_01_wCont/Cls_scattered_01_wCont/Ha/Cl_404.npy,/path/to/Cls_scattered_01_wCont/Cls_scattered_01_wCont/OII/Cl_404.npy,/path/to/Cls_scattered_01_wCont/Cls_scattered_01_wCont/OIII/Cl_404.npy,/path/to/Cls_scattered_01_wCont/Cls_scattered_01_wCont/Cont/Cl_404.npy,1.8594189744442702,1.0080415651202201
/path/to/Cls_scattered_01_wCont/Cls_scattered_01_wCont/Ha_OII_OIII_Cont/Cl_405.npy,/path/to/Cls_scattered_01_wCont/Cls_scattered_01_wCont/OII_all_cross/Cl_405.npy,/path/to/Cls_scattered_01_wCont/Cls_scattered_01_wCont/OIII_all_cross/Cl_405.npy,/path/to/Cls_scattered_01_wCont/Cls_scattered_01_wCont/OII_all_cross/Cl_405_1.npy,/path/to/Cls_scattered_01_wCont/Cls_scattered_01_wCont/OIII_all_cross/Cl_405_1.npy,/path/to/Cls_scattered_01_wCont/Cls_scattered_01_wCont/Shift7_all_cross/Cl_405.npy,/path/to/Cls_scattered_01_wCont/Cls_scattered_01_wCont/Ha/Cl_405.npy,/path/to/Cls_scattered_01_wCont/Cls_scattered_01_wCont/OII/Cl_405.npy,/path/to/Cls_scattered_01_wCont/Cls_scattered_01_wCont/OIII/Cl_405.npy,/path/to/Cls_scattered_01_wCont/Cls_scattered_01_wCont/Cont/Cl_405.npy,0.42454584985971455,1.165422374382615
/path/to/Cls_scattered_01_wCont/Cls_scattered_01_wCont/Ha_OII_OIII_Cont/Cl_406.npy,/path/to/Cls_scattered_01_wCont/Cls_scattered_01_wCont/OII_all_cross/Cl_406.npy,/path/to/Cls_scattered_01_wCont/Cls_scattered_01_wCont/OIII_all_cross/Cl_406.npy,/path/to/Cls_scattered_01_wCont/Cls_scattered_01_wCont/OII_all_cross/Cl_406_1.npy,/path/to/Cls_scattered_01_wCont/Cls_scattered_01_wCont/OIII_all_cross/Cl_406_1.npy,/path/to/Cls_scattered_01_wCont/Cls_scattered_01_wCont/Shift7_all_cross/Cl_406.npy,/path/to/Cls_scattered_01_wCont/Cls_scattered_01_wCont/Ha/Cl_406.npy,/path/to/Cls_scattered_01_wCont/Cls_scattered_01_wCont/OII/Cl_406.npy,/path/to/Cls_scattered_01_wCont/Cls_scattered_01_wCont/OIII/Cl_406.npy,/path/to/Cls_scattered_01_wCont/Cls_scattered_01_wCont/Cont/Cl_406.npy,0.8466629750095307,0.5604619811289012
/path/to/Cls_scattered_01_wCont/Cls_scattered_01_wCont/Ha_OII_OIII_Cont/Cl_407.npy,/path/to/Cls_scattered_01_wCont/Cls_scattered_01_wCont/OII_all_cross/Cl_407.npy,/path/to/Cls_scattered_01_wCont/Cls_scattered_01_wCont/OIII_all_cross/Cl_407.npy,/path/to/Cls_scattered_01_wCont/Cls_scattered_01_wCont/OII_all_cross/Cl_407_1.npy,/path/to/Cls_scattered_01_wCont/Cls_scattered_01_wCont/OIII_all_cross/Cl_407_1.npy,/path/to/Cls_scattered_01_wCont/Cls_scattered_01_wCont/Shift7_all_cross/Cl_407.npy,/path/to/Cls_scattered_01_wCont/Cls_scattered_01_wCont/Ha/Cl_407.npy,/path/to/Cls_scattered_01_wCont/Cls_scattered_01_wCont/OII/Cl_407.npy,/path/to/Cls_scattered_01_wCont/Cls_scattered_01_wCont/OIII/Cl_407.npy,/path/to/Cls_scattered_01_wCont/Cls_scattered_01_wCont/Cont/Cl_407.npy,1.3037013362161816,1.613107283320278
/path/to/Cls_scattered_01_wCont/Cls_scattered_01_wCont/Ha_OII_OIII_Cont/Cl_408.npy,/path/to/Cls_scattered_01_wCont/Cls_scattered_01_wCont/OII_all_cross/Cl_408.npy,/path/to/Cls_scattered_01_wCont/Cls_scattered_01_wCont/OIII_all_cross/Cl_408.npy,/path/to/Cls_scattered_01_wCont/Cls_scattered_01_wCont/OII_all_cross/Cl_408_1.npy,/path/to/Cls_scattered_01_wCont/Cls_scattered_01_wCont/OIII_all_cross/Cl_408_1.npy,/path/to/Cls_scattered_01_wCont/Cls_scattered_01_wCont/Shift7_all_cross/Cl_408.npy,/path/to/Cls_scattered_01_wCont/Cls_scattered_01_wCont/Ha/Cl_408.npy,/path/to/Cls_scattered_01_wCont/Cls_scattered_01_wCont/OII/Cl_408.npy,/path/to/Cls_scattered_01_wCont/Cls_scattered_01_wCont/OIII/Cl_408.npy,/path/to/Cls_scattered_01_wCont/Cls_scattered_01_wCont/Cont/Cl_408.npy,1.4282666934654118,0.6450654962100089
/path/to/Cls_scattered_01_wCont/Cls_scattered_01_wCont/Ha_OII_OIII_Cont/Cl_409.npy,/path/to/Cls_scattered_01_wCont/Cls_scattered_01_wCont/OII_all_cross/Cl_409.npy,/path/to/Cls_scattered_01_wCont/Cls_scattered_01_wCont/OIII_all_cross/Cl_409.npy,/path/to/Cls_scattered_01_wCont/Cls_scattered_01_wCont/OII_all_cross/Cl_409_1.npy,/path/to/Cls_scattered_01_wCont/Cls_scattered_01_wCont/OIII_all_cross/Cl_409_1.npy,/path/to/Cls_scattered_01_wCont/Cls_scattered_01_wCont/Shift7_all_cross/Cl_409.npy,/path/to/Cls_scattered_01_wCont/Cls_scattered_01_wCont/Ha/Cl_409.npy,/path/to/Cls_scattered_01_wCont/Cls_scattered_01_wCont/OII/Cl_409.npy,/path/to/Cls_scattered_01_wCont/Cls_scattered_01_wCont/OIII/Cl_409.npy,/path/to/Cls_scattered_01_wCont/Cls_scattered_01_wCont/Cont/Cl_409.npy,0.962905845977366,1.500102555472404
/path/to/Cls_scattered_01_wCont/Cls_scattered_01_wCont/Ha_OII_OIII_Cont/Cl_410.npy,/path/to/Cls_scattered_01_wCont/Cls_scattered_01_wCont/OII_all_cross/Cl_410.npy,/path/to/Cls_scattered_01_wCont/Cls_scattered_01_wCont/OIII_all_cross/Cl_410.npy,/path/to/Cls_scattered_01_wCont/Cls_scattered_01_wCont/OII_all_cross/Cl_410_1.npy,/path/to/Cls_scattered_01_wCont/Cls_scattered_01_wCont/OIII_all_cross/Cl_410_1.npy,/path/to/Cls_scattered_01_wCont/Cls_scattered_01_wCont/Shift7_all_cross/Cl_410.npy,/path/to/Cls_scattered_01_wCont/Cls_scattered_01_wCont/Ha/Cl_410.npy,/path/to/Cls_scattered_01_wCont/Cls_scattered_01_wCont/OII/Cl_410.npy,/path/to/Cls_scattered_01_wCont/Cls_scattered_01_wCont/OIII/Cl_410.npy,/path/to/Cls_scattered_01_wCont/Cls_scattered_01_wCont/Cont/Cl_410.npy,0.5407837414182722,0.19748590867966415
/path/to/Cls_scattered_01_wCont/Cls_scattered_01_wCont/Ha_OII_OIII_Cont/Cl_411.npy,/path/to/Cls_scattered_01_wCont/Cls_scattered_01_wCont/OII_all_cross/Cl_411.npy,/path/to/Cls_scattered_01_wCont/Cls_scattered_01_wCont/OIII_all_cross/Cl_411.npy,/path/to/Cls_scattered_01_wCont/Cls_scattered_01_wCont/OII_all_cross/Cl_411_1.npy,/path/to/Cls_scattered_01_wCont/Cls_scattered_01_wCont/OIII_all_cross/Cl_411_1.npy,/path/to/Cls_scattered_01_wCont/Cls_scattered_01_wCont/Shift7_all_cross/Cl_411.npy,/path/to/Cls_scattered_01_wCont/Cls_scattered_01_wCont/Ha/Cl_411.npy,/path/to/Cls_scattered_01_wCont/Cls_scattered_01_wCont/OII/Cl_411.npy,/path/to/Cls_scattered_01_wCont/Cls_scattered_01_wCont/OIII/Cl_411.npy,/path/to/Cls_scattered_01_wCont/Cls_scattered_01_wCont/Cont/Cl_411.npy,1.9839757283218205,1.9477874608710408
/path/to/Cls_scattered_01_wCont/Cls_scattered_01_wCont/Ha_OII_OIII_Cont/Cl_412.npy,/path/to/Cls_scattered_01_wCont/Cls_scattered_01_wCont/OII_all_cross/Cl_412.npy,/path/to/Cls_scattered_01_wCont/Cls_scattered_01_wCont/OIII_all_cross/Cl_412.npy,/path/to/Cls_scattered_01_wCont/Cls_scattered_01_wCont/OII_all_cross/Cl_412_1.npy,/path/to/Cls_scattered_01_wCont/Cls_scattered_01_wCont/OIII_all_cross/Cl_412_1.npy,/path/to/Cls_scattered_01_wCont/Cls_scattered_01_wCont/Shift7_all_cross/Cl_412.npy,/path/to/Cls_scattered_01_wCont/Cls_scattered_01_wCont/Ha/Cl_412.npy,/path/to/Cls_scattered_01_wCont/Cls_scattered_01_wCont/OII/Cl_412.npy,/path/to/Cls_scattered_01_wCont/Cls_scattered_01_wCont/OIII/Cl_412.npy,/path/to/Cls_scattered_01_wCont/Cls_scattered_01_wCont/Cont/Cl_412.npy,1.6499245595186949,0.3619791564531625
/path/to/Cls_scattered_01_wCont/Cls_scattered_01_wCont/Ha_OII_OIII_Cont/Cl_413.npy,/path/to/Cls_scattered_01_wCont/Cls_scattered_01_wCont/OII_all_cross/Cl_413.npy,/path/to/Cls_scattered_01_wCont/Cls_scattered_01_wCont/OIII_all_cross/Cl_413.npy,/path/to/Cls_scattered_01_wCont/Cls_scattered_01_wCont/OII_all_cross/Cl_413_1.npy,/path/to/Cls_scattered_01_wCont/Cls_scattered_01_wCont/OIII_all_cross/Cl_413_1.npy,/path/to/Cls_scattered_01_wCont/Cls_scattered_01_wCont/Shift7_all_cross/Cl_413.npy,/path/to/Cls_scattered_01_wCont/Cls_scattered_01_wCont/Ha/Cl_413.npy,/path/to/Cls_scattered_01_wCont/Cls_scattered_01_wCont/OII/Cl_413.npy,/path/to/Cls_scattered_01_wCont/Cls_scattered_01_wCont/OIII/Cl_413.npy,/path/to/Cls_scattered_01_wCont/Cls_scattered_01_wCont/Cont/Cl_413.npy,0.26607795804739,1.692742268089205
/path/to/Cls_scattered_01_wCont/Cls_scattered_01_wCont/Ha_OII_OIII_Cont/Cl_414.npy,/path/to/Cls_scattered_01_wCont/Cls_scattered_01_wCont/OII_all_cross/Cl_414.npy,/path/to/Cls_scattered_01_wCont/Cls_scattered_01_wCont/OIII_all_cross/Cl_414.npy,/path/to/Cls_scattered_01_wCont/Cls_scattered_01_wCont/OII_all_cross/Cl_414_1.npy,/path/to/Cls_scattered_01_wCont/Cls_scattered_01_wCont/OIII_all_cross/Cl_414_1.npy,/path/to/Cls_scattered_01_wCont/Cls_scattered_01_wCont/Shift7_all_cross/Cl_414.npy,/path/to/Cls_scattered_01_wCont/Cls_scattered_01_wCont/Ha/Cl_414.npy,/path/to/Cls_scattered_01_wCont/Cls_scattered_01_wCont/OII/Cl_414.npy,/path/to/Cls_scattered_01_wCont/Cls_scattered_01_wCont/OIII/Cl_414.npy,/path/to/Cls_scattered_01_wCont/Cls_scattered_01_wCont/Cont/Cl_414.npy,0.7624124742113053,0.865335145778954
/path/to/Cls_scattered_01_wCont/Cls_scattered_01_wCont/Ha_OII_OIII_Cont/Cl_415.npy,/path/to/Cls_scattered_01_wCont/Cls_scattered_01_wCont/OII_all_cross/Cl_415.npy,/path/to/Cls_scattered_01_wCont/Cls_scattered_01_wCont/OIII_all_cross/Cl_415.npy,/path/to/Cls_scattered_01_wCont/Cls_scattered_01_wCont/OII_all_cross/Cl_415_1.npy,/path/to/Cls_scattered_01_wCont/Cls_scattered_01_wCont/OIII_all_cross/Cl_415_1.npy,/path/to/Cls_scattered_01_wCont/Cls_scattered_01_wCont/Shift7_all_cross/Cl_415.npy,/path/to/Cls_scattered_01_wCont/Cls_scattered_01_wCont/Ha/Cl_415.npy,/path/to/Cls_scattered_01_wCont/Cls_scattered_01_wCont/OII/Cl_415.npy,/path/to/Cls_scattered_01_wCont/Cls_scattered_01_wCont/OIII/Cl_415.npy,/path/to/Cls_scattered_01_wCont/Cls_scattered_01_wCont/Cont/Cl_415.npy,1.2871761242859066,1.1895056394860148
/path/to/Cls_scattered_01_wCont/Cls_scattered_01_wCont/Ha_OII_OIII_Cont/Cl_416.npy,/path/to/Cls_scattered_01_wCont/Cls_scattered_01_wCont/OII_all_cross/Cl_416.npy,/path/to/Cls_scattered_01_wCont/Cls_scattered_01_wCont/OIII_all_cross/Cl_416.npy,/path/to/Cls_scattered_01_wCont/Cls_scattered_01_wCont/OII_all_cross/Cl_416_1.npy,/path/to/Cls_scattered_01_wCont/Cls_scattered_01_wCont/OIII_all_cross/Cl_416_1.npy,/path/to/Cls_scattered_01_wCont/Cls_scattered_01_wCont/Shift7_all_cross/Cl_416.npy,/path/to/Cls_scattered_01_wCont/Cls_scattered_01_wCont/Ha/Cl_416.npy,/path/to/Cls_scattered_01_wCont/Cls_scattered_01_wCont/OII/Cl_416.npy,/path/to/Cls_scattered_01_wCont/Cls_scattered_01_wCont/OIII/Cl_416.npy,/path/to/Cls_scattered_01_wCont/Cls_scattered_01_wCont/Cont/Cl_416.npy,1.239167744293809,0.4185756425373256
/path/to/Cls_scattered_01_wCont/Cls_scattered_01_wCont/Ha_OII_OIII_Cont/Cl_417.npy,/path/to/Cls_scattered_01_wCont/Cls_scattered_01_wCont/OII_all_cross/Cl_417.npy,/path/to/Cls_scattered_01_wCont/Cls_scattered_01_wCont/OIII_all_cross/Cl_417.npy,/path/to/Cls_scattered_01_wCont/Cls_scattered_01_wCont/OII_all_cross/Cl_417_1.npy,/path/to/Cls_scattered_01_wCont/Cls_scattered_01_wCont/OIII_all_cross/Cl_417_1.npy,/path/to/Cls_scattered_01_wCont/Cls_scattered_01_wCont/Shift7_all_cross/Cl_417.npy,/path/to/Cls_scattered_01_wCont/Cls_scattered_01_wCont/Ha/Cl_417.npy,/path/to/Cls_scattered_01_wCont/Cls_scattered_01_wCont/OII/Cl_417.npy,/path/to/Cls_scattered_01_wCont/Cls_scattered_01_wCont/OIII/Cl_417.npy,/path/to/Cls_scattered_01_wCont/Cls_scattered_01_wCont/Cont/Cl_417.npy,0.8108884550631046,1.7567313118837773
/path/to/Cls_scattered_01_wCont/Cls_scattered_01_wCont/Ha_OII_OIII_Cont/Cl_418.npy,/path/to/Cls_scattered_01_wCont/Cls_scattered_01_wCont/OII_all_cross/Cl_418.npy,/path/to/Cls_scattered_01_wCont/Cls_scattered_01_wCont/OIII_all_cross/Cl_418.npy,/path/to/Cls_scattered_01_wCont/Cls_scattered_01_wCont/OII_all_cross/Cl_418_1.npy,/path/to/Cls_scattered_01_wCont/Cls_scattered_01_wCont/OIII_all_cross/Cl_418_1.npy,/path/to/Cls_scattered_01_wCont/Cls_scattered_01_wCont/Shift7_all_cross/Cl_418.npy,/path/to/Cls_scattered_01_wCont/Cls_scattered_01_wCont/Ha/Cl_418.npy,/path/to/Cls_scattered_01_wCont/Cls_scattered_01_wCont/OII/Cl_418.npy,/path/to/Cls_scattered_01_wCont/Cls_scattered_01_wCont/OIII/Cl_418.npy,/path/to/Cls_scattered_01_wCont/Cls_scattered_01_wCont/Cont/Cl_418.npy,0.22548420866951346,0.9219353690743446
/path/to/Cls_scattered_01_wCont/Cls_scattered_01_wCont/Ha_OII_OIII_Cont/Cl_419.npy,/path/to/Cls_scattered_01_wCont/Cls_scattered_01_wCont/OII_all_cross/Cl_419.npy,/path/to/Cls_scattered_01_wCont/Cls_scattered_01_wCont/OIII_all_cross/Cl_419.npy,/path/to/Cls_scattered_01_wCont/Cls_scattered_01_wCont/OII_all_cross/Cl_419_1.npy,/path/to/Cls_scattered_01_wCont/Cls_scattered_01_wCont/OIII_all_cross/Cl_419_1.npy,/path/to/Cls_scattered_01_wCont/Cls_scattered_01_wCont/Shift7_all_cross/Cl_419.npy,/path/to/Cls_scattered_01_wCont/Cls_scattered_01_wCont/Ha/Cl_419.npy,/path/to/Cls_scattered_01_wCont/Cls_scattered_01_wCont/OII/Cl_419.npy,/path/to/Cls_scattered_01_wCont/Cls_scattered_01_wCont/OIII/Cl_419.npy,/path/to/Cls_scattered_01_wCont/Cls_scattered_01_wCont/Cont/Cl_419.npy,1.6909714209847153,1.2534981939941645
/path/to/Cls_scattered_01_wCont/Cls_scattered_01_wCont/Ha_OII_OIII_Cont/Cl_420.npy,/path/to/Cls_scattered_01_wCont/Cls_scattered_01_wCont/OII_all_cross/Cl_420.npy,/path/to/Cls_scattered_01_wCont/Cls_scattered_01_wCont/OIII_all_cross/Cl_420.npy,/path/to/Cls_scattered_01_wCont/Cls_scattered_01_wCont/OII_all_cross/Cl_420_1.npy,/path/to/Cls_scattered_01_wCont/Cls_scattered_01_wCont/OIII_all_cross/Cl_420_1.npy,/path/to/Cls_scattered_01_wCont/Cls_scattered_01_wCont/Shift7_all_cross/Cl_420.npy,/path/to/Cls_scattered_01_wCont/Cls_scattered_01_wCont/Ha/Cl_420.npy,/path/to/Cls_scattered_01_wCont/Cls_scattered_01_wCont/OII/Cl_420.npy,/path/to/Cls_scattered_01_wCont/Cls_scattered_01_wCont/OIII/Cl_420.npy,/path/to/Cls_scattered_01_wCont/Cls_scattered_01_wCont/Cont/Cl_420.npy,1.965658344887197,0.5810416921041905
/path/to/Cls_scattered_01_wCont/Cls_scattered_01_wCont/Ha_OII_OIII_Cont/Cl_421.npy,/path/to/Cls_scattered_01_wCont/Cls_scattered_01_wCont/OII_all_cross/Cl_421.npy,/path/to/Cls_scattered_01_wCont/Cls_scattered_01_wCont/OIII_all_cross/Cl_421.npy,/path/to/Cls_scattered_01_wCont/Cls_scattered_01_wCont/OII_all_cross/Cl_421_1.npy,/path/to/Cls_scattered_01_wCont/Cls_scattered_01_wCont/OIII_all_cross/Cl_421_1.npy,/path/to/Cls_scattered_01_wCont/Cls_scattered_01_wCont/Shift7_all_cross/Cl_421.npy,/path/to/Cls_scattered_01_wCont/Cls_scattered_01_wCont/Ha/Cl_421.npy,/path/to/Cls_scattered_01_wCont/Cls_scattered_01_wCont/OII/Cl_421.npy,/path/to/Cls_scattered_01_wCont/Cls_scattered_01_wCont/OIII/Cl_421.npy,/path/to/Cls_scattered_01_wCont/Cls_scattered_01_wCont/Cont/Cl_421.npy,0.5595757471397519,1.4435299436561764
/path/to/Cls_scattered_01_wCont/Cls_scattered_01_wCont/Ha_OII_OIII_Cont/Cl_422.npy,/path/to/Cls_scattered_01_wCont/Cls_scattered_01_wCont/OII_all_cross/Cl_422.npy,/path/to/Cls_scattered_01_wCont/Cls_scattered_01_wCont/OIII_all_cross/Cl_422.npy,/path/to/Cls_scattered_01_wCont/Cls_scattered_01_wCont/OII_all_cross/Cl_422_1.npy,/path/to/Cls_scattered_01_wCont/Cls_scattered_01_wCont/OIII_all_cross/Cl_422_1.npy,/path/to/Cls_scattered_01_wCont/Cls_scattered_01_wCont/Shift7_all_cross/Cl_422.npy,/path/to/Cls_scattered_01_wCont/Cls_scattered_01_wCont/Ha/Cl_422.npy,/path/to/Cls_scattered_01_wCont/Cls_scattered_01_wCont/OII/Cl_422.npy,/path/to/Cls_scattered_01_wCont/Cls_scattered_01_wCont/OIII/Cl_422.npy,/path/to/Cls_scattered_01_wCont/Cls_scattered_01_wCont/Cont/Cl_422.npy,0.9520030931569635,0.13346561528742312
/path/to/Cls_scattered_01_wCont/Cls_scattered_01_wCont/Ha_OII_OIII_Cont/Cl_423.npy,/path/to/Cls_scattered_01_wCont/Cls_scattered_01_wCont/OII_all_cross/Cl_423.npy,/path/to/Cls_scattered_01_wCont/Cls_scattered_01_wCont/OIII_all_cross/Cl_423.npy,/path/to/Cls_scattered_01_wCont/Cls_scattered_01_wCont/OII_all_cross/Cl_423_1.npy,/path/to/Cls_scattered_01_wCont/Cls_scattered_01_wCont/OIII_all_cross/Cl_423_1.npy,/path/to/Cls_scattered_01_wCont/Cls_scattered_01_wCont/Shift7_all_cross/Cl_423.npy,/path/to/Cls_scattered_01_wCont/Cls_scattered_01_wCont/Ha/Cl_423.npy,/path/to/Cls_scattered_01_wCont/Cls_scattered_01_wCont/OII/Cl_423.npy,/path/to/Cls_scattered_01_wCont/Cls_scattered_01_wCont/OIII/Cl_423.npy,/path/to/Cls_scattered_01_wCont/Cls_scattered_01_wCont/Cont/Cl_423.npy,1.4396295798011125,1.891218586266041
/path/to/Cls_scattered_01_wCont/Cls_scattered_01_wCont/Ha_OII_OIII_Cont/Cl_424.npy,/path/to/Cls_scattered_01_wCont/Cls_scattered_01_wCont/OII_all_cross/Cl_424.npy,/path/to/Cls_scattered_01_wCont/Cls_scattered_01_wCont/OIII_all_cross/Cl_424.npy,/path/to/Cls_scattered_01_wCont/Cls_scattered_01_wCont/OII_all_cross/Cl_424_1.npy,/path/to/Cls_scattered_01_wCont/Cls_scattered_01_wCont/OIII_all_cross/Cl_424_1.npy,/path/to/Cls_scattered_01_wCont/Cls_scattered_01_wCont/Shift7_all_cross/Cl_424.npy,/path/to/Cls_scattered_01_wCont/Cls_scattered_01_wCont/Ha/Cl_424.npy,/path/to/Cls_scattered_01_wCont/Cls_scattered_01_wCont/OII/Cl_424.npy,/path/to/Cls_scattered_01_wCont/Cls_scattered_01_wCont/OIII/Cl_424.npy,/path/to/Cls_scattered_01_wCont/Cls_scattered_01_wCont/Cont/Cl_424.npy,1.322025850787759,0.9607169868424534
/path/to/Cls_scattered_01_wCont/Cls_scattered_01_wCont/Ha_OII_OIII_Cont/Cl_425.npy,/path/to/Cls_scattered_01_wCont/Cls_scattered_01_wCont/OII_all_cross/Cl_425.npy,/path/to/Cls_scattered_01_wCont/Cls_scattered_01_wCont/OIII_all_cross/Cl_425.npy,/path/to/Cls_scattered_01_wCont/Cls_scattered_01_wCont/OII_all_cross/Cl_425_1.npy,/path/to/Cls_scattered_01_wCont/Cls_scattered_01_wCont/OIII_all_cross/Cl_425_1.npy,/path/to/Cls_scattered_01_wCont/Cls_scattered_01_wCont/Shift7_all_cross/Cl_425.npy,/path/to/Cls_scattered_01_wCont/Cls_scattered_01_wCont/Ha/Cl_425.npy,/path/to/Cls_scattered_01_wCont/Cls_scattered_01_wCont/OII/Cl_425.npy,/path/to/Cls_scattered_01_wCont/Cls_scattered_01_wCont/OIII/Cl_425.npy,/path/to/Cls_scattered_01_wCont/Cls_scattered_01_wCont/Cont/Cl_425.npy,0.8278781004250049,1.0958614883944393
/path/to/Cls_scattered_01_wCont/Cls_scattered_01_wCont/Ha_OII_OIII_Cont/Cl_426.npy,/path/to/Cls_scattered_01_wCont/Cls_scattered_01_wCont/OII_all_cross/Cl_426.npy,/path/to/Cls_scattered_01_wCont/Cls_scattered_01_wCont/OIII_all_cross/Cl_426.npy,/path/to/Cls_scattered_01_wCont/Cls_scattered_01_wCont/OII_all_cross/Cl_426_1.npy,/path/to/Cls_scattered_01_wCont/Cls_scattered_01_wCont/OIII_all_cross/Cl_426_1.npy,/path/to/Cls_scattered_01_wCont/Cls_scattered_01_wCont/Shift7_all_cross/Cl_426.npy,/path/to/Cls_scattered_01_wCont/Cls_scattered_01_wCont/Ha/Cl_426.npy,/path/to/Cls_scattered_01_wCont/Cls_scattered_01_wCont/OII/Cl_426.npy,/path/to/Cls_scattered_01_wCont/Cls_scattered_01_wCont/OIII/Cl_426.npy,/path/to/Cls_scattered_01_wCont/Cls_scattered_01_wCont/Cont/Cl_426.npy,0.43544124504551296,0.5131409135647118
/path/to/Cls_scattered_01_wCont/Cls_scattered_01_wCont/Ha_OII_OIII_Cont/Cl_427.npy,/path/to/Cls_scattered_01_wCont/Cls_scattered_01_wCont/OII_all_cross/Cl_427.npy,/path/to/Cls_scattered_01_wCont/Cls_scattered_01_wCont/OIII_all_cross/Cl_427.npy,/path/to/Cls_scattered_01_wCont/Cls_scattered_01_wCont/OII_all_cross/Cl_427_1.npy,/path/to/Cls_scattered_01_wCont/Cls_scattered_01_wCont/OIII_all_cross/Cl_427_1.npy,/path/to/Cls_scattered_01_wCont/Cls_scattered_01_wCont/Shift7_all_cross/Cl_427.npy,/path/to/Cls_scattered_01_wCont/Cls_scattered_01_wCont/Ha/Cl_427.npy,/path/to/Cls_scattered_01_wCont/Cls_scattered_01_wCont/OII/Cl_427.npy,/path/to/Cls_scattered_01_wCont/Cls_scattered_01_wCont/OIII/Cl_427.npy,/path/to/Cls_scattered_01_wCont/Cls_scattered_01_wCont/Cont/Cl_427.npy,1.8480487304739655,1.5435501345433296
/path/to/Cls_scattered_01_wCont/Cls_scattered_01_wCont/Ha_OII_OIII_Cont/Cl_428.npy,/path/to/Cls_scattered_01_wCont/Cls_scattered_01_wCont/OII_all_cross/Cl_428.npy,/path/to/Cls_scattered_01_wCont/Cls_scattered_01_wCont/OIII_all_cross/Cl_428.npy,/path/to/Cls_scattered_01_wCont/Cls_scattered_01_wCont/OII_all_cross/Cl_428_1.npy,/path/to/Cls_scattered_01_wCont/Cls_scattered_01_wCont/OIII_all_cross/Cl_428_1.npy,/path/to/Cls_scattered_01_wCont/Cls_scattered_01_wCont/Shift7_all_cross/Cl_428.npy,/path/to/Cls_scattered_01_wCont/Cls_scattered_01_wCont/Ha/Cl_428.npy,/path/to/Cls_scattered_01_wCont/Cls_scattered_01_wCont/OII/Cl_428.npy,/path/to/Cls_scattered_01_wCont/Cls_scattered_01_wCont/OIII/Cl_428.npy,/path/to/Cls_scattered_01_wCont/Cls_scattered_01_wCont/Cont/Cl_428.npy,1.5733999183401466,0.29124410133808853
/path/to/Cls_scattered_01_wCont/Cls_scattered_01_wCont/Ha_OII_OIII_Cont/Cl_429.npy,/path/to/Cls_scattered_01_wCont/Cls_scattered_01_wCont/OII_all_cross/Cl_429.npy,/path/to/Cls_scattered_01_wCont/Cls_scattered_01_wCont/OIII_all_cross/Cl_429.npy,/path/to/Cls_scattered_01_wCont/Cls_scattered_01_wCont/OII_all_cross/Cl_429_1.npy,/path/to/Cls_scattered_01_wCont/Cls_scattered_01_wCont/OIII_all_cross/Cl_429_1.npy,/path/to/Cls_scattered_01_wCont/Cls_scattered_01_wCont/Shift7_all_cross/Cl_429.npy,/path/to/Cls_scattered_01_wCont/Cls_scattered_01_wCont/Ha/Cl_429.npy,/path/to/Cls_scattered_01_wCont/Cls_scattered_01_wCont/OII/Cl_429.npy,/path/to/Cls_scattered_01_wCont/Cls_scattered_01_wCont/OIII/Cl_429.npy,/path/to/Cls_scattered_01_wCont/Cls_scattered_01_wCont/Cont/Cl_429.npy,0.10144931245595218,1.8520560206845402
/path/to/Cls_scattered_01_wCont/Cls_scattered_01_wCont/Ha_OII_OIII_Cont/Cl_430.npy,/path/to/Cls_scattered_01_wCont/Cls_scattered_01_wCont/OII_all_cross/Cl_430.npy,/path/to/Cls_scattered_01_wCont/Cls_scattered_01_wCont/OIII_all_cross/Cl_430.npy,/path/to/Cls_scattered_01_wCont/Cls_scattered_01_wCont/OII_all_cross/Cl_430_1.npy,/path/to/Cls_scattered_01_wCont/Cls_scattered_01_wCont/OIII_all_cross/Cl_430_1.npy,/path/to/Cls_scattered_01_wCont/Cls_scattered_01_wCont/Shift7_all_cross/Cl_430.npy,/path/to/Cls_scattered_01_wCont/Cls_scattered_01_wCont/Ha/Cl_430.npy,/path/to/Cls_scattered_01_wCont/Cls_scattered_01_wCont/OII/Cl_430.npy,/path/to/Cls_scattered_01_wCont/Cls_scattered_01_wCont/OIII/Cl_430.npy,/path/to/Cls_scattered_01_wCont/Cls_scattered_01_wCont/Cont/Cl_430.npy,0.6868449554778635,0.7946038314141333
/path/to/Cls_scattered_01_wCont/Cls_scattered_01_wCont/Ha_OII_OIII_Cont/Cl_431.npy,/path/to/Cls_scattered_01_wCont/Cls_scattered_01_wCont/OII_all_cross/Cl_431.npy,/path/to/Cls_scattered_01_wCont/Cls_scattered_01_wCont/OIII_all_cross/Cl_431.npy,/path/to/Cls_scattered_01_wCont/Cls_scattered_01_wCont/OII_all_cross/Cl_431_1.npy,/path/to/Cls_scattered_01_wCont/Cls_scattered_01_wCont/OIII_all_cross/Cl_431_1.npy,/path/to/Cls_scattered_01_wCont/Cls_scattered_01_wCont/Shift7_all_cross/Cl_431.npy,/path/to/Cls_scattered_01_wCont/Cls_scattered_01_wCont/Ha/Cl_431.npy,/path/to/Cls_scattered_01_wCont/Cls_scattered_01_wCont/OII/Cl_431.npy,/path/to/Cls_scattered_01_wCont/Cls_scattered_01_wCont/OIII/Cl_431.npy,/path/to/Cls_scattered_01_wCont/Cls_scattered_01_wCont/Cont/Cl_431.npy,1.1215912622399629,1.3488229063339532
/path/to/Cls_scattered_01_wCont/Cls_scattered_01_wCont/Ha_OII_OIII_Cont/Cl_432.npy,/path/to/Cls_scattered_01_wCont/Cls_scattered_01_wCont/OII_all_cross/Cl_432.npy,/path/to/Cls_scattered_01_wCont/Cls_scattered_01_wCont/OIII_all_cross/Cl_432.npy,/path/to/Cls_scattered_01_wCont/Cls_scattered_01_wCont/OII_all_cross/Cl_432_1.npy,/path/to/Cls_scattered_01_wCont/Cls_scattered_01_wCont/OIII_all_cross/Cl_432_1.npy,/path/to/Cls_scattered_01_wCont/Cls_scattered_01_wCont/Shift7_all_cross/Cl_432.npy,/path/to/Cls_scattered_01_wCont/Cls_scattered_01_wCont/Ha/Cl_432.npy,/path/to/Cls_scattered_01_wCont/Cls_scattered_01_wCont/OII/Cl_432.npy,/path/to/Cls_scattered_01_wCont/Cls_scattered_01_wCont/OIII/Cl_432.npy,/path/to/Cls_scattered_01_wCont/Cls_scattered_01_wCont/Cont/Cl_432.npy,1.0851060970686377,0.7053559253923595
/path/to/Cls_scattered_01_wCont/Cls_scattered_01_wCont/Ha_OII_OIII_Cont/Cl_433.npy,/path/to/Cls_scattered_01_wCont/Cls_scattered_01_wCont/OII_all_cross/Cl_433.npy,/path/to/Cls_scattered_01_wCont/Cls_scattered_01_wCont/OIII_all_cross/Cl_433.npy,/path/to/Cls_scattered_01_wCont/Cls_scattered_01_wCont/OII_all_cross/Cl_433_1.npy,/path/to/Cls_scattered_01_wCont/Cls_scattered_01_wCont/OIII_all_cross/Cl_433_1.npy,/path/to/Cls_scattered_01_wCont/Cls_scattered_01_wCont/Shift7_all_cross/Cl_433.npy,/path/to/Cls_scattered_01_wCont/Cls_scattered_01_wCont/Ha/Cl_433.npy,/path/to/Cls_scattered_01_wCont/Cls_scattered_01_wCont/OII/Cl_433.npy,/path/to/Cls_scattered_01_wCont/Cls_scattered_01_wCont/OIII/Cl_433.npy,/path/to/Cls_scattered_01_wCont/Cls_scattered_01_wCont/Cont/Cl_433.npy,0.5902618098072707,1.3192123129032554
/path/to/Cls_scattered_01_wCont/Cls_scattered_01_wCont/Ha_OII_OIII_Cont/Cl_434.npy,/path/to/Cls_scattered_01_wCont/Cls_scattered_01_wCont/OII_all_cross/Cl_434.npy,/path/to/Cls_scattered_01_wCont/Cls_scattered_01_wCont/OIII_all_cross/Cl_434.npy,/path/to/Cls_scattered_01_wCont/Cls_scattered_01_wCont/OII_all_cross/Cl_434_1.npy,/path/to/Cls_scattered_01_wCont/Cls_scattered_01_wCont/OIII_all_cross/Cl_434_1.npy,/path/to/Cls_scattered_01_wCont/Cls_scattered_01_wCont/Shift7_all_cross/Cl_434.npy,/path/to/Cls_scattered_01_wCont/Cls_scattered_01_wCont/Ha/Cl_434.npy,/path/to/Cls_scattered_01_wCont/Cls_scattered_01_wCont/OII/Cl_434.npy,/path/to/Cls_scattered_01_wCont/Cls_scattered_01_wCont/OIII/Cl_434.npy,/path/to/Cls_scattered_01_wCont/Cls_scattered_01_wCont/Cont/Cl_434.npy,0.1978258851915598,0.2614951178431511
/path/to/Cls_scattered_01_wCont/Cls_scattered_01_wCont/Ha_OII_OIII_Cont/Cl_435.npy,/path/to/Cls_scattered_01_wCont/Cls_scattered_01_wCont/OII_all_cross/Cl_435.npy,/path/to/Cls_scattered_01_wCont/Cls_scattered_01_wCont/OIII_all_cross/Cl_435.npy,/path/to/Cls_scattered_01_wCont/Cls_scattered_01_wCont/OII_all_cross/Cl_435_1.npy,/path/to/Cls_scattered_01_wCont/Cls_scattered_01_wCont/OIII_all_cross/Cl_435_1.npy,/path/to/Cls_scattered_01_wCont/Cls_scattered_01_wCont/Shift7_all_cross/Cl_435.npy,/path/to/Cls_scattered_01_wCont/Cls_scattered_01_wCont/Ha/Cl_435.npy,/path/to/Cls_scattered_01_wCont/Cls_scattered_01_wCont/OII/Cl_435.npy,/path/to/Cls_scattered_01_wCont/Cls_scattered_01_wCont/OIII/Cl_435.npy,/path/to/Cls_scattered_01_wCont/Cls_scattered_01_wCont/Cont/Cl_435.npy,1.611128095537424,1.763192481175065
/path/to/Cls_scattered_01_wCont/Cls_scattered_01_wCont/Ha_OII_OIII_Cont/Cl_436.npy,/path/to/Cls_scattered_01_wCont/Cls_scattered_01_wCont/OII_all_cross/Cl_436.npy,/path/to/Cls_scattered_01_wCont/Cls_scattered_01_wCont/OIII_all_cross/Cl_436.npy,/path/to/Cls_scattered_01_wCont/Cls_scattered_01_wCont/OII_all_cross/Cl_436_1.npy,/path/to/Cls_scattered_01_wCont/Cls_scattered_01_wCont/OIII_all_cross/Cl_436_1.npy,/path/to/Cls_scattered_01_wCont/Cls_scattered_01_wCont/Shift7_all_cross/Cl_436.npy,/path/to/Cls_scattered_01_wCont/Cls_scattered_01_wCont/Ha/Cl_436.npy,/path/to/Cls_scattered_01_wCont/Cls_scattered_01_wCont/OII/Cl_436.npy,/path/to/Cls_scattered_01_wCont/Cls_scattered_01_wCont/OIII/Cl_436.npy,/path/to/Cls_scattered_01_wCont/Cls_scattered_01_wCont/Cont/Cl_436.npy,1.811480249557644,0.5428978457115591
/path/to/Cls_scattered_01_wCont/Cls_scattered_01_wCont/Ha_OII_OIII_Cont/Cl_437.npy,/path/to/Cls_scattered_01_wCont/Cls_scattered_01_wCont/OII_all_cross/Cl_437.npy,/path/to/Cls_scattered_01_wCont/Cls_scattered_01_wCont/OIII_all_cross/Cl_437.npy,/path/to/Cls_scattered_01_wCont/Cls_scattered_01_wCont/OII_all_cross/Cl_437_1.npy,/path/to/Cls_scattered_01_wCont/Cls_scattered_01_wCont/OIII_all_cross/Cl_437_1.npy,/path/to/Cls_scattered_01_wCont/Cls_scattered_01_wCont/Shift7_all_cross/Cl_437.npy,/path/to/Cls_scattered_01_wCont/Cls_scattered_01_wCont/Ha/Cl_437.npy,/path/to/Cls_scattered_01_wCont/Cls_scattered_01_wCont/OII/Cl_437.npy,/path/to/Cls_scattered_01_wCont/Cls_scattered_01_wCont/OIII/Cl_437.npy,/path/to/Cls_scattered_01_wCont/Cls_scattered_01_wCont/Cont/Cl_437.npy,0.3388327670283615,1.6324197540991008
/path/to/Cls_scattered_01_wCont/Cls_scattered_01_wCont/Ha_OII_OIII_Cont/Cl_438.npy,/path/to/Cls_scattered_01_wCont/Cls_scattered_01_wCont/OII_all_cross/Cl_438.npy,/path/to/Cls_scattered_01_wCont/Cls_scattered_01_wCont/OIII_all_cross/Cl_438.npy,/path/to/Cls_scattered_01_wCont/Cls_scattered_01_wCont/OII_all_cross/Cl_438_1.npy,/path/to/Cls_scattered_01_wCont/Cls_scattered_01_wCont/OIII_all_cross/Cl_438_1.npy,/path/to/Cls_scattered_01_wCont/Cls_scattered_01_wCont/Shift7_all_cross/Cl_438.npy,/path/to/Cls_scattered_01_wCont/Cls_scattered_01_wCont/Ha/Cl_438.npy,/path/to/Cls_scattered_01_wCont/Cls_scattered_01_wCont/OII/Cl_438.npy,/path/to/Cls_scattered_01_wCont/Cls_scattered_01_wCont/OIII/Cl_438.npy,/path/to/Cls_scattered_01_wCont/Cls_scattered_01_wCont/Cont/Cl_438.npy,0.9242292841896415,1.0499569300562144
/path/to/Cls_scattered_01_wCont/Cls_scattered_01_wCont/Ha_OII_OIII_Cont/Cl_439.npy,/path/to/Cls_scattered_01_wCont/Cls_scattered_01_wCont/OII_all_cross/Cl_439.npy,/path/to/Cls_scattered_01_wCont/Cls_scattered_01_wCont/OIII_all_cross/Cl_439.npy,/path/to/Cls_scattered_01_wCont/Cls_scattered_01_wCont/OII_all_cross/Cl_439_1.npy,/path/to/Cls_scattered_01_wCont/Cls_scattered_01_wCont/OIII_all_cross/Cl_439_1.npy,/path/to/Cls_scattered_01_wCont/Cls_scattered_01_wCont/Shift7_all_cross/Cl_439.npy,/path/to/Cls_scattered_01_wCont/Cls_scattered_01_wCont/Ha/Cl_439.npy,/path/to/Cls_scattered_01_wCont/Cls_scattered_01_wCont/OII/Cl_439.npy,/path/to/Cls_scattered_01_wCont/Cls_scattered_01_wCont/OIII/Cl_439.npy,/path/to/Cls_scattered_01_wCont/Cls_scattered_01_wCont/Cont/Cl_439.npy,1.3596706556156277,1.125465987622738
/path/to/Cls_scattered_01_wCont/Cls_scattered_01_wCont/Ha_OII_OIII_Cont/Cl_440.npy,/path/to/Cls_scattered_01_wCont/Cls_scattered_01_wCont/OII_all_cross/Cl_440.npy,/path/to/Cls_scattered_01_wCont/Cls_scattered_01_wCont/OIII_all_cross/Cl_440.npy,/path/to/Cls_scattered_01_wCont/Cls_scattered_01_wCont/OII_all_cross/Cl_440_1.npy,/path/to/Cls_scattered_01_wCont/Cls_scattered_01_wCont/OIII_all_cross/Cl_440_1.npy,/path/to/Cls_scattered_01_wCont/Cls_scattered_01_wCont/Shift7_all_cross/Cl_440.npy,/path/to/Cls_scattered_01_wCont/Cls_scattered_01_wCont/Ha/Cl_440.npy,/path/to/Cls_scattered_01_wCont/Cls_scattered_01_wCont/OII/Cl_440.npy,/path/to/Cls_scattered_01_wCont/Cls_scattered_01_wCont/OIII/Cl_440.npy,/path/to/Cls_scattered_01_wCont/Cls_scattered_01_wCont/Cont/Cl_440.npy,1.4758555962704123,0.16322255451232195
/path/to/Cls_scattered_01_wCont/Cls_scattered_01_wCont/Ha_OII_OIII_Cont/Cl_441.npy,/path/to/Cls_scattered_01_wCont/Cls_scattered_01_wCont/OII_all_cross/Cl_441.npy,/path/to/Cls_scattered_01_wCont/Cls_scattered_01_wCont/OIII_all_cross/Cl_441.npy,/path/to/Cls_scattered_01_wCont/Cls_scattered_01_wCont/OII_all_cross/Cl_441_1.npy,/path/to/Cls_scattered_01_wCont/Cls_scattered_01_wCont/OIII_all_cross/Cl_441_1.npy,/path/to/Cls_scattered_01_wCont/Cls_scattered_01_wCont/Shift7_all_cross/Cl_441.npy,/path/to/Cls_scattered_01_wCont/Cls_scattered_01_wCont/Ha/Cl_441.npy,/path/to/Cls_scattered_01_wCont/Cls_scattered_01_wCont/OII/Cl_441.npy,/path/to/Cls_scattered_01_wCont/Cls_scattered_01_wCont/OIII/Cl_441.npy,/path/to/Cls_scattered_01_wCont/Cls_scattered_01_wCont/Cont/Cl_441.npy,1.0487365978769958,1.9800882128998638
/path/to/Cls_scattered_01_wCont/Cls_scattered_01_wCont/Ha_OII_OIII_Cont/Cl_442.npy,/path/to/Cls_scattered_01_wCont/Cls_scattered_01_wCont/OII_all_cross/Cl_442.npy,/path/to/Cls_scattered_01_wCont/Cls_scattered_01_wCont/OIII_all_cross/Cl_442.npy,/path/to/Cls_scattered_01_wCont/Cls_scattered_01_wCont/OII_all_cross/Cl_442_1.npy,/path/to/Cls_scattered_01_wCont/Cls_scattered_01_wCont/OIII_all_cross/Cl_442_1.npy,/path/to/Cls_scattered_01_wCont/Cls_scattered_01_wCont/Shift7_all_cross/Cl_442.npy,/path/to/Cls_scattered_01_wCont/Cls_scattered_01_wCont/Ha/Cl_442.npy,/path/to/Cls_scattered_01_wCont/Cls_scattered_01_wCont/OII/Cl_442.npy,/path/to/Cls_scattered_01_wCont/Cls_scattered_01_wCont/OIII/Cl_442.npy,/path/to/Cls_scattered_01_wCont/Cls_scattered_01_wCont/Cont/Cl_442.npy,0.46333147026598454,0.670281642396003
/path/to/Cls_scattered_01_wCont/Cls_scattered_01_wCont/Ha_OII_OIII_Cont/Cl_443.npy,/path/to/Cls_scattered_01_wCont/Cls_scattered_01_wCont/OII_all_cross/Cl_443.npy,/path/to/Cls_scattered_01_wCont/Cls_scattered_01_wCont/OIII_all_cross/Cl_443.npy,/path/to/Cls_scattered_01_wCont/Cls_scattered_01_wCont/OII_all_cross/Cl_443_1.npy,/path/to/Cls_scattered_01_wCont/Cls_scattered_01_wCont/OIII_all_cross/Cl_443_1.npy,/path/to/Cls_scattered_01_wCont/Cls_scattered_01_wCont/Shift7_all_cross/Cl_443.npy,/path/to/Cls_scattered_01_wCont/Cls_scattered_01_wCont/Ha/Cl_443.npy,/path/to/Cls_scattered_01_wCont/Cls_scattered_01_wCont/OII/Cl_443.npy,/path/to/Cls_scattered_01_wCont/Cls_scattered_01_wCont/OIII/Cl_443.npy,/path/to/Cls_scattered_01_wCont/Cls_scattered_01_wCont/Cont/Cl_443.npy,1.9276602037250996,1.4731344499625265
/path/to/Cls_scattered_01_wCont/Cls_scattered_01_wCont/Ha_OII_OIII_Cont/Cl_444.npy,/path/to/Cls_scattered_01_wCont/Cls_scattered_01_wCont/OII_all_cross/Cl_444.npy,/path/to/Cls_scattered_01_wCont/Cls_scattered_01_wCont/OIII_all_cross/Cl_444.npy,/path/to/Cls_scattered_01_wCont/Cls_scattered_01_wCont/OII_all_cross/Cl_444_1.npy,/path/to/Cls_scattered_01_wCont/Cls_scattered_01_wCont/OIII_all_cross/Cl_444_1.npy,/path/to/Cls_scattered_01_wCont/Cls_scattered_01_wCont/Shift7_all_cross/Cl_444.npy,/path/to/Cls_scattered_01_wCont/Cls_scattered_01_wCont/Ha/Cl_444.npy,/path/to/Cls_scattered_01_wCont/Cls_scattered_01_wCont/OII/Cl_444.npy,/path/to/Cls_scattered_01_wCont/Cls_scattered_01_wCont/OIII/Cl_444.npy,/path/to/Cls_scattered_01_wCont/Cls_scattered_01_wCont/Cont/Cl_444.npy,1.7273460553027689,0.8326874701306223
/path/to/Cls_scattered_01_wCont/Cls_scattered_01_wCont/Ha_OII_OIII_Cont/Cl_445.npy,/path/to/Cls_scattered_01_wCont/Cls_scattered_01_wCont/OII_all_cross/Cl_445.npy,/path/to/Cls_scattered_01_wCont/Cls_scattered_01_wCont/OIII_all_cross/Cl_445.npy,/path/to/Cls_scattered_01_wCont/Cls_scattered_01_wCont/OII_all_cross/Cl_445_1.npy,/path/to/Cls_scattered_01_wCont/Cls_scattered_01_wCont/OIII_all_cross/Cl_445_1.npy,/path/to/Cls_scattered_01_wCont/Cls_scattered_01_wCont/Shift7_all_cross/Cl_445.npy,/path/to/Cls_scattered_01_wCont/Cls_scattered_01_wCont/Ha/Cl_445.npy,/path/to/Cls_scattered_01_wCont/Cls_scattered_01_wCont/OII/Cl_445.npy,/path/to/Cls_scattered_01_wCont/Cls_scattered_01_wCont/OIII/Cl_445.npy,/path/to/Cls_scattered_01_wCont/Cls_scattered_01_wCont/Cont/Cl_445.npy,0.3224243146367371,1.2238876076415182
/path/to/Cls_scattered_01_wCont/Cls_scattered_01_wCont/Ha_OII_OIII_Cont/Cl_446.npy,/path/to/Cls_scattered_01_wCont/Cls_scattered_01_wCont/OII_all_cross/Cl_446.npy,/path/to/Cls_scattered_01_wCont/Cls_scattered_01_wCont/OIII_all_cross/Cl_446.npy,/path/to/Cls_scattered_01_wCont/Cls_scattered_01_wCont/OII_all_cross/Cl_446_1.npy,/path/to/Cls_scattered_01_wCont/Cls_scattered_01_wCont/OIII_all_cross/Cl_446_1.npy,/path/to/Cls_scattered_01_wCont/Cls_scattered_01_wCont/Shift7_all_cross/Cl_446.npy,/path/to/Cls_scattered_01_wCont/Cls_scattered_01_wCont/Ha/Cl_446.npy,/path/to/Cls_scattered_01_wCont/Cls_scattered_01_wCont/OII/Cl_446.npy,/path/to/Cls_scattered_01_wCont/Cls_scattered_01_wCont/OIII/Cl_446.npy,/path/to/Cls_scattered_01_wCont/Cls_scattered_01_wCont/Cont/Cl_446.npy,0.7148507228121161,0.3888266661204398
/path/to/Cls_scattered_01_wCont/Cls_scattered_01_wCont/Ha_OII_OIII_Cont/Cl_447.npy,/path/to/Cls_scattered_01_wCont/Cls_scattered_01_wCont/OII_all_cross/Cl_447.npy,/path/to/Cls_scattered_01_wCont/Cls_scattered_01_wCont/OIII_all_cross/Cl_447.npy,/path/to/Cls_scattered_01_wCont/Cls_scattered_01_wCont/OII_all_cross/Cl_447_1.npy,/path/to/Cls_scattered_01_wCont/Cls_scattered_01_wCont/OIII_all_cross/Cl_447_1.npy,/path/to/Cls_scattered_01_wCont/Cls_scattered_01_wCont/Shift7_all_cross/Cl_447.npy,/path/to/Cls_scattered_01_wCont/Cls_scattered_01_wCont/Ha/Cl_447.npy,/path/to/Cls_scattered_01_wCont/Cls_scattered_01_wCont/OII/Cl_447.npy,/path/to/Cls_scattered_01_wCont/Cls_scattered_01_wCont/OIII/Cl_447.npy,/path/to/Cls_scattered_01_wCont/Cls_scattered_01_wCont/Cont/Cl_447.npy,1.2013181643560529,1.6678677794523538
/path/to/Cls_scattered_01_wCont/Cls_scattered_01_wCont/Ha_OII_OIII_Cont/Cl_448.npy,/path/to/Cls_scattered_01_wCont/Cls_scattered_01_wCont/OII_all_cross/Cl_448.npy,/path/to/Cls_scattered_01_wCont/Cls_scattered_01_wCont/OIII_all_cross/Cl_448.npy,/path/to/Cls_scattered_01_wCont/Cls_scattered_01_wCont/OII_all_cross/Cl_448_1.npy,/path/to/Cls_scattered_01_wCont/Cls_scattered_01_wCont/OIII_all_cross/Cl_448_1.npy,/path/to/Cls_scattered_01_wCont/Cls_scattered_01_wCont/Shift7_all_cross/Cl_448.npy,/path/to/Cls_scattered_01_wCont/Cls_scattered_01_wCont/Ha/Cl_448.npy,/path/to/Cls_scattered_01_wCont/Cls_scattered_01_wCont/OII/Cl_448.npy,/path/to/Cls_scattered_01_wCont/Cls_scattered_01_wCont/OIII/Cl_448.npy,/path/to/Cls_scattered_01_wCont/Cls_scattered_01_wCont/Cont/Cl_448.npy,1.218428226839751,0.1587663990445435
/path/to/Cls_scattered_01_wCont/Cls_scattered_01_wCont/Ha_OII_OIII_Cont/Cl_449.npy,/path/to/Cls_scattered_01_wCont/Cls_scattered_01_wCont/OII_all_cross/Cl_449.npy,/path/to/Cls_scattered_01_wCont/Cls_scattered_01_wCont/OIII_all_cross/Cl_449.npy,/path/to/Cls_scattered_01_wCont/Cls_scattered_01_wCont/OII_all_cross/Cl_449_1.npy,/path/to/Cls_scattered_01_wCont/Cls_scattered_01_wCont/OIII_all_cross/Cl_449_1.npy,/path/to/Cls_scattered_01_wCont/Cls_scattered_01_wCont/Shift7_all_cross/Cl_449.npy,/path/to/Cls_scattered_01_wCont/Cls_scattered_01_wCont/Ha/Cl_449.npy,/path/to/Cls_scattered_01_wCont/Cls_scattered_01_wCont/OII/Cl_449.npy,/path/to/Cls_scattered_01_wCont/Cls_scattered_01_wCont/OIII/Cl_449.npy,/path/to/Cls_scattered_01_wCont/Cls_scattered_01_wCont/Cont/Cl_449.npy,0.6938955477438866,1.897906529251486
/path/to/Cls_scattered_01_wCont/Cls_scattered_01_wCont/Ha_OII_OIII_Cont/Cl_450.npy,/path/to/Cls_scattered_01_wCont/Cls_scattered_01_wCont/OII_all_cross/Cl_450.npy,/path/to/Cls_scattered_01_wCont/Cls_scattered_01_wCont/OIII_all_cross/Cl_450.npy,/path/to/Cls_scattered_01_wCont/Cls_scattered_01_wCont/OII_all_cross/Cl_450_1.npy,/path/to/Cls_scattered_01_wCont/Cls_scattered_01_wCont/OIII_all_cross/Cl_450_1.npy,/path/to/Cls_scattered_01_wCont/Cls_scattered_01_wCont/Shift7_all_cross/Cl_450.npy,/path/to/Cls_scattered_01_wCont/Cls_scattered_01_wCont/Ha/Cl_450.npy,/path/to/Cls_scattered_01_wCont/Cls_scattered_01_wCont/OII/Cl_450.npy,/path/to/Cls_scattered_01_wCont/Cls_scattered_01_wCont/OIII/Cl_450.npy,/path/to/Cls_scattered_01_wCont/Cls_scattered_01_wCont/Cont/Cl_450.npy,0.3311556875705719,0.6026349889114498
/path/to/Cls_scattered_01_wCont/Cls_scattered_01_wCont/Ha_OII_OIII_Cont/Cl_451.npy,/path/to/Cls_scattered_01_wCont/Cls_scattered_01_wCont/OII_all_cross/Cl_451.npy,/path/to/Cls_scattered_01_wCont/Cls_scattered_01_wCont/OIII_all_cross/Cl_451.npy,/path/to/Cls_scattered_01_wCont/Cls_scattered_01_wCont/OII_all_cross/Cl_451_1.npy,/path/to/Cls_scattered_01_wCont/Cls_scattered_01_wCont/OIII_all_cross/Cl_451_1.npy,/path/to/Cls_scattered_01_wCont/Cls_scattered_01_wCont/Shift7_all_cross/Cl_451.npy,/path/to/Cls_scattered_01_wCont/Cls_scattered_01_wCont/Ha/Cl_451.npy,/path/to/Cls_scattered_01_wCont/Cls_scattered_01_wCont/OII/Cl_451.npy,/path/to/Cls_scattered_01_wCont/Cls_scattered_01_wCont/OIII/Cl_451.npy,/path/to/Cls_scattered_01_wCont/Cls_scattered_01_wCont/Cont/Cl_451.npy,1.7147695060819388,1.4539326144382358
/path/to/Cls_scattered_01_wCont/Cls_scattered_01_wCont/Ha_OII_OIII_Cont/Cl_452.npy,/path/to/Cls_scattered_01_wCont/Cls_scattered_01_wCont/OII_all_cross/Cl_452.npy,/path/to/Cls_scattered_01_wCont/Cls_scattered_01_wCont/OIII_all_cross/Cl_452.npy,/path/to/Cls_scattered_01_wCont/Cls_scattered_01_wCont/OII_all_cross/Cl_452_1.npy,/path/to/Cls_scattered_01_wCont/Cls_scattered_01_wCont/OIII_all_cross/Cl_452_1.npy,/path/to/Cls_scattered_01_wCont/Cls_scattered_01_wCont/Shift7_all_cross/Cl_452.npy,/path/to/Cls_scattered_01_wCont/Cls_scattered_01_wCont/Ha/Cl_452.npy,/path/to/Cls_scattered_01_wCont/Cls_scattered_01_wCont/OII/Cl_452.npy,/path/to/Cls_scattered_01_wCont/Cls_scattered_01_wCont/OIII/Cl_452.npy,/path/to/Cls_scattered_01_wCont/Cls_scattered_01_wCont/Cont/Cl_452.npy,1.9151734148152173,0.9152436428703367
/path/to/Cls_scattered_01_wCont/Cls_scattered_01_wCont/Ha_OII_OIII_Cont/Cl_453.npy,/path/to/Cls_scattered_01_wCont/Cls_scattered_01_wCont/OII_all_cross/Cl_453.npy,/path/to/Cls_scattered_01_wCont/Cls_scattered_01_wCont/OIII_all_cross/Cl_453.npy,/path/to/Cls_scattered_01_wCont/Cls_scattered_01_wCont/OII_all_cross/Cl_453_1.npy,/path/to/Cls_scattered_01_wCont/Cls_scattered_01_wCont/OIII_all_cross/Cl_453_1.npy,/path/to/Cls_scattered_01_wCont/Cls_scattered_01_wCont/Shift7_all_cross/Cl_453.npy,/path/to/Cls_scattered_01_wCont/Cls_scattered_01_wCont/Ha/Cl_453.npy,/path/to/Cls_scattered_01_wCont/Cls_scattered_01_wCont/OII/Cl_453.npy,/path/to/Cls_scattered_01_wCont/Cls_scattered_01_wCont/OIII/Cl_453.npy,/path/to/Cls_scattered_01_wCont/Cls_scattered_01_wCont/Cont/Cl_453.npy,0.472212512139231,1.2281939667649568
/path/to/Cls_scattered_01_wCont/Cls_scattered_01_wCont/Ha_OII_OIII_Cont/Cl_454.npy,/path/to/Cls_scattered_01_wCont/Cls_scattered_01_wCont/OII_all_cross/Cl_454.npy,/path/to/Cls_scattered_01_wCont/Cls_scattered_01_wCont/OIII_all_cross/Cl_454.npy,/path/to/Cls_scattered_01_wCont/Cls_scattered_01_wCont/OII_all_cross/Cl_454_1.npy,/path/to/Cls_scattered_01_wCont/Cls_scattered_01_wCont/OIII_all_cross/Cl_454_1.npy,/path/to/Cls_scattered_01_wCont/Cls_scattered_01_wCont/Shift7_all_cross/Cl_454.npy,/path/to/Cls_scattered_01_wCont/Cls_scattered_01_wCont/Ha/Cl_454.npy,/path/to/Cls_scattered_01_wCont/Cls_scattered_01_wCont/OII/Cl_454.npy,/path/to/Cls_scattered_01_wCont/Cls_scattered_01_wCont/OIII/Cl_454.npy,/path/to/Cls_scattered_01_wCont/Cls_scattered_01_wCont/Cont/Cl_454.npy,1.0279292726889253,0.40817676912993195
/path/to/Cls_scattered_01_wCont/Cls_scattered_01_wCont/Ha_OII_OIII_Cont/Cl_455.npy,/path/to/Cls_scattered_01_wCont/Cls_scattered_01_wCont/OII_all_cross/Cl_455.npy,/path/to/Cls_scattered_01_wCont/Cls_scattered_01_wCont/OIII_all_cross/Cl_455.npy,/path/to/Cls_scattered_01_wCont/Cls_scattered_01_wCont/OII_all_cross/Cl_455_1.npy,/path/to/Cls_scattered_01_wCont/Cls_scattered_01_wCont/OIII_all_cross/Cl_455_1.npy,/path/to/Cls_scattered_01_wCont/Cls_scattered_01_wCont/Shift7_all_cross/Cl_455.npy,/path/to/Cls_scattered_01_wCont/Cls_scattered_01_wCont/Ha/Cl_455.npy,/path/to/Cls_scattered_01_wCont/Cls_scattered_01_wCont/OII/Cl_455.npy,/path/to/Cls_scattered_01_wCont/Cls_scattered_01_wCont/OIII/Cl_455.npy,/path/to/Cls_scattered_01_wCont/Cls_scattered_01_wCont/Cont/Cl_455.npy,1.4930572239682078,1.7351414727047085
/path/to/Cls_scattered_01_wCont/Cls_scattered_01_wCont/Ha_OII_OIII_Cont/Cl_456.npy,/path/to/Cls_scattered_01_wCont/Cls_scattered_01_wCont/OII_all_cross/Cl_456.npy,/path/to/Cls_scattered_01_wCont/Cls_scattered_01_wCont/OIII_all_cross/Cl_456.npy,/path/to/Cls_scattered_01_wCont/Cls_scattered_01_wCont/OII_all_cross/Cl_456_1.npy,/path/to/Cls_scattered_01_wCont/Cls_scattered_01_wCont/OIII_all_cross/Cl_456_1.npy,/path/to/Cls_scattered_01_wCont/Cls_scattered_01_wCont/Shift7_all_cross/Cl_456.npy,/path/to/Cls_scattered_01_wCont/Cls_scattered_01_wCont/Ha/Cl_456.npy,/path/to/Cls_scattered_01_wCont/Cls_scattered_01_wCont/OII/Cl_456.npy,/path/to/Cls_scattered_01_wCont/Cls_scattered_01_wCont/OIII/Cl_456.npy,/path/to/Cls_scattered_01_wCont/Cls_scattered_01_wCont/Cont/Cl_456.npy,1.3722590322606265,0.805075180530548
/path/to/Cls_scattered_01_wCont/Cls_scattered_01_wCont/Ha_OII_OIII_Cont/Cl_457.npy,/path/to/Cls_scattered_01_wCont/Cls_scattered_01_wCont/OII_all_cross/Cl_457.npy,/path/to/Cls_scattered_01_wCont/Cls_scattered_01_wCont/OIII_all_cross/Cl_457.npy,/path/to/Cls_scattered_01_wCont/Cls_scattered_01_wCont/OII_all_cross/Cl_457_1.npy,/path/to/Cls_scattered_01_wCont/Cls_scattered_01_wCont/OIII_all_cross/Cl_457_1.npy,/path/to/Cls_scattered_01_wCont/Cls_scattered_01_wCont/Shift7_all_cross/Cl_457.npy,/path/to/Cls_scattered_01_wCont/Cls_scattered_01_wCont/Ha/Cl_457.npy,/path/to/Cls_scattered_01_wCont/Cls_scattered_01_wCont/OII/Cl_457.npy,/path/to/Cls_scattered_01_wCont/Cls_scattered_01_wCont/OIII/Cl_457.npy,/path/to/Cls_scattered_01_wCont/Cls_scattered_01_wCont/Cont/Cl_457.npy,0.9154498300515115,1.370369254425168
/path/to/Cls_scattered_01_wCont/Cls_scattered_01_wCont/Ha_OII_OIII_Cont/Cl_458.npy,/path/to/Cls_scattered_01_wCont/Cls_scattered_01_wCont/OII_all_cross/Cl_458.npy,/path/to/Cls_scattered_01_wCont/Cls_scattered_01_wCont/OIII_all_cross/Cl_458.npy,/path/to/Cls_scattered_01_wCont/Cls_scattered_01_wCont/OII_all_cross/Cl_458_1.npy,/path/to/Cls_scattered_01_wCont/Cls_scattered_01_wCont/OIII_all_cross/Cl_458_1.npy,/path/to/Cls_scattered_01_wCont/Cls_scattered_01_wCont/Shift7_all_cross/Cl_458.npy,/path/to/Cls_scattered_01_wCont/Cls_scattered_01_wCont/Ha/Cl_458.npy,/path/to/Cls_scattered_01_wCont/Cls_scattered_01_wCont/OII/Cl_458.npy,/path/to/Cls_scattered_01_wCont/Cls_scattered_01_wCont/OIII/Cl_458.npy,/path/to/Cls_scattered_01_wCont/Cls_scattered_01_wCont/Cont/Cl_458.npy,0.359741672873497,0.298008310329169
/path/to/Cls_scattered_01_wCont/Cls_scattered_01_wCont/Ha_OII_OIII_Cont/Cl_459.npy,/path/to/Cls_scattered_01_wCont/Cls_scattered_01_wCont/OII_all_cross/Cl_459.npy,/path/to/Cls_scattered_01_wCont/Cls_scattered_01_wCont/OIII_all_cross/Cl_459.npy,/path/to/Cls_scattered_01_wCont/Cls_scattered_01_wCont/OII_all_cross/Cl_459_1.npy,/path/to/Cls_scattered_01_wCont/Cls_scattered_01_wCont/OIII_all_cross/Cl_459_1.npy,/path/to/Cls_scattered_01_wCont/Cls_scattered_01_wCont/Shift7_all_cross/Cl_459.npy,/path/to/Cls_scattered_01_wCont/Cls_scattered_01_wCont/Ha/Cl_459.npy,/path/to/Cls_scattered_01_wCont/Cls_scattered_01_wCont/OII/Cl_459.npy,/path/to/Cls_scattered_01_wCont/Cls_scattered_01_wCont/OIII/Cl_459.npy,/path/to/Cls_scattered_01_wCont/Cls_scattered_01_wCont/Cont/Cl_459.npy,1.7943802025169133,1.8773167639039456
/path/to/Cls_scattered_01_wCont/Cls_scattered_01_wCont/Ha_OII_OIII_Cont/Cl_460.npy,/path/to/Cls_scattered_01_wCont/Cls_scattered_01_wCont/OII_all_cross/Cl_460.npy,/path/to/Cls_scattered_01_wCont/Cls_scattered_01_wCont/OIII_all_cross/Cl_460.npy,/path/to/Cls_scattered_01_wCont/Cls_scattered_01_wCont/OII_all_cross/Cl_460_1.npy,/path/to/Cls_scattered_01_wCont/Cls_scattered_01_wCont/OIII_all_cross/Cl_460_1.npy,/path/to/Cls_scattered_01_wCont/Cls_scattered_01_wCont/Shift7_all_cross/Cl_460.npy,/path/to/Cls_scattered_01_wCont/Cls_scattered_01_wCont/Ha/Cl_460.npy,/path/to/Cls_scattered_01_wCont/Cls_scattered_01_wCont/OII/Cl_460.npy,/path/to/Cls_scattered_01_wCont/Cls_scattered_01_wCont/OIII/Cl_460.npy,/path/to/Cls_scattered_01_wCont/Cls_scattered_01_wCont/Cont/Cl_460.npy,1.5938874606974422,0.49159110076725476
/path/to/Cls_scattered_01_wCont/Cls_scattered_01_wCont/Ha_OII_OIII_Cont/Cl_461.npy,/path/to/Cls_scattered_01_wCont/Cls_scattered_01_wCont/OII_all_cross/Cl_461.npy,/path/to/Cls_scattered_01_wCont/Cls_scattered_01_wCont/OIII_all_cross/Cl_461.npy,/path/to/Cls_scattered_01_wCont/Cls_scattered_01_wCont/OII_all_cross/Cl_461_1.npy,/path/to/Cls_scattered_01_wCont/Cls_scattered_01_wCont/OIII_all_cross/Cl_461_1.npy,/path/to/Cls_scattered_01_wCont/Cls_scattered_01_wCont/Shift7_all_cross/Cl_461.npy,/path/to/Cls_scattered_01_wCont/Cls_scattered_01_wCont/Ha/Cl_461.npy,/path/to/Cls_scattered_01_wCont/Cls_scattered_01_wCont/OII/Cl_461.npy,/path/to/Cls_scattered_01_wCont/Cls_scattered_01_wCont/OIII/Cl_461.npy,/path/to/Cls_scattered_01_wCont/Cls_scattered_01_wCont/Cont/Cl_461.npy,0.21865048790350555,1.5330749809741975
/path/to/Cls_scattered_01_wCont/Cls_scattered_01_wCont/Ha_OII_OIII_Cont/Cl_462.npy,/path/to/Cls_scattered_01_wCont/Cls_scattered_01_wCont/OII_all_cross/Cl_462.npy,/path/to/Cls_scattered_01_wCont/Cls_scattered_01_wCont/OIII_all_cross/Cl_462.npy,/path/to/Cls_scattered_01_wCont/Cls_scattered_01_wCont/OII_all_cross/Cl_462_1.npy,/path/to/Cls_scattered_01_wCont/Cls_scattered_01_wCont/OIII_all_cross/Cl_462_1.npy,/path/to/Cls_scattered_01_wCont/Cls_scattered_01_wCont/Shift7_all_cross/Cl_462.npy,/path/to/Cls_scattered_01_wCont/Cls_scattered_01_wCont/Ha/Cl_462.npy,/path/to/Cls_scattered_01_wCont/Cls_scattered_01_wCont/OII/Cl_462.npy,/path/to/Cls_scattered_01_wCont/Cls_scattered_01_wCont/OIII/Cl_462.npy,/path/to/Cls_scattered_01_wCont/Cls_scattered_01_wCont/Cont/Cl_462.npy,0.5813998574391007,0.935459694173187
/path/to/Cls_scattered_01_wCont/Cls_scattered_01_wCont/Ha_OII_OIII_Cont/Cl_463.npy,/path/to/Cls_scattered_01_wCont/Cls_scattered_01_wCont/OII_all_cross/Cl_463.npy,/path/to/Cls_scattered_01_wCont/Cls_scattered_01_wCont/OIII_all_cross/Cl_463.npy,/path/to/Cls_scattered_01_wCont/Cls_scattered_01_wCont/OII_all_cross/Cl_463_1.npy,/path/to/Cls_scattered_01_wCont/Cls_scattered_01_wCont/OIII_all_cross/Cl_463_1.npy,/path/to/Cls_scattered_01_wCont/Cls_scattered_01_wCont/Shift7_all_cross/Cl_463.npy,/path/to/Cls_scattered_01_wCont/Cls_scattered_01_wCont/Ha/Cl_463.npy,/path/to/Cls_scattered_01_wCont/Cls_scattered_01_wCont/OII/Cl_463.npy,/path/to/Cls_scattered_01_wCont/Cls_scattered_01_wCont/OIII/Cl_463.npy,/path/to/Cls_scattered_01_wCont/Cls_scattered_01_wCont/Cont/Cl_463.npy,1.0975520668551326,1.0891010696999728
/path/to/Cls_scattered_01_wCont/Cls_scattered_01_wCont/Ha_OII_OIII_Cont/Cl_464.npy,/path/to/Cls_scattered_01_wCont/Cls_scattered_01_wCont/OII_all_cross/Cl_464.npy,/path/to/Cls_scattered_01_wCont/Cls_scattered_01_wCont/OIII_all_cross/Cl_464.npy,/path/to/Cls_scattered_01_wCont/Cls_scattered_01_wCont/OII_all_cross/Cl_464_1.npy,/path/to/Cls_scattered_01_wCont/Cls_scattered_01_wCont/OIII_all_cross/Cl_464_1.npy,/path/to/Cls_scattered_01_wCont/Cls_scattered_01_wCont/Shift7_all_cross/Cl_464.npy,/path/to/Cls_scattered_01_wCont/Cls_scattered_01_wCont/Ha/Cl_464.npy,/path/to/Cls_scattered_01_wCont/Cls_scattered_01_wCont/OII/Cl_464.npy,/path/to/Cls_scattered_01_wCont/Cls_scattered_01_wCont/OIII/Cl_464.npy,/path/to/Cls_scattered_01_wCont/Cls_scattered_01_wCont/Cont/Cl_464.npy,1.1351062655448914,1.0247141969390214
/path/to/Cls_scattered_01_wCont/Cls_scattered_01_wCont/Ha_OII_OIII_Cont/Cl_465.npy,/path/to/Cls_scattered_01_wCont/Cls_scattered_01_wCont/OII_all_cross/Cl_465.npy,/path/to/Cls_scattered_01_wCont/Cls_scattered_01_wCont/OIII_all_cross/Cl_465.npy,/path/to/Cls_scattered_01_wCont/Cls_scattered_01_wCont/OII_all_cross/Cl_465_1.npy,/path/to/Cls_scattered_01_wCont/Cls_scattered_01_wCont/OIII_all_cross/Cl_465_1.npy,/path/to/Cls_scattered_01_wCont/Cls_scattered_01_wCont/Shift7_all_cross/Cl_465.npy,/path/to/Cls_scattered_01_wCont/Cls_scattered_01_wCont/Ha/Cl_465.npy,/path/to/Cls_scattered_01_wCont/Cls_scattered_01_wCont/OII/Cl_465.npy,/path/to/Cls_scattered_01_wCont/Cls_scattered_01_wCont/OIII/Cl_465.npy,/path/to/Cls_scattered_01_wCont/Cls_scattered_01_wCont/Cont/Cl_465.npy,0.6771385844796896,1.11872001523152
/path/to/Cls_scattered_01_wCont/Cls_scattered_01_wCont/Ha_OII_OIII_Cont/Cl_466.npy,/path/to/Cls_scattered_01_wCont/Cls_scattered_01_wCont/OII_all_cross/Cl_466.npy,/path/to/Cls_scattered_01_wCont/Cls_scattered_01_wCont/OIII_all_cross/Cl_466.npy,/path/to/Cls_scattered_01_wCont/Cls_scattered_01_wCont/OII_all_cross/Cl_466_1.npy,/path/to/Cls_scattered_01_wCont/Cls_scattered_01_wCont/OIII_all_cross/Cl_466_1.npy,/path/to/Cls_scattered_01_wCont/Cls_scattered_01_wCont/Shift7_all_cross/Cl_466.npy,/path/to/Cls_scattered_01_wCont/Cls_scattered_01_wCont/Ha/Cl_466.npy,/path/to/Cls_scattered_01_wCont/Cls_scattered_01_wCont/OII/Cl_466.npy,/path/to/Cls_scattered_01_wCont/Cls_scattered_01_wCont/OIII/Cl_466.npy,/path/to/Cls_scattered_01_wCont/Cls_scattered_01_wCont/Cont/Cl_466.npy,0.12142955316230655,0.5213624792173505
/path/to/Cls_scattered_01_wCont/Cls_scattered_01_wCont/Ha_OII_OIII_Cont/Cl_467.npy,/path/to/Cls_scattered_01_wCont/Cls_scattered_01_wCont/OII_all_cross/Cl_467.npy,/path/to/Cls_scattered_01_wCont/Cls_scattered_01_wCont/OIII_all_cross/Cl_467.npy,/path/to/Cls_scattered_01_wCont/Cls_scattered_01_wCont/OII_all_cross/Cl_467_1.npy,/path/to/Cls_scattered_01_wCont/Cls_scattered_01_wCont/OIII_all_cross/Cl_467_1.npy,/path/to/Cls_scattered_01_wCont/Cls_scattered_01_wCont/Shift7_all_cross/Cl_467.npy,/path/to/Cls_scattered_01_wCont/Cls_scattered_01_wCont/Ha/Cl_467.npy,/path/to/Cls_scattered_01_wCont/Cls_scattered_01_wCont/OII/Cl_467.npy,/path/to/Cls_scattered_01_wCont/Cls_scattered_01_wCont/OIII/Cl_467.npy,/path/to/Cls_scattered_01_wCont/Cls_scattered_01_wCont/Cont/Cl_467.npy,1.5572283736430108,1.6219591600820422
/path/to/Cls_scattered_01_wCont/Cls_scattered_01_wCont/Ha_OII_OIII_Cont/Cl_468.npy,/path/to/Cls_scattered_01_wCont/Cls_scattered_01_wCont/OII_all_cross/Cl_468.npy,/path/to/Cls_scattered_01_wCont/Cls_scattered_01_wCont/OIII_all_cross/Cl_468.npy,/path/to/Cls_scattered_01_wCont/Cls_scattered_01_wCont/OII_all_cross/Cl_468_1.npy,/path/to/Cls_scattered_01_wCont/Cls_scattered_01_wCont/OIII_all_cross/Cl_468_1.npy,/path/to/Cls_scattered_01_wCont/Cls_scattered_01_wCont/Shift7_all_cross/Cl_468.npy,/path/to/Cls_scattered_01_wCont/Cls_scattered_01_wCont/Ha/Cl_468.npy,/path/to/Cls_scattered_01_wCont/Cls_scattered_01_wCont/OII/Cl_468.npy,/path/to/Cls_scattered_01_wCont/Cls_scattered_01_wCont/OIII/Cl_468.npy,/path/to/Cls_scattered_01_wCont/Cls_scattered_01_wCont/Cont/Cl_468.npy,1.8317351186648012,0.26824478143826125
/path/to/Cls_scattered_01_wCont/Cls_scattered_01_wCont/Ha_OII_OIII_Cont/Cl_469.npy,/path/to/Cls_scattered_01_wCont/Cls_scattered_01_wCont/OII_all_cross/Cl_469.npy,/path/to/Cls_scattered_01_wCont/Cls_scattered_01_wCont/OIII_all_cross/Cl_469.npy,/path/to/Cls_scattered_01_wCont/Cls_scattered_01_wCont/OII_all_cross/Cl_469_1.npy,/path/to/Cls_scattered_01_wCont/Cls_scattered_01_wCont/OIII_all_cross/Cl_469_1.npy,/path/to/Cls_scattered_01_wCont/Cls_scattered_01_wCont/Shift7_all_cross/Cl_469.npy,/path/to/Cls_scattered_01_wCont/Cls_scattered_01_wCont/Ha/Cl_469.npy,/path/to/Cls_scattered_01_wCont/Cls_scattered_01_wCont/OII/Cl_469.npy,/path/to/Cls_scattered_01_wCont/Cls_scattered_01_wCont/OIII/Cl_469.npy,/path/to/Cls_scattered_01_wCont/Cls_scattered_01_wCont/Cont/Cl_469.npy,0.4553391007706523,1.7884387922473253
/path/to/Cls_scattered_01_wCont/Cls_scattered_01_wCont/Ha_OII_OIII_Cont/Cl_470.npy,/path/to/Cls_scattered_01_wCont/Cls_scattered_01_wCont/OII_all_cross/Cl_470.npy,/path/to/Cls_scattered_01_wCont/Cls_scattered_01_wCont/OIII_all_cross/Cl_470.npy,/path/to/Cls_scattered_01_wCont/Cls_scattered_01_wCont/OII_all_cross/Cl_470_1.npy,/path/to/Cls_scattered_01_wCont/Cls_scattered_01_wCont/OIII_all_cross/Cl_470_1.npy,/path/to/Cls_scattered_01_wCont/Cls_scattered_01_wCont/Shift7_all_cross/Cl_470.npy,/path/to/Cls_scattered_01_wCont/Cls_scattered_01_wCont/Ha/Cl_470.npy,/path/to/Cls_scattered_01_wCont/Cls_scattered_01_wCont/OII/Cl_470.npy,/path/to/Cls_scattered_01_wCont/Cls_scattered_01_wCont/OIII/Cl_470.npy,/path/to/Cls_scattered_01_wCont/Cls_scattered_01_wCont/Cont/Cl_470.npy,0.8180875395424664,0.715812842361629
/path/to/Cls_scattered_01_wCont/Cls_scattered_01_wCont/Ha_OII_OIII_Cont/Cl_471.npy,/path/to/Cls_scattered_01_wCont/Cls_scattered_01_wCont/OII_all_cross/Cl_471.npy,/path/to/Cls_scattered_01_wCont/Cls_scattered_01_wCont/OIII_all_cross/Cl_471.npy,/path/to/Cls_scattered_01_wCont/Cls_scattered_01_wCont/OII_all_cross/Cl_471_1.npy,/path/to/Cls_scattered_01_wCont/Cls_scattered_01_wCont/OIII_all_cross/Cl_471_1.npy,/path/to/Cls_scattered_01_wCont/Cls_scattered_01_wCont/Shift7_all_cross/Cl_471.npy,/path/to/Cls_scattered_01_wCont/Cls_scattered_01_wCont/Ha/Cl_471.npy,/path/to/Cls_scattered_01_wCont/Cls_scattered_01_wCont/OII/Cl_471.npy,/path/to/Cls_scattered_01_wCont/Cls_scattered_01_wCont/OIII/Cl_471.npy,/path/to/Cls_scattered_01_wCont/Cls_scattered_01_wCont/Cont/Cl_471.npy,1.3354006060399115,1.3407441155984998
/path/to/Cls_scattered_01_wCont/Cls_scattered_01_wCont/Ha_OII_OIII_Cont/Cl_472.npy,/path/to/Cls_scattered_01_wCont/Cls_scattered_01_wCont/OII_all_cross/Cl_472.npy,/path/to/Cls_scattered_01_wCont/Cls_scattered_01_wCont/OIII_all_cross/Cl_472.npy,/path/to/Cls_scattered_01_wCont/Cls_scattered_01_wCont/OII_all_cross/Cl_472_1.npy,/path/to/Cls_scattered_01_wCont/Cls_scattered_01_wCont/OIII_all_cross/Cl_472_1.npy,/path/to/Cls_scattered_01_wCont/Cls_scattered_01_wCont/Shift7_all_cross/Cl_472.npy,/path/to/Cls_scattered_01_wCont/Cls_scattered_01_wCont/Ha/Cl_472.npy,/path/to/Cls_scattered_01_wCont/Cls_scattered_01_wCont/OII/Cl_472.npy,/path/to/Cls_scattered_01_wCont/Cls_scattered_01_wCont/OIII/Cl_472.npy,/path/to/Cls_scattered_01_wCont/Cls_scattered_01_wCont/Cont/Cl_472.npy,1.4558128386735916,0.37841323316097264
/path/to/Cls_scattered_01_wCont/Cls_scattered_01_wCont/Ha_OII_OIII_Cont/Cl_473.npy,/path/to/Cls_scattered_01_wCont/Cls_scattered_01_wCont/OII_all_cross/Cl_473.npy,/path/to/Cls_scattered_01_wCont/Cls_scattered_01_wCont/OIII_all_cross/Cl_473.npy,/path/to/Cls_scattered_01_wCont/Cls_scattered_01_wCont/OII_all_cross/Cl_473_1.npy,/path/to/Cls_scattered_01_wCont/Cls_scattered_01_wCont/OIII_all_cross/Cl_473_1.npy,/path/to/Cls_scattered_01_wCont/Cls_scattered_01_wCont/Shift7_all_cross/Cl_473.npy,/path/to/Cls_scattered_01_wCont/Cls_scattered_01_wCont/Ha/Cl_473.npy,/path/to/Cls_scattered_01_wCont/Cls_scattered_01_wCont/OII/Cl_473.npy,/path/to/Cls_scattered_01_wCont/Cls_scattered_01_wCont/OIII/Cl_473.npy,/path/to/Cls_scattered_01_wCont/Cls_scattered_01_wCont/Cont/Cl_473.npy,0.9319748844951391,1.6462634939700365
/path/to/Cls_scattered_01_wCont/Cls_scattered_01_wCont/Ha_OII_OIII_Cont/Cl_474.npy,/path/to/Cls_scattered_01_wCont/Cls_scattered_01_wCont/OII_all_cross/Cl_474.npy,/path/to/Cls_scattered_01_wCont/Cls_scattered_01_wCont/OIII_all_cross/Cl_474.npy,/path/to/Cls_scattered_01_wCont/Cls_scattered_01_wCont/OII_all_cross/Cl_474_1.npy,/path/to/Cls_scattered_01_wCont/Cls_scattered_01_wCont/OIII_all_cross/Cl_474_1.npy,/path/to/Cls_scattered_01_wCont/Cls_scattered_01_wCont/Shift7_all_cross/Cl_474.npy,/path/to/Cls_scattered_01_wCont/Cls_scattered_01_wCont/Ha/Cl_474.npy,/path/to/Cls_scattered_01_wCont/Cls_scattered_01_wCont/OII/Cl_474.npy,/path/to/Cls_scattered_01_wCont/Cls_scattered_01_wCont/OIII/Cl_474.npy,/path/to/Cls_scattered_01_wCont/Cls_scattered_01_wCont/Cont/Cl_474.npy,0.5692359621636569,0.825981297623366
/path/to/Cls_scattered_01_wCont/Cls_scattered_01_wCont/Ha_OII_OIII_Cont/Cl_475.npy,/path/to/Cls_scattered_01_wCont/Cls_scattered_01_wCont/OII_all_cross/Cl_475.npy,/path/to/Cls_scattered_01_wCont/Cls_scattered_01_wCont/OIII_all_cross/Cl_475.npy,/path/to/Cls_scattered_01_wCont/Cls_scattered_01_wCont/OII_all_cross/Cl_475_1.npy,/path/to/Cls_scattered_01_wCont/Cls_scattered_01_wCont/OIII_all_cross/Cl_475_1.npy,/path/to/Cls_scattered_01_wCont/Cls_scattered_01_wCont/Shift7_all_cross/Cl_475.npy,/path/to/Cls_scattered_01_wCont/Cls_scattered_01_wCont/Ha/Cl_475.npy,/path/to/Cls_scattered_01_wCont/Cls_scattered_01_wCont/OII/Cl_475.npy,/path/to/Cls_scattered_01_wCont/Cls_scattered_01_wCont/OIII/Cl_475.npy,/path/to/Cls_scattered_01_wCont/Cls_scattered_01_wCont/Cont/Cl_475.npy,1.9521532437764109,1.198568820860237
/path/to/Cls_scattered_01_wCont/Cls_scattered_01_wCont/Ha_OII_OIII_Cont/Cl_476.npy,/path/to/Cls_scattered_01_wCont/Cls_scattered_01_wCont/OII_all_cross/Cl_476.npy,/path/to/Cls_scattered_01_wCont/Cls_scattered_01_wCont/OIII_all_cross/Cl_476.npy,/path/to/Cls_scattered_01_wCont/Cls_scattered_01_wCont/OII_all_cross/Cl_476_1.npy,/path/to/Cls_scattered_01_wCont/Cls_scattered_01_wCont/OIII_all_cross/Cl_476_1.npy,/path/to/Cls_scattered_01_wCont/Cls_scattered_01_wCont/Shift7_all_cross/Cl_476.npy,/path/to/Cls_scattered_01_wCont/Cls_scattered_01_wCont/Ha/Cl_476.npy,/path/to/Cls_scattered_01_wCont/Cls_scattered_01_wCont/OII/Cl_476.npy,/path/to/Cls_scattered_01_wCont/Cls_scattered_01_wCont/OIII/Cl_476.npy,/path/to/Cls_scattered_01_wCont/Cls_scattered_01_wCont/Cont/Cl_476.npy,1.6775577718392014,0.6918894845992326
/path/to/Cls_scattered_01_wCont/Cls_scattered_01_wCont/Ha_OII_OIII_Cont/Cl_477.npy,/path/to/Cls_scattered_01_wCont/Cls_scattered_01_wCont/OII_all_cross/Cl_477.npy,/path/to/Cls_scattered_01_wCont/Cls_scattered_01_wCont/OIII_all_cross/Cl_477.npy,/path/to/Cls_scattered_01_wCont/Cls_scattered_01_wCont/OII_all_cross/Cl_477_1.npy,/path/to/Cls_scattered_01_wCont/Cls_scattered_01_wCont/OIII_all_cross/Cl_477_1.npy,/path/to/Cls_scattered_01_wCont/Cls_scattered_01_wCont/Shift7_all_cross/Cl_477.npy,/path/to/Cls_scattered_01_wCont/Cls_scattered_01_wCont/Ha/Cl_477.npy,/path/to/Cls_scattered_01_wCont/Cls_scattered_01_wCont/OII/Cl_477.npy,/path/to/Cls_scattered_01_wCont/Cls_scattered_01_wCont/OIII/Cl_477.npy,/path/to/Cls_scattered_01_wCont/Cls_scattered_01_wCont/Cont/Cl_477.npy,0.23529193382710217,1.4835515528917314
/path/to/Cls_scattered_01_wCont/Cls_scattered_01_wCont/Ha_OII_OIII_Cont/Cl_478.npy,/path/to/Cls_scattered_01_wCont/Cls_scattered_01_wCont/OII_all_cross/Cl_478.npy,/path/to/Cls_scattered_01_wCont/Cls_scattered_01_wCont/OIII_all_cross/Cl_478.npy,/path/to/Cls_scattered_01_wCont/Cls_scattered_01_wCont/OII_all_cross/Cl_478_1.npy,/path/to/Cls_scattered_01_wCont/Cls_scattered_01_wCont/OIII_all_cross/Cl_478_1.npy,/path/to/Cls_scattered_01_wCont/Cls_scattered_01_wCont/Shift7_all_cross/Cl_478.npy,/path/to/Cls_scattered_01_wCont/Cls_scattered_01_wCont/Ha/Cl_478.npy,/path/to/Cls_scattered_01_wCont/Cls_scattered_01_wCont/OII/Cl_478.npy,/path/to/Cls_scattered_01_wCont/Cls_scattered_01_wCont/OIII/Cl_478.npy,/path/to/Cls_scattered_01_wCont/Cls_scattered_01_wCont/Cont/Cl_478.npy,0.7910095755942166,0.1885377704165876
/path/to/Cls_scattered_01_wCont/Cls_scattered_01_wCont/Ha_OII_OIII_Cont/Cl_479.npy,/path/to/Cls_scattered_01_wCont/Cls_scattered_01_wCont/OII_all_cross/Cl_479.npy,/path/to/Cls_scattered_01_wCont/Cls_scattered_01_wCont/OIII_all_cross/Cl_479.npy,/path/to/Cls_scattered_01_wCont/Cls_scattered_01_wCont/OII_all_cross/Cl_479_1.npy,/path/to/Cls_scattered_01_wCont/Cls_scattered_01_wCont/OIII_all_cross/Cl_479_1.npy,/path/to/Cls_scattered_01_wCont/Cls_scattered_01_wCont/Shift7_all_cross/Cl_479.npy,/path/to/Cls_scattered_01_wCont/Cls_scattered_01_wCont/Ha/Cl_479.npy,/path/to/Cls_scattered_01_wCont/Cls_scattered_01_wCont/OII/Cl_479.npy,/path/to/Cls_scattered_01_wCont/Cls_scattered_01_wCont/OIII/Cl_479.npy,/path/to/Cls_scattered_01_wCont/Cls_scattered_01_wCont/Cont/Cl_479.npy,1.255440650228411,1.9867907012812793
/path/to/Cls_scattered_01_wCont/Cls_scattered_01_wCont/Ha_OII_OIII_Cont/Cl_480.npy,/path/to/Cls_scattered_01_wCont/Cls_scattered_01_wCont/OII_all_cross/Cl_480.npy,/path/to/Cls_scattered_01_wCont/Cls_scattered_01_wCont/OIII_all_cross/Cl_480.npy,/path/to/Cls_scattered_01_wCont/Cls_scattered_01_wCont/OII_all_cross/Cl_480_1.npy,/path/to/Cls_scattered_01_wCont/Cls_scattered_01_wCont/OIII_all_cross/Cl_480_1.npy,/path/to/Cls_scattered_01_wCont/Cls_scattered_01_wCont/Shift7_all_cross/Cl_480.npy,/path/to/Cls_scattered_01_wCont/Cls_scattered_01_wCont/Ha/Cl_480.npy,/path/to/Cls_scattered_01_wCont/Cls_scattered_01_wCont/OII/Cl_480.npy,/path/to/Cls_scattered_01_wCont/Cls_scattered_01_wCont/OIII/Cl_480.npy,/path/to/Cls_scattered_01_wCont/Cls_scattered_01_wCont/Cont/Cl_480.npy,1.2663361551240087,0.6204311145469545
/path/to/Cls_scattered_01_wCont/Cls_scattered_01_wCont/Ha_OII_OIII_Cont/Cl_481.npy,/path/to/Cls_scattered_01_wCont/Cls_scattered_01_wCont/OII_all_cross/Cl_481.npy,/path/to/Cls_scattered_01_wCont/Cls_scattered_01_wCont/OIII_all_cross/Cl_481.npy,/path/to/Cls_scattered_01_wCont/Cls_scattered_01_wCont/OII_all_cross/Cl_481_1.npy,/path/to/Cls_scattered_01_wCont/Cls_scattered_01_wCont/OIII_all_cross/Cl_481_1.npy,/path/to/Cls_scattered_01_wCont/Cls_scattered_01_wCont/Shift7_all_cross/Cl_481.npy,/path/to/Cls_scattered_01_wCont/Cls_scattered_01_wCont/Ha/Cl_481.npy,/path/to/Cls_scattered_01_wCont/Cls_scattered_01_wCont/OII/Cl_481.npy,/path/to/Cls_scattered_01_wCont/Cls_scattered_01_wCont/OIII/Cl_481.npy,/path/to/Cls_scattered_01_wCont/Cls_scattered_01_wCont/Cont/Cl_481.npy,0.7796394413337111,1.4343881534412504
/path/to/Cls_scattered_01_wCont/Cls_scattered_01_wCont/Ha_OII_OIII_Cont/Cl_482.npy,/path/to/Cls_scattered_01_wCont/Cls_scattered_01_wCont/OII_all_cross/Cl_482.npy,/path/to/Cls_scattered_01_wCont/Cls_scattered_01_wCont/OIII_all_cross/Cl_482.npy,/path/to/Cls_scattered_01_wCont/Cls_scattered_01_wCont/OII_all_cross/Cl_482_1.npy,/path/to/Cls_scattered_01_wCont/Cls_scattered_01_wCont/OIII_all_cross/Cl_482_1.npy,/path/to/Cls_scattered_01_wCont/Cls_scattered_01_wCont/Shift7_all_cross/Cl_482.npy,/path/to/Cls_scattered_01_wCont/Cls_scattered_01_wCont/Ha/Cl_482.npy,/path/to/Cls_scattered_01_wCont/Cls_scattered_01_wCont/OII/Cl_482.npy,/path/to/Cls_scattered_01_wCont/Cls_scattered_01_wCont/OIII/Cl_482.npy,/path/to/Cls_scattered_01_wCont/Cls_scattered_01_wCont/Cont/Cl_482.npy,0.25361656518653036,0.11708291107788682
/path/to/Cls_scattered_01_wCont/Cls_scattered_01_wCont/Ha_OII_OIII_Cont/Cl_483.npy,/path/to/Cls_scattered_01_wCont/Cls_scattered_01_wCont/OII_all_cross/Cl_483.npy,/path/to/Cls_scattered_01_wCont/Cls_scattered_01_wCont/OIII_all_cross/Cl_483.npy,/path/to/Cls_scattered_01_wCont/Cls_scattered_01_wCont/OII_all_cross/Cl_483_1.npy,/path/to/Cls_scattered_01_wCont/Cls_scattered_01_wCont/OIII_all_cross/Cl_483_1.npy,/path/to/Cls_scattered_01_wCont/Cls_scattered_01_wCont/Shift7_all_cross/Cl_483.npy,/path/to/Cls_scattered_01_wCont/Cls_scattered_01_wCont/Ha/Cl_483.npy,/path/to/Cls_scattered_01_wCont/Cls_scattered_01_wCont/OII/Cl_483.npy,/path/to/Cls_scattered_01_wCont/Cls_scattered_01_wCont/OIII/Cl_483.npy,/path/to/Cls_scattered_01_wCont/Cls_scattered_01_wCont/Cont/Cl_483.npy,1.6587730140425265,1.9376310390420257
/path/to/Cls_scattered_01_wCont/Cls_scattered_01_wCont/Ha_OII_OIII_Cont/Cl_484.npy,/path/to/Cls_scattered_01_wCont/Cls_scattered_01_wCont/OII_all_cross/Cl_484.npy,/path/to/Cls_scattered_01_wCont/Cls_scattered_01_wCont/OIII_all_cross/Cl_484.npy,/path/to/Cls_scattered_01_wCont/Cls_scattered_01_wCont/OII_all_cross/Cl_484_1.npy,/path/to/Cls_scattered_01_wCont/Cls_scattered_01_wCont/OIII_all_cross/Cl_484_1.npy,/path/to/Cls_scattered_01_wCont/Cls_scattered_01_wCont/Shift7_all_cross/Cl_484.npy,/path/to/Cls_scattered_01_wCont/Cls_scattered_01_wCont/Ha/Cl_484.npy,/path/to/Cls_scattered_01_wCont/Cls_scattered_01_wCont/OII/Cl_484.npy,/path/to/Cls_scattered_01_wCont/Cls_scattered_01_wCont/OIII/Cl_484.npy,/path/to/Cls_scattered_01_wCont/Cls_scattered_01_wCont/Cont/Cl_484.npy,1.9927397452294826,0.42760417331010103
/path/to/Cls_scattered_01_wCont/Cls_scattered_01_wCont/Ha_OII_OIII_Cont/Cl_485.npy,/path/to/Cls_scattered_01_wCont/Cls_scattered_01_wCont/OII_all_cross/Cl_485.npy,/path/to/Cls_scattered_01_wCont/Cls_scattered_01_wCont/OIII_all_cross/Cl_485.npy,/path/to/Cls_scattered_01_wCont/Cls_scattered_01_wCont/OII_all_cross/Cl_485_1.npy,/path/to/Cls_scattered_01_wCont/Cls_scattered_01_wCont/OIII_all_cross/Cl_485_1.npy,/path/to/Cls_scattered_01_wCont/Cls_scattered_01_wCont/Shift7_all_cross/Cl_485.npy,/path/to/Cls_scattered_01_wCont/Cls_scattered_01_wCont/Ha/Cl_485.npy,/path/to/Cls_scattered_01_wCont/Cls_scattered_01_wCont/OII/Cl_485.npy,/path/to/Cls_scattered_01_wCont/Cls_scattered_01_wCont/OIII/Cl_485.npy,/path/to/Cls_scattered_01_wCont/Cls_scattered_01_wCont/Cont/Cl_485.npy,0.5281818527728319,1.7176907135173678
/path/to/Cls_scattered_01_wCont/Cls_scattered_01_wCont/Ha_OII_OIII_Cont/Cl_486.npy,/path/to/Cls_scattered_01_wCont/Cls_scattered_01_wCont/OII_all_cross/Cl_486.npy,/path/to/Cls_scattered_01_wCont/Cls_scattered_01_wCont/OIII_all_cross/Cl_486.npy,/path/to/Cls_scattered_01_wCont/Cls_scattered_01_wCont/OII_all_cross/Cl_486_1.npy,/path/to/Cls_scattered_01_wCont/Cls_scattered_01_wCont/OIII_all_cross/Cl_486_1.npy,/path/to/Cls_scattered_01_wCont/Cls_scattered_01_wCont/Shift7_all_cross/Cl_486.npy,/path/to/Cls_scattered_01_wCont/Cls_scattered_01_wCont/Ha/Cl_486.npy,/path/to/Cls_scattered_01_wCont/Cls_scattered_01_wCont/OII/Cl_486.npy,/path/to/Cls_scattered_01_wCont/Cls_scattered_01_wCont/OIII/Cl_486.npy,/path/to/Cls_scattered_01_wCont/Cls_scattered_01_wCont/Cont/Cl_486.npy,0.9799905124120414,0.8751759749837219
/path/to/Cls_scattered_01_wCont/Cls_scattered_01_wCont/Ha_OII_OIII_Cont/Cl_487.npy,/path/to/Cls_scattered_01_wCont/Cls_scattered_01_wCont/OII_all_cross/Cl_487.npy,/path/to/Cls_scattered_01_wCont/Cls_scattered_01_wCont/OIII_all_cross/Cl_487.npy,/path/to/Cls_scattered_01_wCont/Cls_scattered_01_wCont/OII_all_cross/Cl_487_1.npy,/path/to/Cls_scattered_01_wCont/Cls_scattered_01_wCont/OIII_all_cross/Cl_487_1.npy,/path/to/Cls_scattered_01_wCont/Cls_scattered_01_wCont/Shift7_all_cross/Cl_487.npy,/path/to/Cls_scattered_01_wCont/Cls_scattered_01_wCont/Ha/Cl_487.npy,/path/to/Cls_scattered_01_wCont/Cls_scattered_01_wCont/OII/Cl_487.npy,/path/to/Cls_scattered_01_wCont/Cls_scattered_01_wCont/OIII/Cl_487.npy,/path/to/Cls_scattered_01_wCont/Cls_scattered_01_wCont/Cont/Cl_487.npy,1.4073441057465972,1.2699995511211455
/path/to/Cls_scattered_01_wCont/Cls_scattered_01_wCont/Ha_OII_OIII_Cont/Cl_488.npy,/path/to/Cls_scattered_01_wCont/Cls_scattered_01_wCont/OII_all_cross/Cl_488.npy,/path/to/Cls_scattered_01_wCont/Cls_scattered_01_wCont/OIII_all_cross/Cl_488.npy,/path/to/Cls_scattered_01_wCont/Cls_scattered_01_wCont/OII_all_cross/Cl_488_1.npy,/path/to/Cls_scattered_01_wCont/Cls_scattered_01_wCont/OIII_all_cross/Cl_488_1.npy,/path/to/Cls_scattered_01_wCont/Cls_scattered_01_wCont/Shift7_all_cross/Cl_488.npy,/path/to/Cls_scattered_01_wCont/Cls_scattered_01_wCont/Ha/Cl_488.npy,/path/to/Cls_scattered_01_wCont/Cls_scattered_01_wCont/OII/Cl_488.npy,/path/to/Cls_scattered_01_wCont/Cls_scattered_01_wCont/OIII/Cl_488.npy,/path/to/Cls_scattered_01_wCont/Cls_scattered_01_wCont/Cont/Cl_488.npy,1.2948067398741843,0.3304239957593381
/path/to/Cls_scattered_01_wCont/Cls_scattered_01_wCont/Ha_OII_OIII_Cont/Cl_489.npy,/path/to/Cls_scattered_01_wCont/Cls_scattered_01_wCont/OII_all_cross/Cl_489.npy,/path/to/Cls_scattered_01_wCont/Cls_scattered_01_wCont/OIII_all_cross/Cl_489.npy,/path/to/Cls_scattered_01_wCont/Cls_scattered_01_wCont/OII_all_cross/Cl_489_1.npy,/path/to/Cls_scattered_01_wCont/Cls_scattered_01_wCont/OIII_all_cross/Cl_489_1.npy,/path/to/Cls_scattered_01_wCont/Cls_scattered_01_wCont/Shift7_all_cross/Cl_489.npy,/path/to/Cls_scattered_01_wCont/Cls_scattered_01_wCont/Ha/Cl_489.npy,/path/to/Cls_scattered_01_wCont/Cls_scattered_01_wCont/OII/Cl_489.npy,/path/to/Cls_scattered_01_wCont/Cls_scattered_01_wCont/OIII/Cl_489.npy,/path/to/Cls_scattered_01_wCont/Cls_scattered_01_wCont/Cont/Cl_489.npy,0.8591342842206359,1.843166785966605
/path/to/Cls_scattered_01_wCont/Cls_scattered_01_wCont/Ha_OII_OIII_Cont/Cl_490.npy,/path/to/Cls_scattered_01_wCont/Cls_scattered_01_wCont/OII_all_cross/Cl_490.npy,/path/to/Cls_scattered_01_wCont/Cls_scattered_01_wCont/OIII_all_cross/Cl_490.npy,/path/to/Cls_scattered_01_wCont/Cls_scattered_01_wCont/OII_all_cross/Cl_490_1.npy,/path/to/Cls_scattered_01_wCont/Cls_scattered_01_wCont/OIII_all_cross/Cl_490_1.npy,/path/to/Cls_scattered_01_wCont/Cls_scattered_01_wCont/Shift7_all_cross/Cl_490.npy,/path/to/Cls_scattered_01_wCont/Cls_scattered_01_wCont/Ha/Cl_490.npy,/path/to/Cls_scattered_01_wCont/Cls_scattered_01_wCont/OII/Cl_490.npy,/path/to/Cls_scattered_01_wCont/Cls_scattered_01_wCont/OIII/Cl_490.npy,/path/to/Cls_scattered_01_wCont/Cls_scattered_01_wCont/Cont/Cl_490.npy,0.40733061106875534,0.7779957938939333
/path/to/Cls_scattered_01_wCont/Cls_scattered_01_wCont/Ha_OII_OIII_Cont/Cl_491.npy,/path/to/Cls_scattered_01_wCont/Cls_scattered_01_wCont/OII_all_cross/Cl_491.npy,/path/to/Cls_scattered_01_wCont/Cls_scattered_01_wCont/OIII_all_cross/Cl_491.npy,/path/to/Cls_scattered_01_wCont/Cls_scattered_01_wCont/OII_all_cross/Cl_491_1.npy,/path/to/Cls_scattered_01_wCont/Cls_scattered_01_wCont/OIII_all_cross/Cl_491_1.npy,/path/to/Cls_scattered_01_wCont/Cls_scattered_01_wCont/Shift7_all_cross/Cl_491.npy,/path/to/Cls_scattered_01_wCont/Cls_scattered_01_wCont/Ha/Cl_491.npy,/path/to/Cls_scattered_01_wCont/Cls_scattered_01_wCont/OII/Cl_491.npy,/path/to/Cls_scattered_01_wCont/Cls_scattered_01_wCont/OIII/Cl_491.npy,/path/to/Cls_scattered_01_wCont/Cls_scattered_01_wCont/Cont/Cl_491.npy,1.8802109898068011,1.395475620031357
/path/to/Cls_scattered_01_wCont/Cls_scattered_01_wCont/Ha_OII_OIII_Cont/Cl_492.npy,/path/to/Cls_scattered_01_wCont/Cls_scattered_01_wCont/OII_all_cross/Cl_492.npy,/path/to/Cls_scattered_01_wCont/Cls_scattered_01_wCont/OIII_all_cross/Cl_492.npy,/path/to/Cls_scattered_01_wCont/Cls_scattered_01_wCont/OII_all_cross/Cl_492_1.npy,/path/to/Cls_scattered_01_wCont/Cls_scattered_01_wCont/OIII_all_cross/Cl_492_1.npy,/path/to/Cls_scattered_01_wCont/Cls_scattered_01_wCont/Shift7_all_cross/Cl_492.npy,/path/to/Cls_scattered_01_wCont/Cls_scattered_01_wCont/Ha/Cl_492.npy,/path/to/Cls_scattered_01_wCont/Cls_scattered_01_wCont/OII/Cl_492.npy,/path/to/Cls_scattered_01_wCont/Cls_scattered_01_wCont/OIII/Cl_492.npy,/path/to/Cls_scattered_01_wCont/Cls_scattered_01_wCont/Cont/Cl_492.npy,1.5463257305324078,0.9699550385586917
/path/to/Cls_scattered_01_wCont/Cls_scattered_01_wCont/Ha_OII_OIII_Cont/Cl_493.npy,/path/to/Cls_scattered_01_wCont/Cls_scattered_01_wCont/OII_all_cross/Cl_493.npy,/path/to/Cls_scattered_01_wCont/Cls_scattered_01_wCont/OIII_all_cross/Cl_493.npy,/path/to/Cls_scattered_01_wCont/Cls_scattered_01_wCont/OII_all_cross/Cl_493_1.npy,/path/to/Cls_scattered_01_wCont/Cls_scattered_01_wCont/OIII_all_cross/Cl_493_1.npy,/path/to/Cls_scattered_01_wCont/Cls_scattered_01_wCont/Shift7_all_cross/Cl_493.npy,/path/to/Cls_scattered_01_wCont/Cls_scattered_01_wCont/Ha/Cl_493.npy,/path/to/Cls_scattered_01_wCont/Cls_scattered_01_wCont/OII/Cl_493.npy,/path/to/Cls_scattered_01_wCont/Cls_scattered_01_wCont/OIII/Cl_493.npy,/path/to/Cls_scattered_01_wCont/Cls_scattered_01_wCont/Cont/Cl_493.npy,0.1327925492078066,1.0565683274529873
/path/to/Cls_scattered_01_wCont/Cls_scattered_01_wCont/Ha_OII_OIII_Cont/Cl_494.npy,/path/to/Cls_scattered_01_wCont/Cls_scattered_01_wCont/OII_all_cross/Cl_494.npy,/path/to/Cls_scattered_01_wCont/Cls_scattered_01_wCont/OIII_all_cross/Cl_494.npy,/path/to/Cls_scattered_01_wCont/Cls_scattered_01_wCont/OII_all_cross/Cl_494_1.npy,/path/to/Cls_scattered_01_wCont/Cls_scattered_01_wCont/OIII_all_cross/Cl_494_1.npy,/path/to/Cls_scattered_01_wCont/Cls_scattered_01_wCont/Shift7_all_cross/Cl_494.npy,/path/to/Cls_scattered_01_wCont/Cls_scattered_01_wCont/Ha/Cl_494.npy,/path/to/Cls_scattered_01_wCont/Cls_scattered_01_wCont/OII/Cl_494.npy,/path/to/Cls_scattered_01_wCont/Cls_scattered_01_wCont/OIII/Cl_494.npy,/path/to/Cls_scattered_01_wCont/Cls_scattered_01_wCont/Cont/Cl_494.npy,0.658821317832917,0.4666068315505981
/path/to/Cls_scattered_01_wCont/Cls_scattered_01_wCont/Ha_OII_OIII_Cont/Cl_495.npy,/path/to/Cls_scattered_01_wCont/Cls_scattered_01_wCont/OII_all_cross/Cl_495.npy,/path/to/Cls_scattered_01_wCont/Cls_scattered_01_wCont/OIII_all_cross/Cl_495.npy,/path/to/Cls_scattered_01_wCont/Cls_scattered_01_wCont/OII_all_cross/Cl_495_1.npy,/path/to/Cls_scattered_01_wCont/Cls_scattered_01_wCont/OIII_all_cross/Cl_495_1.npy,/path/to/Cls_scattered_01_wCont/Cls_scattered_01_wCont/Shift7_all_cross/Cl_495.npy,/path/to/Cls_scattered_01_wCont/Cls_scattered_01_wCont/Ha/Cl_495.npy,/path/to/Cls_scattered_01_wCont/Cls_scattered_01_wCont/OII/Cl_495.npy,/path/to/Cls_scattered_01_wCont/Cls_scattered_01_wCont/OIII/Cl_495.npy,/path/to/Cls_scattered_01_wCont/Cls_scattered_01_wCont/Cont/Cl_495.npy,1.153898388054222,1.5598112095147372
/path/to/Cls_scattered_01_wCont/Cls_scattered_01_wCont/Ha_OII_OIII_Cont/Cl_496.npy,/path/to/Cls_scattered_01_wCont/Cls_scattered_01_wCont/OII_all_cross/Cl_496.npy,/path/to/Cls_scattered_01_wCont/Cls_scattered_01_wCont/OIII_all_cross/Cl_496.npy,/path/to/Cls_scattered_01_wCont/Cls_scattered_01_wCont/OII_all_cross/Cl_496_1.npy,/path/to/Cls_scattered_01_wCont/Cls_scattered_01_wCont/OIII_all_cross/Cl_496_1.npy,/path/to/Cls_scattered_01_wCont/Cls_scattered_01_wCont/Shift7_all_cross/Cl_496.npy,/path/to/Cls_scattered_01_wCont/Cls_scattered_01_wCont/Ha/Cl_496.npy,/path/to/Cls_scattered_01_wCont/Cls_scattered_01_wCont/OII/Cl_496.npy,/path/to/Cls_scattered_01_wCont/Cls_scattered_01_wCont/OIII/Cl_496.npy,/path/to/Cls_scattered_01_wCont/Cls_scattered_01_wCont/Cont/Cl_496.npy,1.056494450289756,0.5556294007226824
/path/to/Cls_scattered_01_wCont/Cls_scattered_01_wCont/Ha_OII_OIII_Cont/Cl_497.npy,/path/to/Cls_scattered_01_wCont/Cls_scattered_01_wCont/OII_all_cross/Cl_497.npy,/path/to/Cls_scattered_01_wCont/Cls_scattered_01_wCont/OIII_all_cross/Cl_497.npy,/path/to/Cls_scattered_01_wCont/Cls_scattered_01_wCont/OII_all_cross/Cl_497_1.npy,/path/to/Cls_scattered_01_wCont/Cls_scattered_01_wCont/OIII_all_cross/Cl_497_1.npy,/path/to/Cls_scattered_01_wCont/Cls_scattered_01_wCont/Shift7_all_cross/Cl_497.npy,/path/to/Cls_scattered_01_wCont/Cls_scattered_01_wCont/Ha/Cl_497.npy,/path/to/Cls_scattered_01_wCont/Cls_scattered_01_wCont/OII/Cl_497.npy,/path/to/Cls_scattered_01_wCont/Cls_scattered_01_wCont/OIII/Cl_497.npy,/path/to/Cls_scattered_01_wCont/Cls_scattered_01_wCont/Cont/Cl_497.npy,0.621982851717621,1.589662088640034
/path/to/Cls_scattered_01_wCont/Cls_scattered_01_wCont/Ha_OII_OIII_Cont/Cl_498.npy,/path/to/Cls_scattered_01_wCont/Cls_scattered_01_wCont/OII_all_cross/Cl_498.npy,/path/to/Cls_scattered_01_wCont/Cls_scattered_01_wCont/OIII_all_cross/Cl_498.npy,/path/to/Cls_scattered_01_wCont/Cls_scattered_01_wCont/OII_all_cross/Cl_498_1.npy,/path/to/Cls_scattered_01_wCont/Cls_scattered_01_wCont/OIII_all_cross/Cl_498_1.npy,/path/to/Cls_scattered_01_wCont/Cls_scattered_01_wCont/Shift7_all_cross/Cl_498.npy,/path/to/Cls_scattered_01_wCont/Cls_scattered_01_wCont/Ha/Cl_498.npy,/path/to/Cls_scattered_01_wCont/Cls_scattered_01_wCont/OII/Cl_498.npy,/path/to/Cls_scattered_01_wCont/Cls_scattered_01_wCont/OIII/Cl_498.npy,/path/to/Cls_scattered_01_wCont/Cls_scattered_01_wCont/Cont/Cl_498.npy,0.17017824072390797,0.9994944834150373
/path/to/Cls_scattered_01_wCont/Cls_scattered_01_wCont/Ha_OII_OIII_Cont/Cl_499.npy,/path/to/Cls_scattered_01_wCont/Cls_scattered_01_wCont/OII_all_cross/Cl_499.npy,/path/to/Cls_scattered_01_wCont/Cls_scattered_01_wCont/OIII_all_cross/Cl_499.npy,/path/to/Cls_scattered_01_wCont/Cls_scattered_01_wCont/OII_all_cross/Cl_499_1.npy,/path/to/Cls_scattered_01_wCont/Cls_scattered_01_wCont/OIII_all_cross/Cl_499_1.npy,/path/to/Cls_scattered_01_wCont/Cls_scattered_01_wCont/Shift7_all_cross/Cl_499.npy,/path/to/Cls_scattered_01_wCont/Cls_scattered_01_wCont/Ha/Cl_499.npy,/path/to/Cls_scattered_01_wCont/Cls_scattered_01_wCont/OII/Cl_499.npy,/path/to/Cls_scattered_01_wCont/Cls_scattered_01_wCont/OIII/Cl_499.npy,/path/to/Cls_scattered_01_wCont/Cls_scattered_01_wCont/Cont/Cl_499.npy,1.6418995743617415,1.1456844401545823
/path/to/Cls_scattered_01_wCont/Cls_scattered_01_wCont/Ha_OII_OIII_Cont/Cl_500.npy,/path/to/Cls_scattered_01_wCont/Cls_scattered_01_wCont/OII_all_cross/Cl_500.npy,/path/to/Cls_scattered_01_wCont/Cls_scattered_01_wCont/OIII_all_cross/Cl_500.npy,/path/to/Cls_scattered_01_wCont/Cls_scattered_01_wCont/OII_all_cross/Cl_500_1.npy,/path/to/Cls_scattered_01_wCont/Cls_scattered_01_wCont/OIII_all_cross/Cl_500_1.npy,/path/to/Cls_scattered_01_wCont/Cls_scattered_01_wCont/Shift7_all_cross/Cl_500.npy,/path/to/Cls_scattered_01_wCont/Cls_scattered_01_wCont/Ha/Cl_500.npy,/path/to/Cls_scattered_01_wCont/Cls_scattered_01_wCont/OII/Cl_500.npy,/path/to/Cls_scattered_01_wCont/Cls_scattered_01_wCont/OIII/Cl_500.npy,/path/to/Cls_scattered_01_wCont/Cls_scattered_01_wCont/Cont/Cl_500.npy,1.783013582509011,0.7484641985967755
/path/to/Cls_scattered_01_wCont/Cls_scattered_01_wCont/Ha_OII_OIII_Cont/Cl_501.npy,/path/to/Cls_scattered_01_wCont/Cls_scattered_01_wCont/OII_all_cross/Cl_501.npy,/path/to/Cls_scattered_01_wCont/Cls_scattered_01_wCont/OIII_all_cross/Cl_501.npy,/path/to/Cls_scattered_01_wCont/Cls_scattered_01_wCont/OII_all_cross/Cl_501_1.npy,/path/to/Cls_scattered_01_wCont/Cls_scattered_01_wCont/OIII_all_cross/Cl_501_1.npy,/path/to/Cls_scattered_01_wCont/Cls_scattered_01_wCont/Shift7_all_cross/Cl_501.npy,/path/to/Cls_scattered_01_wCont/Cls_scattered_01_wCont/Ha/Cl_501.npy,/path/to/Cls_scattered_01_wCont/Cls_scattered_01_wCont/OII/Cl_501.npy,/path/to/Cls_scattered_01_wCont/Cls_scattered_01_wCont/OIII/Cl_501.npy,/path/to/Cls_scattered_01_wCont/Cls_scattered_01_wCont/Cont/Cl_501.npy,0.3706406920216978,1.3063657147809864
/path/to/Cls_scattered_01_wCont/Cls_scattered_01_wCont/Ha_OII_OIII_Cont/Cl_502.npy,/path/to/Cls_scattered_01_wCont/Cls_scattered_01_wCont/OII_all_cross/Cl_502.npy,/path/to/Cls_scattered_01_wCont/Cls_scattered_01_wCont/OIII_all_cross/Cl_502.npy,/path/to/Cls_scattered_01_wCont/Cls_scattered_01_wCont/OII_all_cross/Cl_502_1.npy,/path/to/Cls_scattered_01_wCont/Cls_scattered_01_wCont/OIII_all_cross/Cl_502_1.npy,/path/to/Cls_scattered_01_wCont/Cls_scattered_01_wCont/Shift7_all_cross/Cl_502.npy,/path/to/Cls_scattered_01_wCont/Cls_scattered_01_wCont/Ha/Cl_502.npy,/path/to/Cls_scattered_01_wCont/Cls_scattered_01_wCont/OII/Cl_502.npy,/path/to/Cls_scattered_01_wCont/Cls_scattered_01_wCont/OIII/Cl_502.npy,/path/to/Cls_scattered_01_wCont/Cls_scattered_01_wCont/Cont/Cl_502.npy,0.8966685794293879,0.24139359118416906
/path/to/Cls_scattered_01_wCont/Cls_scattered_01_wCont/Ha_OII_OIII_Cont/Cl_503.npy,/path/to/Cls_scattered_01_wCont/Cls_scattered_01_wCont/OII_all_cross/Cl_503.npy,/path/to/Cls_scattered_01_wCont/Cls_scattered_01_wCont/OIII_all_cross/Cl_503.npy,/path/to/Cls_scattered_01_wCont/Cls_scattered_01_wCont/OII_all_cross/Cl_503_1.npy,/path/to/Cls_scattered_01_wCont/Cls_scattered_01_wCont/OIII_all_cross/Cl_503_1.npy,/path/to/Cls_scattered_01_wCont/Cls_scattered_01_wCont/Shift7_all_cross/Cl_503.npy,/path/to/Cls_scattered_01_wCont/Cls_scattered_01_wCont/Ha/Cl_503.npy,/path/to/Cls_scattered_01_wCont/Cls_scattered_01_wCont/OII/Cl_503.npy,/path/to/Cls_scattered_01_wCont/Cls_scattered_01_wCont/OIII/Cl_503.npy,/path/to/Cls_scattered_01_wCont/Cls_scattered_01_wCont/Cont/Cl_503.npy,1.3905871707946063,1.8133097135461866
/path/to/Cls_scattered_01_wCont/Cls_scattered_01_wCont/Ha_OII_OIII_Cont/Cl_504.npy,/path/to/Cls_scattered_01_wCont/Cls_scattered_01_wCont/OII_all_cross/Cl_504.npy,/path/to/Cls_scattered_01_wCont/Cls_scattered_01_wCont/OIII_all_cross/Cl_504.npy,/path/to/Cls_scattered_01_wCont/Cls_scattered_01_wCont/OII_all_cross/Cl_504_1.npy,/path/to/Cls_scattered_01_wCont/Cls_scattered_01_wCont/OIII_all_cross/Cl_504_1.npy,/path/to/Cls_scattered_01_wCont/Cls_scattered_01_wCont/Shift7_all_cross/Cl_504.npy,/path/to/Cls_scattered_01_wCont/Cls_scattered_01_wCont/Ha/Cl_504.npy,/path/to/Cls_scattered_01_wCont/Cls_scattered_01_wCont/OII/Cl_504.npy,/path/to/Cls_scattered_01_wCont/Cls_scattered_01_wCont/OIII/Cl_504.npy,/path/to/Cls_scattered_01_wCont/Cls_scattered_01_wCont/Cont/Cl_504.npy,1.5044164863415064,0.8456443726085126
/path/to/Cls_scattered_01_wCont/Cls_scattered_01_wCont/Ha_OII_OIII_Cont/Cl_505.npy,/path/to/Cls_scattered_01_wCont/Cls_scattered_01_wCont/OII_all_cross/Cl_505.npy,/path/to/Cls_scattered_01_wCont/Cls_scattered_01_wCont/OIII_all_cross/Cl_505.npy,/path/to/Cls_scattered_01_wCont/Cls_scattered_01_wCont/OII_all_cross/Cl_505_1.npy,/path/to/Cls_scattered_01_wCont/Cls_scattered_01_wCont/OIII_all_cross/Cl_505_1.npy,/path/to/Cls_scattered_01_wCont/Cls_scattered_01_wCont/Shift7_all_cross/Cl_505.npy,/path/to/Cls_scattered_01_wCont/Cls_scattered_01_wCont/Ha/Cl_505.npy,/path/to/Cls_scattered_01_wCont/Cls_scattered_01_wCont/OII/Cl_505.npy,/path/to/Cls_scattered_01_wCont/Cls_scattered_01_wCont/OIII/Cl_505.npy,/path/to/Cls_scattered_01_wCont/Cls_scattered_01_wCont/Cont/Cl_505.npy,1.0170228959061205,1.1808896387927235
/path/to/Cls_scattered_01_wCont/Cls_scattered_01_wCont/Ha_OII_OIII_Cont/Cl_506.npy,/path/to/Cls_scattered_01_wCont/Cls_scattered_01_wCont/OII_all_cross/Cl_506.npy,/path/to/Cls_scattered_01_wCont/Cls_scattered_01_wCont/OIII_all_cross/Cl_506.npy,/path/to/Cls_scattered_01_wCont/Cls_scattered_01_wCont/OII_all_cross/Cl_506_1.npy,/path/to/Cls_scattered_01_wCont/Cls_scattered_01_wCont/OIII_all_cross/Cl_506_1.npy,/path/to/Cls_scattered_01_wCont/Cls_scattered_01_wCont/Shift7_all_cross/Cl_506.npy,/path/to/Cls_scattered_01_wCont/Cls_scattered_01_wCont/Ha/Cl_506.npy,/path/to/Cls_scattered_01_wCont/Cls_scattered_01_wCont/OII/Cl_506.npy,/path/to/Cls_scattered_01_wCont/Cls_scattered_01_wCont/OIII/Cl_506.npy,/path/to/Cls_scattered_01_wCont/Cls_scattered_01_wCont/Cont/Cl_506.npy,0.49100089389830825,0.33857376165688036
/path/to/Cls_scattered_01_wCont/Cls_scattered_01_wCont/Ha_OII_OIII_Cont/Cl_507.npy,/path/to/Cls_scattered_01_wCont/Cls_scattered_01_wCont/OII_all_cross/Cl_507.npy,/path/to/Cls_scattered_01_wCont/Cls_scattered_01_wCont/OIII_all_cross/Cl_507.npy,/path/to/Cls_scattered_01_wCont/Cls_scattered_01_wCont/OII_all_cross/Cl_507_1.npy,/path/to/Cls_scattered_01_wCont/Cls_scattered_01_wCont/OIII_all_cross/Cl_507_1.npy,/path/to/Cls_scattered_01_wCont/Cls_scattered_01_wCont/Shift7_all_cross/Cl_507.npy,/path/to/Cls_scattered_01_wCont/Cls_scattered_01_wCont/Ha/Cl_507.npy,/path/to/Cls_scattered_01_wCont/Cls_scattered_01_wCont/OII/Cl_507.npy,/path/to/Cls_scattered_01_wCont/Cls_scattered_01_wCont/OIII/Cl_507.npy,/path/to/Cls_scattered_01_wCont/Cls_scattered_01_wCont/Cont/Cl_507.npy,1.8968524074181914,1.687833634018898
/path/to/Cls_scattered_01_wCont/Cls_scattered_01_wCont/Ha_OII_OIII_Cont/Cl_508.npy,/path/to/Cls_scattered_01_wCont/Cls_scattered_01_wCont/OII_all_cross/Cl_508.npy,/path/to/Cls_scattered_01_wCont/Cls_scattered_01_wCont/OIII_all_cross/Cl_508.npy,/path/to/Cls_scattered_01_wCont/Cls_scattered_01_wCont/OII_all_cross/Cl_508_1.npy,/path/to/Cls_scattered_01_wCont/Cls_scattered_01_wCont/OIII_all_cross/Cl_508_1.npy,/path/to/Cls_scattered_01_wCont/Cls_scattered_01_wCont/Shift7_all_cross/Cl_508.npy,/path/to/Cls_scattered_01_wCont/Cls_scattered_01_wCont/Ha/Cl_508.npy,/path/to/Cls_scattered_01_wCont/Cls_scattered_01_wCont/OII/Cl_508.npy,/path/to/Cls_scattered_01_wCont/Cls_scattered_01_wCont/OIII/Cl_508.npy,/path/to/Cls_scattered_01_wCont/Cls_scattered_01_wCont/Cont/Cl_508.npy,1.7558199915103614,0.20610547317191957
/path/to/Cls_scattered_01_wCont/Cls_scattered_01_wCont/Ha_OII_OIII_Cont/Cl_509.npy,/path/to/Cls_scattered_01_wCont/Cls_scattered_01_wCont/OII_all_cross/Cl_509.npy,/path/to/Cls_scattered_01_wCont/Cls_scattered_01_wCont/OIII_all_cross/Cl_509.npy,/path/to/Cls_scattered_01_wCont/Cls_scattered_01_wCont/OII_all_cross/Cl_509_1.npy,/path/to/Cls_scattered_01_wCont/Cls_scattered_01_wCont/OIII_all_cross/Cl_509_1.npy,/path/to/Cls_scattered_01_wCont/Cls_scattered_01_wCont/Shift7_all_cross/Cl_509.npy,/path/to/Cls_scattered_01_wCont/Cls_scattered_01_wCont/Ha/Cl_509.npy,/path/to/Cls_scattered_01_wCont/Cls_scattered_01_wCont/OII/Cl_509.npy,/path/to/Cls_scattered_01_wCont/Cls_scattered_01_wCont/OIII/Cl_509.npy,/path/to/Cls_scattered_01_wCont/Cls_scattered_01_wCont/Cont/Cl_509.npy,0.2905655621550977,1.9674819110892714
/path/to/Cls_scattered_01_wCont/Cls_scattered_01_wCont/Ha_OII_OIII_Cont/Cl_510.npy,/path/to/Cls_scattered_01_wCont/Cls_scattered_01_wCont/OII_all_cross/Cl_510.npy,/path/to/Cls_scattered_01_wCont/Cls_scattered_01_wCont/OIII_all_cross/Cl_510.npy,/path/to/Cls_scattered_01_wCont/Cls_scattered_01_wCont/OII_all_cross/Cl_510_1.npy,/path/to/Cls_scattered_01_wCont/Cls_scattered_01_wCont/OIII_all_cross/Cl_510_1.npy,/path/to/Cls_scattered_01_wCont/Cls_scattered_01_wCont/Shift7_all_cross/Cl_510.npy,/path/to/Cls_scattered_01_wCont/Cls_scattered_01_wCont/Ha/Cl_510.npy,/path/to/Cls_scattered_01_wCont/Cls_scattered_01_wCont/OII/Cl_510.npy,/path/to/Cls_scattered_01_wCont/Cls_scattered_01_wCont/OIII/Cl_510.npy,/path/to/Cls_scattered_01_wCont/Cls_scattered_01_wCont/Cont/Cl_510.npy,0.7423751525580883,0.6499705523252487
/path/to/Cls_scattered_01_wCont/Cls_scattered_01_wCont/Ha_OII_OIII_Cont/Cl_511.npy,/path/to/Cls_scattered_01_wCont/Cls_scattered_01_wCont/OII_all_cross/Cl_511.npy,/path/to/Cls_scattered_01_wCont/Cls_scattered_01_wCont/OIII_all_cross/Cl_511.npy,/path/to/Cls_scattered_01_wCont/Cls_scattered_01_wCont/OII_all_cross/Cl_511_1.npy,/path/to/Cls_scattered_01_wCont/Cls_scattered_01_wCont/OIII_all_cross/Cl_511_1.npy,/path/to/Cls_scattered_01_wCont/Cls_scattered_01_wCont/Shift7_all_cross/Cl_511.npy,/path/to/Cls_scattered_01_wCont/Cls_scattered_01_wCont/Ha/Cl_511.npy,/path/to/Cls_scattered_01_wCont/Cls_scattered_01_wCont/OII/Cl_511.npy,/path/to/Cls_scattered_01_wCont/Cls_scattered_01_wCont/OIII/Cl_511.npy,/path/to/Cls_scattered_01_wCont/Cls_scattered_01_wCont/Cont/Cl_511.npy,1.1704234708100558,1.5235042590647936
/path/to/Cls_scattered_01_wCont/Cls_scattered_01_wCont/Ha_OII_OIII_Cont/Cl_512.npy,/path/to/Cls_scattered_01_wCont/Cls_scattered_01_wCont/OII_all_cross/Cl_512.npy,/path/to/Cls_scattered_01_wCont/Cls_scattered_01_wCont/OIII_all_cross/Cl_512.npy,/path/to/Cls_scattered_01_wCont/Cls_scattered_01_wCont/OII_all_cross/Cl_512_1.npy,/path/to/Cls_scattered_01_wCont/Cls_scattered_01_wCont/OIII_all_cross/Cl_512_1.npy,/path/to/Cls_scattered_01_wCont/Cls_scattered_01_wCont/Shift7_all_cross/Cl_512.npy,/path/to/Cls_scattered_01_wCont/Cls_scattered_01_wCont/Ha/Cl_512.npy,/path/to/Cls_scattered_01_wCont/Cls_scattered_01_wCont/OII/Cl_512.npy,/path/to/Cls_scattered_01_wCont/Cls_scattered_01_wCont/OIII/Cl_512.npy,/path/to/Cls_scattered_01_wCont/Cls_scattered_01_wCont/Cont/Cl_512.npy,1.1718222052790226,0.20765133909881114
/path/to/Cls_scattered_01_wCont/Cls_scattered_01_wCont/Ha_OII_OIII_Cont/Cl_513.npy,/path/to/Cls_scattered_01_wCont/Cls_scattered_01_wCont/OII_all_cross/Cl_513.npy,/path/to/Cls_scattered_01_wCont/Cls_scattered_01_wCont/OIII_all_cross/Cl_513.npy,/path/to/Cls_scattered_01_wCont/Cls_scattered_01_wCont/OII_all_cross/Cl_513_1.npy,/path/to/Cls_scattered_01_wCont/Cls_scattered_01_wCont/OIII_all_cross/Cl_513_1.npy,/path/to/Cls_scattered_01_wCont/Cls_scattered_01_wCont/Shift7_all_cross/Cl_513.npy,/path/to/Cls_scattered_01_wCont/Cls_scattered_01_wCont/Ha/Cl_513.npy,/path/to/Cls_scattered_01_wCont/Cls_scattered_01_wCont/OII/Cl_513.npy,/path/to/Cls_scattered_01_wCont/Cls_scattered_01_wCont/OIII/Cl_513.npy,/path/to/Cls_scattered_01_wCont/Cls_scattered_01_wCont/Cont/Cl_513.npy,0.7447023150511085,1.9653453357517718
/path/to/Cls_scattered_01_wCont/Cls_scattered_01_wCont/Ha_OII_OIII_Cont/Cl_514.npy,/path/to/Cls_scattered_01_wCont/Cls_scattered_01_wCont/OII_all_cross/Cl_514.npy,/path/to/Cls_scattered_01_wCont/Cls_scattered_01_wCont/OIII_all_cross/Cl_514.npy,/path/to/Cls_scattered_01_wCont/Cls_scattered_01_wCont/OII_all_cross/Cl_514_1.npy,/path/to/Cls_scattered_01_wCont/Cls_scattered_01_wCont/OIII_all_cross/Cl_514_1.npy,/path/to/Cls_scattered_01_wCont/Cls_scattered_01_wCont/Shift7_all_cross/Cl_514.npy,/path/to/Cls_scattered_01_wCont/Cls_scattered_01_wCont/Ha/Cl_514.npy,/path/to/Cls_scattered_01_wCont/Cls_scattered_01_wCont/OII/Cl_514.npy,/path/to/Cls_scattered_01_wCont/Cls_scattered_01_wCont/OIII/Cl_514.npy,/path/to/Cls_scattered_01_wCont/Cls_scattered_01_wCont/Cont/Cl_514.npy,0.2928913479670882,0.6553387678228318
/path/to/Cls_scattered_01_wCont/Cls_scattered_01_wCont/Ha_OII_OIII_Cont/Cl_515.npy,/path/to/Cls_scattered_01_wCont/Cls_scattered_01_wCont/OII_all_cross/Cl_515.npy,/path/to/Cls_scattered_01_wCont/Cls_scattered_01_wCont/OIII_all_cross/Cl_515.npy,/path/to/Cls_scattered_01_wCont/Cls_scattered_01_wCont/OII_all_cross/Cl_515_1.npy,/path/to/Cls_scattered_01_wCont/Cls_scattered_01_wCont/OIII_all_cross/Cl_515_1.npy,/path/to/Cls_scattered_01_wCont/Cls_scattered_01_wCont/Shift7_all_cross/Cl_515.npy,/path/to/Cls_scattered_01_wCont/Cls_scattered_01_wCont/Ha/Cl_515.npy,/path/to/Cls_scattered_01_wCont/Cls_scattered_01_wCont/OII/Cl_515.npy,/path/to/Cls_scattered_01_wCont/Cls_scattered_01_wCont/OIII/Cl_515.npy,/path/to/Cls_scattered_01_wCont/Cls_scattered_01_wCont/Cont/Cl_515.npy,1.7572191895917058,1.5177700269035996
/path/to/Cls_scattered_01_wCont/Cls_scattered_01_wCont/Ha_OII_OIII_Cont/Cl_516.npy,/path/to/Cls_scattered_01_wCont/Cls_scattered_01_wCont/OII_all_cross/Cl_516.npy,/path/to/Cls_scattered_01_wCont/Cls_scattered_01_wCont/OIII_all_cross/Cl_516.npy,/path/to/Cls_scattered_01_wCont/Cls_scattered_01_wCont/OII_all_cross/Cl_516_1.npy,/path/to/Cls_scattered_01_wCont/Cls_scattered_01_wCont/OIII_all_cross/Cl_516_1.npy,/path/to/Cls_scattered_01_wCont/Cls_scattered_01_wCont/Shift7_all_cross/Cl_516.npy,/path/to/Cls_scattered_01_wCont/Cls_scattered_01_wCont/Ha/Cl_516.npy,/path/to/Cls_scattered_01_wCont/Cls_scattered_01_wCont/OII/Cl_516.npy,/path/to/Cls_scattered_01_wCont/Cls_scattered_01_wCont/OIII/Cl_516.npy,/path/to/Cls_scattered_01_wCont/Cls_scattered_01_wCont/Cont/Cl_516.npy,1.8982504694722593,0.8476898498833179
/path/to/Cls_scattered_01_wCont/Cls_scattered_01_wCont/Ha_OII_OIII_Cont/Cl_517.npy,/path/to/Cls_scattered_01_wCont/Cls_scattered_01_wCont/OII_all_cross/Cl_517.npy,/path/to/Cls_scattered_01_wCont/Cls_scattered_01_wCont/OIII_all_cross/Cl_517.npy,/path/to/Cls_scattered_01_wCont/Cls_scattered_01_wCont/OII_all_cross/Cl_517_1.npy,/path/to/Cls_scattered_01_wCont/Cls_scattered_01_wCont/OIII_all_cross/Cl_517_1.npy,/path/to/Cls_scattered_01_wCont/Cls_scattered_01_wCont/Shift7_all_cross/Cl_517.npy,/path/to/Cls_scattered_01_wCont/Cls_scattered_01_wCont/Ha/Cl_517.npy,/path/to/Cls_scattered_01_wCont/Cls_scattered_01_wCont/OII/Cl_517.npy,/path/to/Cls_scattered_01_wCont/Cls_scattered_01_wCont/OIII/Cl_517.npy,/path/to/Cls_scattered_01_wCont/Cls_scattered_01_wCont/Cont/Cl_517.npy,0.49332780865952375,1.1791956823319196
/path/to/Cls_scattered_01_wCont/Cls_scattered_01_wCont/Ha_OII_OIII_Cont/Cl_518.npy,/path/to/Cls_scattered_01_wCont/Cls_scattered_01_wCont/OII_all_cross/Cl_518.npy,/path/to/Cls_scattered_01_wCont/Cls_scattered_01_wCont/OIII_all_cross/Cl_518.npy,/path/to/Cls_scattered_01_wCont/Cls_scattered_01_wCont/OII_all_cross/Cl_518_1.npy,/path/to/Cls_scattered_01_wCont/Cls_scattered_01_wCont/OIII_all_cross/Cl_518_1.npy,/path/to/Cls_scattered_01_wCont/Cls_scattered_01_wCont/Shift7_all_cross/Cl_518.npy,/path/to/Cls_scattered_01_wCont/Cls_scattered_01_wCont/Ha/Cl_518.npy,/path/to/Cls_scattered_01_wCont/Cls_scattered_01_wCont/OII/Cl_518.npy,/path/to/Cls_scattered_01_wCont/Cls_scattered_01_wCont/OIII/Cl_518.npy,/path/to/Cls_scattered_01_wCont/Cls_scattered_01_wCont/Cont/Cl_518.npy,1.019349368289113,0.34445795295760034
/path/to/Cls_scattered_01_wCont/Cls_scattered_01_wCont/Ha_OII_OIII_Cont/Cl_519.npy,/path/to/Cls_scattered_01_wCont/Cls_scattered_01_wCont/OII_all_cross/Cl_519.npy,/path/to/Cls_scattered_01_wCont/Cls_scattered_01_wCont/OIII_all_cross/Cl_519.npy,/path/to/Cls_scattered_01_wCont/Cls_scattered_01_wCont/OII_all_cross/Cl_519_1.npy,/path/to/Cls_scattered_01_wCont/Cls_scattered_01_wCont/OIII_all_cross/Cl_519_1.npy,/path/to/Cls_scattered_01_wCont/Cls_scattered_01_wCont/Shift7_all_cross/Cl_519.npy,/path/to/Cls_scattered_01_wCont/Cls_scattered_01_wCont/Ha/Cl_519.npy,/path/to/Cls_scattered_01_wCont/Cls_scattered_01_wCont/OII/Cl_519.npy,/path/to/Cls_scattered_01_wCont/Cls_scattered_01_wCont/OIII/Cl_519.npy,/path/to/Cls_scattered_01_wCont/Cls_scattered_01_wCont/Cont/Cl_519.npy,1.505815889686346,1.6825546479783953
/path/to/Cls_scattered_01_wCont/Cls_scattered_01_wCont/Ha_OII_OIII_Cont/Cl_520.npy,/path/to/Cls_scattered_01_wCont/Cls_scattered_01_wCont/OII_all_cross/Cl_520.npy,/path/to/Cls_scattered_01_wCont/Cls_scattered_01_wCont/OIII_all_cross/Cl_520.npy,/path/to/Cls_scattered_01_wCont/Cls_scattered_01_wCont/OII_all_cross/Cl_520_1.npy,/path/to/Cls_scattered_01_wCont/Cls_scattered_01_wCont/OIII_all_cross/Cl_520_1.npy,/path/to/Cls_scattered_01_wCont/Cls_scattered_01_wCont/Shift7_all_cross/Cl_520.npy,/path/to/Cls_scattered_01_wCont/Cls_scattered_01_wCont/Ha/Cl_520.npy,/path/to/Cls_scattered_01_wCont/Cls_scattered_01_wCont/OII/Cl_520.npy,/path/to/Cls_scattered_01_wCont/Cls_scattered_01_wCont/OIII/Cl_520.npy,/path/to/Cls_scattered_01_wCont/Cls_scattered_01_wCont/Cont/Cl_520.npy,1.389201116655022,0.7500458122231066
/path/to/Cls_scattered_01_wCont/Cls_scattered_01_wCont/Ha_OII_OIII_Cont/Cl_521.npy,/path/to/Cls_scattered_01_wCont/Cls_scattered_01_wCont/OII_all_cross/Cl_521.npy,/path/to/Cls_scattered_01_wCont/Cls_scattered_01_wCont/OIII_all_cross/Cl_521.npy,/path/to/Cls_scattered_01_wCont/Cls_scattered_01_wCont/OII_all_cross/Cl_521_1.npy,/path/to/Cls_scattered_01_wCont/Cls_scattered_01_wCont/OIII_all_cross/Cl_521_1.npy,/path/to/Cls_scattered_01_wCont/Cls_scattered_01_wCont/Shift7_all_cross/Cl_521.npy,/path/to/Cls_scattered_01_wCont/Cls_scattered_01_wCont/Ha/Cl_521.npy,/path/to/Cls_scattered_01_wCont/Cls_scattered_01_wCont/OII/Cl_521.npy,/path/to/Cls_scattered_01_wCont/Cls_scattered_01_wCont/OIII/Cl_521.npy,/path/to/Cls_scattered_01_wCont/Cls_scattered_01_wCont/Cont/Cl_521.npy,0.8943577495403587,1.3042078946717084
/path/to/Cls_scattered_01_wCont/Cls_scattered_01_wCont/Ha_OII_OIII_Cont/Cl_522.npy,/path/to/Cls_scattered_01_wCont/Cls_scattered_01_wCont/OII_all_cross/Cl_522.npy,/path/to/Cls_scattered_01_wCont/Cls_scattered_01_wCont/OIII_all_cross/Cl_522.npy,/path/to/Cls_scattered_01_wCont/Cls_scattered_01_wCont/OII_all_cross/Cl_522_1.npy,/path/to/Cls_scattered_01_wCont/Cls_scattered_01_wCont/OIII_all_cross/Cl_522_1.npy,/path/to/Cls_scattered_01_wCont/Cls_scattered_01_wCont/Shift7_all_cross/Cl_522.npy,/path/to/Cls_scattered_01_wCont/Cls_scattered_01_wCont/Ha/Cl_522.npy,/path/to/Cls_scattered_01_wCont/Cls_scattered_01_wCont/OII/Cl_522.npy,/path/to/Cls_scattered_01_wCont/Cls_scattered_01_wCont/OIII/Cl_522.npy,/path/to/Cls_scattered_01_wCont/Cls_scattered_01_wCont/Cont/Cl_522.npy,0.3683275794610381,0.24681391175836326
/path/to/Cls_scattered_01_wCont/Cls_scattered_01_wCont/Ha_OII_OIII_Cont/Cl_523.npy,/path/to/Cls_scattered_01_wCont/Cls_scattered_01_wCont/OII_all_cross/Cl_523.npy,/path/to/Cls_scattered_01_wCont/Cls_scattered_01_wCont/OIII_all_cross/Cl_523.npy,/path/to/Cls_scattered_01_wCont/Cls_scattered_01_wCont/OII_all_cross/Cl_523_1.npy,/path/to/Cls_scattered_01_wCont/Cls_scattered_01_wCont/OIII_all_cross/Cl_523_1.npy,/path/to/Cls_scattered_01_wCont/Cls_scattered_01_wCont/Shift7_all_cross/Cl_523.npy,/path/to/Cls_scattered_01_wCont/Cls_scattered_01_wCont/Ha/Cl_523.npy,/path/to/Cls_scattered_01_wCont/Cls_scattered_01_wCont/OII/Cl_523.npy,/path/to/Cls_scattered_01_wCont/Cls_scattered_01_wCont/OIII/Cl_523.npy,/path/to/Cls_scattered_01_wCont/Cls_scattered_01_wCont/Cont/Cl_523.npy,1.7816307099536062,1.807566856779158
/path/to/Cls_scattered_01_wCont/Cls_scattered_01_wCont/Ha_OII_OIII_Cont/Cl_524.npy,/path/to/Cls_scattered_01_wCont/Cls_scattered_01_wCont/OII_all_cross/Cl_524.npy,/path/to/Cls_scattered_01_wCont/Cls_scattered_01_wCont/OIII_all_cross/Cl_524.npy,/path/to/Cls_scattered_01_wCont/Cls_scattered_01_wCont/OII_all_cross/Cl_524_1.npy,/path/to/Cls_scattered_01_wCont/Cls_scattered_01_wCont/OIII_all_cross/Cl_524_1.npy,/path/to/Cls_scattered_01_wCont/Cls_scattered_01_wCont/Shift7_all_cross/Cl_524.npy,/path/to/Cls_scattered_01_wCont/Cls_scattered_01_wCont/Ha/Cl_524.npy,/path/to/Cls_scattered_01_wCont/Cls_scattered_01_wCont/OII/Cl_524.npy,/path/to/Cls_scattered_01_wCont/Cls_scattered_01_wCont/OIII/Cl_524.npy,/path/to/Cls_scattered_01_wCont/Cls_scattered_01_wCont/Cont/Cl_524.npy,1.6405142067931593,0.5576391373760998
/path/to/Cls_scattered_01_wCont/Cls_scattered_01_wCont/Ha_OII_OIII_Cont/Cl_525.npy,/path/to/Cls_scattered_01_wCont/Cls_scattered_01_wCont/OII_all_cross/Cl_525.npy,/path/to/Cls_scattered_01_wCont/Cls_scattered_01_wCont/OIII_all_cross/Cl_525.npy,/path/to/Cls_scattered_01_wCont/Cls_scattered_01_wCont/OII_all_cross/Cl_525_1.npy,/path/to/Cls_scattered_01_wCont/Cls_scattered_01_wCont/OIII_all_cross/Cl_525_1.npy,/path/to/Cls_scattered_01_wCont/Cls_scattered_01_wCont/Shift7_all_cross/Cl_525.npy,/path/to/Cls_scattered_01_wCont/Cls_scattered_01_wCont/Ha/Cl_525.npy,/path/to/Cls_scattered_01_wCont/Cls_scattered_01_wCont/OII/Cl_525.npy,/path/to/Cls_scattered_01_wCont/Cls_scattered_01_wCont/OIII/Cl_525.npy,/path/to/Cls_scattered_01_wCont/Cls_scattered_01_wCont/Cont/Cl_525.npy,0.16786761609837414,1.5879893840290606
/path/to/Cls_scattered_01_wCont/Cls_scattered_01_wCont/Ha_OII_OIII_Cont/Cl_526.npy,/path/to/Cls_scattered_01_wCont/Cls_scattered_01_wCont/OII_all_cross/Cl_526.npy,/path/to/Cls_scattered_01_wCont/Cls_scattered_01_wCont/OIII_all_cross/Cl_526.npy,/path/to/Cls_scattered_01_wCont/Cls_scattered_01_wCont/OII_all_cross/Cl_526_1.npy,/path/to/Cls_scattered_01_wCont/Cls_scattered_01_wCont/OIII_all_cross/Cl_526_1.npy,/path/to/Cls_scattered_01_wCont/Cls_scattered_01_wCont/Shift7_all_cross/Cl_526.npy,/path/to/Cls_scattered_01_wCont/Cls_scattered_01_wCont/Ha/Cl_526.npy,/path/to/Cls_scattered_01_wCont/Cls_scattered_01_wCont/OII/Cl_526.npy,/path/to/Cls_scattered_01_wCont/Cls_scattered_01_wCont/OIII/Cl_526.npy,/path/to/Cls_scattered_01_wCont/Cls_scattered_01_wCont/Cont/Cl_526.npy,0.6196690667420626,1.0053265625610948
/path/to/Cls_scattered_01_wCont/Cls_scattered_01_wCont/Ha_OII_OIII_Cont/Cl_527.npy,/path/to/Cls_scattered_01_wCont/Cls_scattered_01_wCont/OII_all_cross/Cl_527.npy,/path/to/Cls_scattered_01_wCont/Cls_scattered_01_wCont/OIII_all_cross/Cl_527.npy,/path/to/Cls_scattered_01_wCont/Cls_scattered_01_wCont/OII_all_cross/Cl_527_1.npy,/path/to/Cls_scattered_01_wCont/Cls_scattered_01_wCont/OIII_all_cross/Cl_527_1.npy,/path/to/Cls_scattered_01_wCont/Cls_scattered_01_wCont/Shift7_all_cross/Cl_527.npy,/path/to/Cls_scattered_01_wCont/Cls_scattered_01_wCont/Ha/Cl_527.npy,/path/to/Cls_scattered_01_wCont/Cls_scattered_01_wCont/OII/Cl_527.npy,/path/to/Cls_scattered_01_wCont/Cls_scattered_01_wCont/OIII/Cl_527.npy,/path/to/Cls_scattered_01_wCont/Cls_scattered_01_wCont/Cont/Cl_527.npy,1.0551113300025463,1.1404140716418625
/path/to/Cls_scattered_01_wCont/Cls_scattered_01_wCont/Ha_OII_OIII_Cont/Cl_528.npy,/path/to/Cls_scattered_01_wCont/Cls_scattered_01_wCont/OII_all_cross/Cl_528.npy,/path/to/Cls_scattered_01_wCont/Cls_scattered_01_wCont/OIII_all_cross/Cl_528.npy,/path/to/Cls_scattered_01_wCont/Cls_scattered_01_wCont/OII_all_cross/Cl_528_1.npy,/path/to/Cls_scattered_01_wCont/Cls_scattered_01_wCont/OIII_all_cross/Cl_528_1.npy,/path/to/Cls_scattered_01_wCont/Cls_scattered_01_wCont/Shift7_all_cross/Cl_528.npy,/path/to/Cls_scattered_01_wCont/Cls_scattered_01_wCont/Ha/Cl_528.npy,/path/to/Cls_scattered_01_wCont/Cls_scattered_01_wCont/OII/Cl_528.npy,/path/to/Cls_scattered_01_wCont/Cls_scattered_01_wCont/OIII/Cl_528.npy,/path/to/Cls_scattered_01_wCont/Cls_scattered_01_wCont/Cont/Cl_528.npy,1.1515857284888626,0.9757231604307889
/path/to/Cls_scattered_01_wCont/Cls_scattered_01_wCont/Ha_OII_OIII_Cont/Cl_529.npy,/path/to/Cls_scattered_01_wCont/Cls_scattered_01_wCont/OII_all_cross/Cl_529.npy,/path/to/Cls_scattered_01_wCont/Cls_scattered_01_wCont/OIII_all_cross/Cl_529.npy,/path/to/Cls_scattered_01_wCont/Cls_scattered_01_wCont/OII_all_cross/Cl_529_1.npy,/path/to/Cls_scattered_01_wCont/Cls_scattered_01_wCont/OIII_all_cross/Cl_529_1.npy,/path/to/Cls_scattered_01_wCont/Cls_scattered_01_wCont/Shift7_all_cross/Cl_529.npy,/path/to/Cls_scattered_01_wCont/Cls_scattered_01_wCont/Ha/Cl_529.npy,/path/to/Cls_scattered_01_wCont/Cls_scattered_01_wCont/OII/Cl_529.npy,/path/to/Cls_scattered_01_wCont/Cls_scattered_01_wCont/OIII/Cl_529.npy,/path/to/Cls_scattered_01_wCont/Cls_scattered_01_wCont/Cont/Cl_529.npy,0.6574370862916111,1.0511734701693058
/path/to/Cls_scattered_01_wCont/Cls_scattered_01_wCont/Ha_OII_OIII_Cont/Cl_530.npy,/path/to/Cls_scattered_01_wCont/Cls_scattered_01_wCont/OII_all_cross/Cl_530.npy,/path/to/Cls_scattered_01_wCont/Cls_scattered_01_wCont/OIII_all_cross/Cl_530.npy,/path/to/Cls_scattered_01_wCont/Cls_scattered_01_wCont/OII_all_cross/Cl_530_1.npy,/path/to/Cls_scattered_01_wCont/Cls_scattered_01_wCont/OIII_all_cross/Cl_530_1.npy,/path/to/Cls_scattered_01_wCont/Cls_scattered_01_wCont/Shift7_all_cross/Cl_530.npy,/path/to/Cls_scattered_01_wCont/Cls_scattered_01_wCont/Ha/Cl_530.npy,/path/to/Cls_scattered_01_wCont/Cls_scattered_01_wCont/OII/Cl_530.npy,/path/to/Cls_scattered_01_wCont/Cls_scattered_01_wCont/OIII/Cl_530.npy,/path/to/Cls_scattered_01_wCont/Cls_scattered_01_wCont/Cont/Cl_530.npy,0.13140785405412317,0.4687684065662324
/path/to/Cls_scattered_01_wCont/Cls_scattered_01_wCont/Ha_OII_OIII_Cont/Cl_531.npy,/path/to/Cls_scattered_01_wCont/Cls_scattered_01_wCont/OII_all_cross/Cl_531.npy,/path/to/Cls_scattered_01_wCont/Cls_scattered_01_wCont/OIII_all_cross/Cl_531.npy,/path/to/Cls_scattered_01_wCont/Cls_scattered_01_wCont/OII_all_cross/Cl_531_1.npy,/path/to/Cls_scattered_01_wCont/Cls_scattered_01_wCont/OIII_all_cross/Cl_531_1.npy,/path/to/Cls_scattered_01_wCont/Cls_scattered_01_wCont/Shift7_all_cross/Cl_531.npy,/path/to/Cls_scattered_01_wCont/Cls_scattered_01_wCont/Ha/Cl_531.npy,/path/to/Cls_scattered_01_wCont/Cls_scattered_01_wCont/OII/Cl_531.npy,/path/to/Cls_scattered_01_wCont/Cls_scattered_01_wCont/OIII/Cl_531.npy,/path/to/Cls_scattered_01_wCont/Cls_scattered_01_wCont/Cont/Cl_531.npy,1.5440144476480782,1.558233095984906
/path/to/Cls_scattered_01_wCont/Cls_scattered_01_wCont/Ha_OII_OIII_Cont/Cl_532.npy,/path/to/Cls_scattered_01_wCont/Cls_scattered_01_wCont/OII_all_cross/Cl_532.npy,/path/to/Cls_scattered_01_wCont/Cls_scattered_01_wCont/OIII_all_cross/Cl_532.npy,/path/to/Cls_scattered_01_wCont/Cls_scattered_01_wCont/OII_all_cross/Cl_532_1.npy,/path/to/Cls_scattered_01_wCont/Cls_scattered_01_wCont/OIII_all_cross/Cl_532_1.npy,/path/to/Cls_scattered_01_wCont/Cls_scattered_01_wCont/Shift7_all_cross/Cl_532.npy,/path/to/Cls_scattered_01_wCont/Cls_scattered_01_wCont/Ha/Cl_532.npy,/path/to/Cls_scattered_01_wCont/Cls_scattered_01_wCont/OII/Cl_532.npy,/path/to/Cls_scattered_01_wCont/Cls_scattered_01_wCont/OIII/Cl_532.npy,/path/to/Cls_scattered_01_wCont/Cls_scattered_01_wCont/Cont/Cl_532.npy,1.8778985638171435,0.33567634001374247
/path/to/Cls_scattered_01_wCont/Cls_scattered_01_wCont/Ha_OII_OIII_Cont/Cl_533.npy,/path/to/Cls_scattered_01_wCont/Cls_scattered_01_wCont/OII_all_cross/Cl_533.npy,/path/to/Cls_scattered_01_wCont/Cls_scattered_01_wCont/OIII_all_cross/Cl_533.npy,/path/to/Cls_scattered_01_wCont/Cls_scattered_01_wCont/OII_all_cross/Cl_533_1.npy,/path/to/Cls_scattered_01_wCont/Cls_scattered_01_wCont/OIII_all_cross/Cl_533_1.npy,/path/to/Cls_scattered_01_wCont/Cls_scattered_01_wCont/Shift7_all_cross/Cl_533.npy,/path/to/Cls_scattered_01_wCont/Cls_scattered_01_wCont/Ha/Cl_533.npy,/path/to/Cls_scattered_01_wCont/Cls_scattered_01_wCont/OII/Cl_533.npy,/path/to/Cls_scattered_01_wCont/Cls_scattered_01_wCont/OIII/Cl_533.npy,/path/to/Cls_scattered_01_wCont/Cls_scattered_01_wCont/Cont/Cl_533.npy,0.4059470377862453,1.8373164843767882
/path/to/Cls_scattered_01_wCont/Cls_scattered_01_wCont/Ha_OII_OIII_Cont/Cl_534.npy,/path/to/Cls_scattered_01_wCont/Cls_scattered_01_wCont/OII_all_cross/Cl_534.npy,/path/to/Cls_scattered_01_wCont/Cls_scattered_01_wCont/OIII_all_cross/Cl_534.npy,/path/to/Cls_scattered_01_wCont/Cls_scattered_01_wCont/OII_all_cross/Cl_534_1.npy,/path/to/Cls_scattered_01_wCont/Cls_scattered_01_wCont/OIII_all_cross/Cl_534_1.npy,/path/to/Cls_scattered_01_wCont/Cls_scattered_01_wCont/Shift7_all_cross/Cl_534.npy,/path/to/Cls_scattered_01_wCont/Cls_scattered_01_wCont/Ha/Cl_534.npy,/path/to/Cls_scattered_01_wCont/Cls_scattered_01_wCont/OII/Cl_534.npy,/path/to/Cls_scattered_01_wCont/Cls_scattered_01_wCont/OIII/Cl_534.npy,/path/to/Cls_scattered_01_wCont/Cls_scattered_01_wCont/Cont/Cl_534.npy,0.8577493696473538,0.7796575027517973
/path/to/Cls_scattered_01_wCont/Cls_scattered_01_wCont/Ha_OII_OIII_Cont/Cl_535.npy,/path/to/Cls_scattered_01_wCont/Cls_scattered_01_wCont/OII_all_cross/Cl_535.npy,/path/to/Cls_scattered_01_wCont/Cls_scattered_01_wCont/OIII_all_cross/Cl_535.npy,/path/to/Cls_scattered_01_wCont/Cls_scattered_01_wCont/OII_all_cross/Cl_535_1.npy,/path/to/Cls_scattered_01_wCont/Cls_scattered_01_wCont/OIII_all_cross/Cl_535_1.npy,/path/to/Cls_scattered_01_wCont/Cls_scattered_01_wCont/Shift7_all_cross/Cl_535.npy,/path/to/Cls_scattered_01_wCont/Cls_scattered_01_wCont/Ha/Cl_535.npy,/path/to/Cls_scattered_01_wCont/Cls_scattered_01_wCont/OII/Cl_535.npy,/path/to/Cls_scattered_01_wCont/Cls_scattered_01_wCont/OIII/Cl_535.npy,/path/to/Cls_scattered_01_wCont/Cls_scattered_01_wCont/Cont/Cl_535.npy,1.2924947562627496,1.3934551424346864
/path/to/Cls_scattered_01_wCont/Cls_scattered_01_wCont/Ha_OII_OIII_Cont/Cl_536.npy,/path/to/Cls_scattered_01_wCont/Cls_scattered_01_wCont/OII_all_cross/Cl_536.npy,/path/to/Cls_scattered_01_wCont/Cls_scattered_01_wCont/OIII_all_cross/Cl_536.npy,/path/to/Cls_scattered_01_wCont/Cls_scattered_01_wCont/OII_all_cross/Cl_536_1.npy,/path/to/Cls_scattered_01_wCont/Cls_scattered_01_wCont/OIII_all_cross/Cl_536_1.npy,/path/to/Cls_scattered_01_wCont/Cls_scattered_01_wCont/Shift7_all_cross/Cl_536.npy,/path/to/Cls_scattered_01_wCont/Cls_scattered_01_wCont/Ha/Cl_536.npy,/path/to/Cls_scattered_01_wCont/Cls_scattered_01_wCont/OII/Cl_536.npy,/path/to/Cls_scattered_01_wCont/Cls_scattered_01_wCont/OIII/Cl_536.npy,/path/to/Cls_scattered_01_wCont/Cls_scattered_01_wCont/Cont/Cl_536.npy,1.4096694385632873,0.43332038829103114
/path/to/Cls_scattered_01_wCont/Cls_scattered_01_wCont/Ha_OII_OIII_Cont/Cl_537.npy,/path/to/Cls_scattered_01_wCont/Cls_scattered_01_wCont/OII_all_cross/Cl_537.npy,/path/to/Cls_scattered_01_wCont/Cls_scattered_01_wCont/OIII_all_cross/Cl_537.npy,/path/to/Cls_scattered_01_wCont/Cls_scattered_01_wCont/OII_all_cross/Cl_537_1.npy,/path/to/Cls_scattered_01_wCont/Cls_scattered_01_wCont/OIII_all_cross/Cl_537_1.npy,/path/to/Cls_scattered_01_wCont/Cls_scattered_01_wCont/Shift7_all_cross/Cl_537.npy,/path/to/Cls_scattered_01_wCont/Cls_scattered_01_wCont/Ha/Cl_537.npy,/path/to/Cls_scattered_01_wCont/Cls_scattered_01_wCont/OII/Cl_537.npy,/path/to/Cls_scattered_01_wCont/Cls_scattered_01_wCont/OIII/Cl_537.npy,/path/to/Cls_scattered_01_wCont/Cls_scattered_01_wCont/Cont/Cl_537.npy,0.9813910694792866,1.7123042826540769
/path/to/Cls_scattered_01_wCont/Cls_scattered_01_wCont/Ha_OII_OIII_Cont/Cl_538.npy,/path/to/Cls_scattered_01_wCont/Cls_scattered_01_wCont/OII_all_cross/Cl_538.npy,/path/to/Cls_scattered_01_wCont/Cls_scattered_01_wCont/OIII_all_cross/Cl_538.npy,/path/to/Cls_scattered_01_wCont/Cls_scattered_01_wCont/OII_all_cross/Cl_538_1.npy,/path/to/Cls_scattered_01_wCont/Cls_scattered_01_wCont/OIII_all_cross/Cl_538_1.npy,/path/to/Cls_scattered_01_wCont/Cls_scattered_01_wCont/Shift7_all_cross/Cl_538.npy,/path/to/Cls_scattered_01_wCont/Cls_scattered_01_wCont/Ha/Cl_538.npy,/path/to/Cls_scattered_01_wCont/Cls_scattered_01_wCont/OII/Cl_538.npy,/path/to/Cls_scattered_01_wCont/Cls_scattered_01_wCont/OIII/Cl_538.npy,/path/to/Cls_scattered_01_wCont/Cls_scattered_01_wCont/Cont/Cl_538.npy,0.5295792282558978,0.8773015474900603
/path/to/Cls_scattered_01_wCont/Cls_scattered_01_wCont/Ha_OII_OIII_Cont/Cl_539.npy,/path/to/Cls_scattered_01_wCont/Cls_scattered_01_wCont/OII_all_cross/Cl_539.npy,/path/to/Cls_scattered_01_wCont/Cls_scattered_01_wCont/OIII_all_cross/Cl_539.npy,/path/to/Cls_scattered_01_wCont/Cls_scattered_01_wCont/OII_all_cross/Cl_539_1.npy,/path/to/Cls_scattered_01_wCont/Cls_scattered_01_wCont/OIII_all_cross/Cl_539_1.npy,/path/to/Cls_scattered_01_wCont/Cls_scattered_01_wCont/Shift7_all_cross/Cl_539.npy,/path/to/Cls_scattered_01_wCont/Cls_scattered_01_wCont/Ha/Cl_539.npy,/path/to/Cls_scattered_01_wCont/Cls_scattered_01_wCont/OII/Cl_539.npy,/path/to/Cls_scattered_01_wCont/Cls_scattered_01_wCont/OIII/Cl_539.npy,/path/to/Cls_scattered_01_wCont/Cls_scattered_01_wCont/Cont/Cl_539.npy,1.9950673607178033,1.2684429371729493
/path/to/Cls_scattered_01_wCont/Cls_scattered_01_wCont/Ha_OII_OIII_Cont/Cl_540.npy,/path/to/Cls_scattered_01_wCont/Cls_scattered_01_wCont/OII_all_cross/Cl_540.npy,/path/to/Cls_scattered_01_wCont/Cls_scattered_01_wCont/OIII_all_cross/Cl_540.npy,/path/to/Cls_scattered_01_wCont/Cls_scattered_01_wCont/OII_all_cross/Cl_540_1.npy,/path/to/Cls_scattered_01_wCont/Cls_scattered_01_wCont/OIII_all_cross/Cl_540_1.npy,/path/to/Cls_scattered_01_wCont/Cls_scattered_01_wCont/Shift7_all_cross/Cl_540.npy,/path/to/Cls_scattered_01_wCont/Cls_scattered_01_wCont/Ha/Cl_540.npy,/path/to/Cls_scattered_01_wCont/Cls_scattered_01_wCont/OII/Cl_540.npy,/path/to/Cls_scattered_01_wCont/Cls_scattered_01_wCont/OIII/Cl_540.npy,/path/to/Cls_scattered_01_wCont/Cls_scattered_01_wCont/Cont/Cl_540.npy,1.6610981274396182,0.6257353727705777
/path/to/Cls_scattered_01_wCont/Cls_scattered_01_wCont/Ha_OII_OIII_Cont/Cl_541.npy,/path/to/Cls_scattered_01_wCont/Cls_scattered_01_wCont/OII_all_cross/Cl_541.npy,/path/to/Cls_scattered_01_wCont/Cls_scattered_01_wCont/OIII_all_cross/Cl_541.npy,/path/to/Cls_scattered_01_wCont/Cls_scattered_01_wCont/OII_all_cross/Cl_541_1.npy,/path/to/Cls_scattered_01_wCont/Cls_scattered_01_wCont/OIII_all_cross/Cl_541_1.npy,/path/to/Cls_scattered_01_wCont/Cls_scattered_01_wCont/Shift7_all_cross/Cl_541.npy,/path/to/Cls_scattered_01_wCont/Cls_scattered_01_wCont/Ha/Cl_541.npy,/path/to/Cls_scattered_01_wCont/Cls_scattered_01_wCont/OII/Cl_541.npy,/path/to/Cls_scattered_01_wCont/Cls_scattered_01_wCont/OIII/Cl_541.npy,/path/to/Cls_scattered_01_wCont/Cls_scattered_01_wCont/Cont/Cl_541.npy,0.2550164215266705,1.4285294325090945
/path/to/Cls_scattered_01_wCont/Cls_scattered_01_wCont/Ha_OII_OIII_Cont/Cl_542.npy,/path/to/Cls_scattered_01_wCont/Cls_scattered_01_wCont/OII_all_cross/Cl_542.npy,/path/to/Cls_scattered_01_wCont/Cls_scattered_01_wCont/OIII_all_cross/Cl_542.npy,/path/to/Cls_scattered_01_wCont/Cls_scattered_01_wCont/OII_all_cross/Cl_542_1.npy,/path/to/Cls_scattered_01_wCont/Cls_scattered_01_wCont/OIII_all_cross/Cl_542_1.npy,/path/to/Cls_scattered_01_wCont/Cls_scattered_01_wCont/Shift7_all_cross/Cl_542.npy,/path/to/Cls_scattered_01_wCont/Cls_scattered_01_wCont/Ha/Cl_542.npy,/path/to/Cls_scattered_01_wCont/Cls_scattered_01_wCont/OII/Cl_542.npy,/path/to/Cls_scattered_01_wCont/Cls_scattered_01_wCont/OIII/Cl_542.npy,/path/to/Cls_scattered_01_wCont/Cls_scattered_01_wCont/Cont/Cl_542.npy,0.7810370503924786,0.11878061536699534
/path/to/Cls_scattered_01_wCont/Cls_scattered_01_wCont/Ha_OII_OIII_Cont/Cl_543.npy,/path/to/Cls_scattered_01_wCont/Cls_scattered_01_wCont/OII_all_cross/Cl_543.npy,/path/to/Cls_scattered_01_wCont/Cls_scattered_01_wCont/OIII_all_cross/Cl_543.npy,/path/to/Cls_scattered_01_wCont/Cls_scattered_01_wCont/OII_all_cross/Cl_543_1.npy,/path/to/Cls_scattered_01_wCont/Cls_scattered_01_wCont/OIII_all_cross/Cl_543_1.npy,/path/to/Cls_scattered_01_wCont/Cls_scattered_01_wCont/Shift7_all_cross/Cl_543.npy,/path/to/Cls_scattered_01_wCont/Cls_scattered_01_wCont/Ha/Cl_543.npy,/path/to/Cls_scattered_01_wCont/Cls_scattered_01_wCont/OII/Cl_543.npy,/path/to/Cls_scattered_01_wCont/Cls_scattered_01_wCont/OIII/Cl_543.npy,/path/to/Cls_scattered_01_wCont/Cls_scattered_01_wCont/Cont/Cl_543.npy,1.268664428871125,1.935589054785669
/path/to/Cls_scattered_01_wCont/Cls_scattered_01_wCont/Ha_OII_OIII_Cont/Cl_544.npy,/path/to/Cls_scattered_01_wCont/Cls_scattered_01_wCont/OII_all_cross/Cl_544.npy,/path/to/Cls_scattered_01_wCont/Cls_scattered_01_wCont/OIII_all_cross/Cl_544.npy,/path/to/Cls_scattered_01_wCont/Cls_scattered_01_wCont/OII_all_cross/Cl_544_1.npy,/path/to/Cls_scattered_01_wCont/Cls_scattered_01_wCont/OIII_all_cross/Cl_544_1.npy,/path/to/Cls_scattered_01_wCont/Cls_scattered_01_wCont/Shift7_all_cross/Cl_544.npy,/path/to/Cls_scattered_01_wCont/Cls_scattered_01_wCont/Ha/Cl_544.npy,/path/to/Cls_scattered_01_wCont/Cls_scattered_01_wCont/OII/Cl_544.npy,/path/to/Cls_scattered_01_wCont/Cls_scattered_01_wCont/OIII/Cl_544.npy,/path/to/Cls_scattered_01_wCont/Cls_scattered_01_wCont/Cont/Cl_544.npy,1.2577689345926046,0.6897244024090469
/path/to/Cls_scattered_01_wCont/Cls_scattered_01_wCont/Ha_OII_OIII_Cont/Cl_545.npy,/path/to/Cls_scattered_01_wCont/Cls_scattered_01_wCont/OII_all_cross/Cl_545.npy,/path/to/Cls_scattered_01_wCont/Cls_scattered_01_wCont/OIII_all_cross/Cl_545.npy,/path/to/Cls_scattered_01_wCont/Cls_scattered_01_wCont/OII_all_cross/Cl_545_1.npy,/path/to/Cls_scattered_01_wCont/Cls_scattered_01_wCont/OIII_all_cross/Cl_545_1.npy,/path/to/Cls_scattered_01_wCont/Cls_scattered_01_wCont/Shift7_all_cross/Cl_545.npy,/path/to/Cls_scattered_01_wCont/Cls_scattered_01_wCont/Ha/Cl_545.npy,/path/to/Cls_scattered_01_wCont/Cls_scattered_01_wCont/OII/Cl_545.npy,/path/to/Cls_scattered_01_wCont/Cls_scattered_01_wCont/OIII/Cl_545.npy,/path/to/Cls_scattered_01_wCont/Cls_scattered_01_wCont/Cont/Cl_545.npy,0.7924071669578552,1.4851259327493609
/path/to/Cls_scattered_01_wCont/Cls_scattered_01_wCont/Ha_OII_OIII_Cont/Cl_546.npy,/path/to/Cls_scattered_01_wCont/Cls_scattered_01_wCont/OII_all_cross/Cl_546.npy,/path/to/Cls_scattered_01_wCont/Cls_scattered_01_wCont/OIII_all_cross/Cl_546.npy,/path/to/Cls_scattered_01_wCont/Cls_scattered_01_wCont/OII_all_cross/Cl_546_1.npy,/path/to/Cls_scattered_01_wCont/Cls_scattered_01_wCont/OIII_all_cross/Cl_546_1.npy,/path/to/Cls_scattered_01_wCont/Cls_scattered_01_wCont/Shift7_all_cross/Cl_546.npy,/path/to/Cls_scattered_01_wCont/Cls_scattered_01_wCont/Ha/Cl_546.npy,/path/to/Cls_scattered_01_wCont/Cls_scattered_01_wCont/OII/Cl_546.npy,/path/to/Cls_scattered_01_wCont/Cls_scattered_01_wCont/OIII/Cl_546.npy,/path/to/Cls_scattered_01_wCont/Cls_scattered_01_wCont/Cont/Cl_546.npy,0.2366918078623712,0.18277315571904185
/path/to/Cls_scattered_01_wCont/Cls_scattered_01_wCont/Ha_OII_OIII_Cont/Cl_547.npy,/path/to/Cls_scattered_01_wCont/Cls_scattered_01_wCont/OII_all_cross/Cl_547.npy,/path/to/Cls_scattered_01_wCont/Cls_scattered_01_wCont/OIII_all_cross/Cl_547.npy,/path/to/Cls_scattered_01_wCont/Cls_scattered_01_wCont/OII_all_cross/Cl_547_1.npy,/path/to/Cls_scattered_01_wCont/Cls_scattered_01_wCont/OIII_all_cross/Cl_547_1.npy,/path/to/Cls_scattered_01_wCont/Cls_scattered_01_wCont/Shift7_all_cross/Cl_547.npy,/path/to/Cls_scattered_01_wCont/Cls_scattered_01_wCont/Ha/Cl_547.npy,/path/to/Cls_scattered_01_wCont/Cls_scattered_01_wCont/OII/Cl_547.npy,/path/to/Cls_scattered_01_wCont/Cls_scattered_01_wCont/OIII/Cl_547.npy,/path/to/Cls_scattered_01_wCont/Cls_scattered_01_wCont/Cont/Cl_547.npy,1.6798828746192158,1.9921892922371627
/path/to/Cls_scattered_01_wCont/Cls_scattered_01_wCont/Ha_OII_OIII_Cont/Cl_548.npy,/path/to/Cls_scattered_01_wCont/Cls_scattered_01_wCont/OII_all_cross/Cl_548.npy,/path/to/Cls_scattered_01_wCont/Cls_scattered_01_wCont/OIII_all_cross/Cl_548.npy,/path/to/Cls_scattered_01_wCont/Cls_scattered_01_wCont/OII_all_cross/Cl_548_1.npy,/path/to/Cls_scattered_01_wCont/Cls_scattered_01_wCont/OIII_all_cross/Cl_548_1.npy,/path/to/Cls_scattered_01_wCont/Cls_scattered_01_wCont/Shift7_all_cross/Cl_548.npy,/path/to/Cls_scattered_01_wCont/Cls_scattered_01_wCont/Ha/Cl_548.npy,/path/to/Cls_scattered_01_wCont/Cls_scattered_01_wCont/OII/Cl_548.npy,/path/to/Cls_scattered_01_wCont/Cls_scattered_01_wCont/OIII/Cl_548.npy,/path/to/Cls_scattered_01_wCont/Cls_scattered_01_wCont/Cont/Cl_548.npy,1.9544808415696024,0.3767477906309068
/path/to/Cls_scattered_01_wCont/Cls_scattered_01_wCont/Ha_OII_OIII_Cont/Cl_549.npy,/path/to/Cls_scattered_01_wCont/Cls_scattered_01_wCont/OII_all_cross/Cl_549.npy,/path/to/Cls_scattered_01_wCont/Cls_scattered_01_wCont/OIII_all_cross/Cl_549.npy,/path/to/Cls_scattered_01_wCont/Cls_scattered_01_wCont/OII_all_cross/Cl_549_1.npy,/path/to/Cls_scattered_01_wCont/Cls_scattered_01_wCont/OIII_all_cross/Cl_549_1.npy,/path/to/Cls_scattered_01_wCont/Cls_scattered_01_wCont/Shift7_all_cross/Cl_549.npy,/path/to/Cls_scattered_01_wCont/Cls_scattered_01_wCont/Ha/Cl_549.npy,/path/to/Cls_scattered_01_wCont/Cls_scattered_01_wCont/OII/Cl_549.npy,/path/to/Cls_scattered_01_wCont/Cls_scattered_01_wCont/OIII/Cl_549.npy,/path/to/Cls_scattered_01_wCont/Cls_scattered_01_wCont/Cont/Cl_549.npy,0.5706333482638001,1.6482804643921554
/path/to/Cls_scattered_01_wCont/Cls_scattered_01_wCont/Ha_OII_OIII_Cont/Cl_550.npy,/path/to/Cls_scattered_01_wCont/Cls_scattered_01_wCont/OII_all_cross/Cl_550.npy,/path/to/Cls_scattered_01_wCont/Cls_scattered_01_wCont/OIII_all_cross/Cl_550.npy,/path/to/Cls_scattered_01_wCont/Cls_scattered_01_wCont/OII_all_cross/Cl_550_1.npy,/path/to/Cls_scattered_01_wCont/Cls_scattered_01_wCont/OIII_all_cross/Cl_550_1.npy,/path/to/Cls_scattered_01_wCont/Cls_scattered_01_wCont/Shift7_all_cross/Cl_550.npy,/path/to/Cls_scattered_01_wCont/Cls_scattered_01_wCont/Ha/Cl_550.npy,/path/to/Cls_scattered_01_wCont/Cls_scattered_01_wCont/OII/Cl_550.npy,/path/to/Cls_scattered_01_wCont/Cls_scattered_01_wCont/OIII/Cl_550.npy,/path/to/Cls_scattered_01_wCont/Cls_scattered_01_wCont/Cont/Cl_550.npy,0.933375430945307,0.8207326870411634
/path/to/Cls_scattered_01_wCont/Cls_scattered_01_wCont/Ha_OII_OIII_Cont/Cl_551.npy,/path/to/Cls_scattered_01_wCont/Cls_scattered_01_wCont/OII_all_cross/Cl_551.npy,/path/to/Cls_scattered_01_wCont/Cls_scattered_01_wCont/OIII_all_cross/Cl_551.npy,/path/to/Cls_scattered_01_wCont/Cls_scattered_01_wCont/OII_all_cross/Cl_551_1.npy,/path/to/Cls_scattered_01_wCont/Cls_scattered_01_wCont/OIII_all_cross/Cl_551_1.npy,/path/to/Cls_scattered_01_wCont/Cls_scattered_01_wCont/Shift7_all_cross/Cl_551.npy,/path/to/Cls_scattered_01_wCont/Cls_scattered_01_wCont/Ha/Cl_551.npy,/path/to/Cls_scattered_01_wCont/Cls_scattered_01_wCont/OII/Cl_551.npy,/path/to/Cls_scattered_01_wCont/Cls_scattered_01_wCont/OIII/Cl_551.npy,/path/to/Cls_scattered_01_wCont/Cls_scattered_01_wCont/Cont/Cl_551.npy,1.4581381891854108,1.2044226296246052
/path/to/Cls_scattered_01_wCont/Cls_scattered_01_wCont/Ha_OII_OIII_Cont/Cl_552.npy,/path/to/Cls_scattered_01_wCont/Cls_scattered_01_wCont/OII_all_cross/Cl_552.npy,/path/to/Cls_scattered_01_wCont/Cls_scattered_01_wCont/OIII_all_cross/Cl_552.npy,/path/to/Cls_scattered_01_wCont/Cls_scattered_01_wCont/OII_all_cross/Cl_552_1.npy,/path/to/Cls_scattered_01_wCont/Cls_scattered_01_wCont/OIII_all_cross/Cl_552_1.npy,/path/to/Cls_scattered_01_wCont/Cls_scattered_01_wCont/Shift7_all_cross/Cl_552.npy,/path/to/Cls_scattered_01_wCont/Cls_scattered_01_wCont/Ha/Cl_552.npy,/path/to/Cls_scattered_01_wCont/Cls_scattered_01_wCont/OII/Cl_552.npy,/path/to/Cls_scattered_01_wCont/Cls_scattered_01_wCont/OIII/Cl_552.npy,/path/to/Cls_scattered_01_wCont/Cls_scattered_01_wCont/Cont/Cl_552.npy,1.3330886330455542,0.2661154681816697
/path/to/Cls_scattered_01_wCont/Cls_scattered_01_wCont/Ha_OII_OIII_Cont/Cl_553.npy,/path/to/Cls_scattered_01_wCont/Cls_scattered_01_wCont/OII_all_cross/Cl_553.npy,/path/to/Cls_scattered_01_wCont/Cls_scattered_01_wCont/OIII_all_cross/Cl_553.npy,/path/to/Cls_scattered_01_wCont/Cls_scattered_01_wCont/OII_all_cross/Cl_553_1.npy,/path/to/Cls_scattered_01_wCont/Cls_scattered_01_wCont/OIII_all_cross/Cl_553_1.npy,/path/to/Cls_scattered_01_wCont/Cls_scattered_01_wCont/Shift7_all_cross/Cl_553.npy,/path/to/Cls_scattered_01_wCont/Cls_scattered_01_wCont/Ha/Cl_553.npy,/path/to/Cls_scattered_01_wCont/Cls_scattered_01_wCont/OII/Cl_553.npy,/path/to/Cls_scattered_01_wCont/Cls_scattered_01_wCont/OIII/Cl_553.npy,/path/to/Cls_scattered_01_wCont/Cls_scattered_01_wCont/Cont/Cl_553.npy,0.8167026072740554,1.7899918919429183
/path/to/Cls_scattered_01_wCont/Cls_scattered_01_wCont/Ha_OII_OIII_Cont/Cl_554.npy,/path/to/Cls_scattered_01_wCont/Cls_scattered_01_wCont/OII_all_cross/Cl_554.npy,/path/to/Cls_scattered_01_wCont/Cls_scattered_01_wCont/OIII_all_cross/Cl_554.npy,/path/to/Cls_scattered_01_wCont/Cls_scattered_01_wCont/OII_all_cross/Cl_554_1.npy,/path/to/Cls_scattered_01_wCont/Cls_scattered_01_wCont/OIII_all_cross/Cl_554_1.npy,/path/to/Cls_scattered_01_wCont/Cls_scattered_01_wCont/Shift7_all_cross/Cl_554.npy,/path/to/Cls_scattered_01_wCont/Cls_scattered_01_wCont/Ha/Cl_554.npy,/path/to/Cls_scattered_01_wCont/Cls_scattered_01_wCont/OII/Cl_554.npy,/path/to/Cls_scattered_01_wCont/Cls_scattered_01_wCont/OIII/Cl_554.npy,/path/to/Cls_scattered_01_wCont/Cls_scattered_01_wCont/Cont/Cl_554.npy,0.4539555451832712,0.7101003681309521
/path/to/Cls_scattered_01_wCont/Cls_scattered_01_wCont/Ha_OII_OIII_Cont/Cl_555.npy,/path/to/Cls_scattered_01_wCont/Cls_scattered_01_wCont/OII_all_cross/Cl_555.npy,/path/to/Cls_scattered_01_wCont/Cls_scattered_01_wCont/OIII_all_cross/Cl_555.npy,/path/to/Cls_scattered_01_wCont/Cls_scattered_01_wCont/OII_all_cross/Cl_555_1.npy,/path/to/Cls_scattered_01_wCont/Cls_scattered_01_wCont/OIII_all_cross/Cl_555_1.npy,/path/to/Cls_scattered_01_wCont/Cls_scattered_01_wCont/Shift7_all_cross/Cl_555.npy,/path/to/Cls_scattered_01_wCont/Cls_scattered_01_wCont/Ha/Cl_555.npy,/path/to/Cls_scattered_01_wCont/Cls_scattered_01_wCont/OII/Cl_555.npy,/path/to/Cls_scattered_01_wCont/Cls_scattered_01_wCont/OIII/Cl_555.npy,/path/to/Cls_scattered_01_wCont/Cls_scattered_01_wCont/Cont/Cl_555.npy,1.8294226820580661,1.346134060714394
/path/to/Cls_scattered_01_wCont/Cls_scattered_01_wCont/Ha_OII_OIII_Cont/Cl_556.npy,/path/to/Cls_scattered_01_wCont/Cls_scattered_01_wCont/OII_all_cross/Cl_556.npy,/path/to/Cls_scattered_01_wCont/Cls_scattered_01_wCont/OIII_all_cross/Cl_556.npy,/path/to/Cls_scattered_01_wCont/Cls_scattered_01_wCont/OII_all_cross/Cl_556_1.npy,/path/to/Cls_scattered_01_wCont/Cls_scattered_01_wCont/OIII_all_cross/Cl_556_1.npy,/path/to/Cls_scattered_01_wCont/Cls_scattered_01_wCont/Shift7_all_cross/Cl_556.npy,/path/to/Cls_scattered_01_wCont/Cls_scattered_01_wCont/Ha/Cl_556.npy,/path/to/Cls_scattered_01_wCont/Cls_scattered_01_wCont/OII/Cl_556.npy,/path/to/Cls_scattered_01_wCont/Cls_scattered_01_wCont/OIII/Cl_556.npy,/path/to/Cls_scattered_01_wCont/Cls_scattered_01_wCont/Cont/Cl_556.npy,1.5549170730635524,1.0230129783973099
/path/to/Cls_scattered_01_wCont/Cls_scattered_01_wCont/Ha_OII_OIII_Cont/Cl_557.npy,/path/to/Cls_scattered_01_wCont/Cls_scattered_01_wCont/OII_all_cross/Cl_557.npy,/path/to/Cls_scattered_01_wCont/Cls_scattered_01_wCont/OIII_all_cross/Cl_557.npy,/path/to/Cls_scattered_01_wCont/Cls_scattered_01_wCont/OII_all_cross/Cl_557_1.npy,/path/to/Cls_scattered_01_wCont/Cls_scattered_01_wCont/OIII_all_cross/Cl_557_1.npy,/path/to/Cls_scattered_01_wCont/Cls_scattered_01_wCont/Shift7_all_cross/Cl_557.npy,/path/to/Cls_scattered_01_wCont/Cls_scattered_01_wCont/Ha/Cl_557.npy,/path/to/Cls_scattered_01_wCont/Cls_scattered_01_wCont/OII/Cl_557.npy,/path/to/Cls_scattered_01_wCont/Cls_scattered_01_wCont/OIII/Cl_557.npy,/path/to/Cls_scattered_01_wCont/Cls_scattered_01_wCont/Cont/Cl_557.npy,0.12004486862570048,1.1207582587376237
/path/to/Cls_scattered_01_wCont/Cls_scattered_01_wCont/Ha_OII_OIII_Cont/Cl_558.npy,/path/to/Cls_scattered_01_wCont/Cls_scattered_01_wCont/OII_all_cross/Cl_558.npy,/path/to/Cls_scattered_01_wCont/Cls_scattered_01_wCont/OIII_all_cross/Cl_558.npy,/path/to/Cls_scattered_01_wCont/Cls_scattered_01_wCont/OII_all_cross/Cl_558_1.npy,/path/to/Cls_scattered_01_wCont/Cls_scattered_01_wCont/OIII_all_cross/Cl_558_1.npy,/path/to/Cls_scattered_01_wCont/Cls_scattered_01_wCont/Shift7_all_cross/Cl_558.npy,/path/to/Cls_scattered_01_wCont/Cls_scattered_01_wCont/Ha/Cl_558.npy,/path/to/Cls_scattered_01_wCont/Cls_scattered_01_wCont/OII/Cl_558.npy,/path/to/Cls_scattered_01_wCont/Cls_scattered_01_wCont/OIII/Cl_558.npy,/path/to/Cls_scattered_01_wCont/Cls_scattered_01_wCont/Cont/Cl_558.npy,0.6757543423213064,0.5160617352463305
/path/to/Cls_scattered_01_wCont/Cls_scattered_01_wCont/Ha_OII_OIII_Cont/Cl_559.npy,/path/to/Cls_scattered_01_wCont/Cls_scattered_01_wCont/OII_all_cross/Cl_559.npy,/path/to/Cls_scattered_01_wCont/Cls_scattered_01_wCont/OIII_all_cross/Cl_559.npy,/path/to/Cls_scattered_01_wCont/Cls_scattered_01_wCont/OII_all_cross/Cl_559_1.npy,/path/to/Cls_scattered_01_wCont/Cls_scattered_01_wCont/OIII_all_cross/Cl_559_1.npy,/path/to/Cls_scattered_01_wCont/Cls_scattered_01_wCont/Shift7_all_cross/Cl_559.npy,/path/to/Cls_scattered_01_wCont/Cls_scattered_01_wCont/Ha/Cl_559.npy,/path/to/Cls_scattered_01_wCont/Cls_scattered_01_wCont/OII/Cl_559.npy,/path/to/Cls_scattered_01_wCont/Cls_scattered_01_wCont/OIII/Cl_559.npy,/path/to/Cls_scattered_01_wCont/Cls_scattered_01_wCont/Cont/Cl_559.npy,1.132793623674661,1.6278216217644512
/path/to/Cls_scattered_01_wCont/Cls_scattered_01_wCont/Ha_OII_OIII_Cont/Cl_560.npy,/path/to/Cls_scattered_01_wCont/Cls_scattered_01_wCont/OII_all_cross/Cl_560.npy,/path/to/Cls_scattered_01_wCont/Cls_scattered_01_wCont/OIII_all_cross/Cl_560.npy,/path/to/Cls_scattered_01_wCont/Cls_scattered_01_wCont/OII_all_cross/Cl_560_1.npy,/path/to/Cls_scattered_01_wCont/Cls_scattered_01_wCont/OIII_all_cross/Cl_560_1.npy,/path/to/Cls_scattered_01_wCont/Cls_scattered_01_wCont/Shift7_all_cross/Cl_560.npy,/path/to/Cls_scattered_01_wCont/Cls_scattered_01_wCont/Ha/Cl_560.npy,/path/to/Cls_scattered_01_wCont/Cls_scattered_01_wCont/OII/Cl_560.npy,/path/to/Cls_scattered_01_wCont/Cls_scattered_01_wCont/OIII/Cl_560.npy,/path/to/Cls_scattered_01_wCont/Cls_scattered_01_wCont/Cont/Cl_560.npy,1.0961689642630517,0.48622639952227475
/path/to/Cls_scattered_01_wCont/Cls_scattered_01_wCont/Ha_OII_OIII_Cont/Cl_561.npy,/path/to/Cls_scattered_01_wCont/Cls_scattered_01_wCont/OII_all_cross/Cl_561.npy,/path/to/Cls_scattered_01_wCont/Cls_scattered_01_wCont/OIII_all_cross/Cl_561.npy,/path/to/Cls_scattered_01_wCont/Cls_scattered_01_wCont/OII_all_cross/Cl_561_1.npy,/path/to/Cls_scattered_01_wCont/Cls_scattered_01_wCont/OIII_all_cross/Cl_561_1.npy,/path/to/Cls_scattered_01_wCont/Cls_scattered_01_wCont/Shift7_all_cross/Cl_561.npy,/path/to/Cls_scattered_01_wCont/Cls_scattered_01_wCont/Ha/Cl_561.npy,/path/to/Cls_scattered_01_wCont/Cls_scattered_01_wCont/OII/Cl_561.npy,/path/to/Cls_scattered_01_wCont/Cls_scattered_01_wCont/OIII/Cl_561.npy,/path/to/Cls_scattered_01_wCont/Cls_scattered_01_wCont/Cont/Cl_561.npy,0.5790860618464648,1.5388129538856448
/path/to/Cls_scattered_01_wCont/Cls_scattered_01_wCont/Ha_OII_OIII_Cont/Cl_562.npy,/path/to/Cls_scattered_01_wCont/Cls_scattered_01_wCont/OII_all_cross/Cl_562.npy,/path/to/Cls_scattered_01_wCont/Cls_scattered_01_wCont/OIII_all_cross/Cl_562.npy,/path/to/Cls_scattered_01_wCont/Cls_scattered_01_wCont/OII_all_cross/Cl_562_1.npy,/path/to/Cls_scattered_01_wCont/Cls_scattered_01_wCont/OIII_all_cross/Cl_562_1.npy,/path/to/Cls_scattered_01_wCont/Cls_scattered_01_wCont/Shift7_all_cross/Cl_562.npy,/path/to/Cls_scattered_01_wCont/Cls_scattered_01_wCont/Ha/Cl_562.npy,/path/to/Cls_scattered_01_wCont/Cls_scattered_01_wCont/OII/Cl_562.npy,/path/to/Cls_scattered_01_wCont/Cls_scattered_01_wCont/OIII/Cl_562.npy,/path/to/Cls_scattered_01_wCont/Cls_scattered_01_wCont/Cont/Cl_562.npy,0.2163398738950491,0.9339103139936923
/path/to/Cls_scattered_01_wCont/Cls_scattered_01_wCont/Ha_OII_OIII_Cont/Cl_563.npy,/path/to/Cls_scattered_01_wCont/Cls_scattered_01_wCont/OII_all_cross/Cl_563.npy,/path/to/Cls_scattered_01_wCont/Cls_scattered_01_wCont/OIII_all_cross/Cl_563.npy,/path/to/Cls_scattered_01_wCont/Cls_scattered_01_wCont/OII_all_cross/Cl_563_1.npy,/path/to/Cls_scattered_01_wCont/Cls_scattered_01_wCont/OIII_all_cross/Cl_563_1.npy,/path/to/Cls_scattered_01_wCont/Cls_scattered_01_wCont/Shift7_all_cross/Cl_563.npy,/path/to/Cls_scattered_01_wCont/Cls_scattered_01_wCont/Ha/Cl_563.npy,/path/to/Cls_scattered_01_wCont/Cls_scattered_01_wCont/OII/Cl_563.npy,/path/to/Cls_scattered_01_wCont/Cls_scattered_01_wCont/OIII/Cl_563.npy,/path/to/Cls_scattered_01_wCont/Cls_scattered_01_wCont/Cont/Cl_563.npy,1.5925020754337311,1.091233904287219
/path/to/Cls_scattered_01_wCont/Cls_scattered_01_wCont/Ha_OII_OIII_Cont/Cl_564.npy,/path/to/Cls_scattered_01_wCont/Cls_scattered_01_wCont/OII_all_cross/Cl_564.npy,/path/to/Cls_scattered_01_wCont/Cls_scattered_01_wCont/OIII_all_cross/Cl_564.npy,/path/to/Cls_scattered_01_wCont/Cls_scattered_01_wCont/OII_all_cross/Cl_564_1.npy,/path/to/Cls_scattered_01_wCont/Cls_scattered_01_wCont/OIII_all_cross/Cl_564_1.npy,/path/to/Cls_scattered_01_wCont/Cls_scattered_01_wCont/Shift7_all_cross/Cl_564.npy,/path/to/Cls_scattered_01_wCont/Cls_scattered_01_wCont/Ha/Cl_564.npy,/path/to/Cls_scattered_01_wCont/Cls_scattered_01_wCont/OII/Cl_564.npy,/path/to/Cls_scattered_01_wCont/Cls_scattered_01_wCont/OIII/Cl_564.npy,/path/to/Cls_scattered_01_wCont/Cls_scattered_01_wCont/Cont/Cl_564.npy,1.792997319344431,0.7991947299800812
/path/to/Cls_scattered_01_wCont/Cls_scattered_01_wCont/Ha_OII_OIII_Cont/Cl_565.npy,/path/to/Cls_scattered_01_wCont/Cls_scattered_01_wCont/OII_all_cross/Cl_565.npy,/path/to/Cls_scattered_01_wCont/Cls_scattered_01_wCont/OIII_all_cross/Cl_565.npy,/path/to/Cls_scattered_01_wCont/Cls_scattered_01_wCont/OII_all_cross/Cl_565_1.npy,/path/to/Cls_scattered_01_wCont/Cls_scattered_01_wCont/OIII_all_cross/Cl_565_1.npy,/path/to/Cls_scattered_01_wCont/Cls_scattered_01_wCont/Shift7_all_cross/Cl_565.npy,/path/to/Cls_scattered_01_wCont/Cls_scattered_01_wCont/Ha/Cl_565.npy,/path/to/Cls_scattered_01_wCont/Cls_scattered_01_wCont/OII/Cl_565.npy,/path/to/Cls_scattered_01_wCont/Cls_scattered_01_wCont/OIII/Cl_565.npy,/path/to/Cls_scattered_01_wCont/Cls_scattered_01_wCont/Cont/Cl_565.npy,0.35742857800796624,1.3756517547182738
/path/to/Cls_scattered_01_wCont/Cls_scattered_01_wCont/Ha_OII_OIII_Cont/Cl_566.npy,/path/to/Cls_scattered_01_wCont/Cls_scattered_01_wCont/OII_all_cross/Cl_566.npy,/path/to/Cls_scattered_01_wCont/Cls_scattered_01_wCont/OIII_all_cross/Cl_566.npy,/path/to/Cls_scattered_01_wCont/Cls_scattered_01_wCont/OII_all_cross/Cl_566_1.npy,/path/to/Cls_scattered_01_wCont/Cls_scattered_01_wCont/OIII_all_cross/Cl_566_1.npy,/path/to/Cls_scattered_01_wCont/Cls_scattered_01_wCont/Shift7_all_cross/Cl_566.npy,/path/to/Cls_scattered_01_wCont/Cls_scattered_01_wCont/Ha/Cl_566.npy,/path/to/Cls_scattered_01_wCont/Cls_scattered_01_wCont/OII/Cl_566.npy,/path/to/Cls_scattered_01_wCont/Cls_scattered_01_wCont/OIII/Cl_566.npy,/path/to/Cls_scattered_01_wCont/Cls_scattered_01_wCont/Cont/Cl_566.npy,0.9131389824673533,0.29595909230411055
/path/to/Cls_scattered_01_wCont/Cls_scattered_01_wCont/Ha_OII_OIII_Cont/Cl_567.npy,/path/to/Cls_scattered_01_wCont/Cls_scattered_01_wCont/OII_all_cross/Cl_567.npy,/path/to/Cls_scattered_01_wCont/Cls_scattered_01_wCont/OIII_all_cross/Cl_567.npy,/path/to/Cls_scattered_01_wCont/Cls_scattered_01_wCont/OII_all_cross/Cl_567_1.npy,/path/to/Cls_scattered_01_wCont/Cls_scattered_01_wCont/OIII_all_cross/Cl_567_1.npy,/path/to/Cls_scattered_01_wCont/Cls_scattered_01_wCont/Shift7_all_cross/Cl_567.npy,/path/to/Cls_scattered_01_wCont/Cls_scattered_01_wCont/Ha/Cl_567.npy,/path/to/Cls_scattered_01_wCont/Cls_scattered_01_wCont/OII/Cl_567.npy,/path/to/Cls_scattered_01_wCont/Cls_scattered_01_wCont/OIII/Cl_567.npy,/path/to/Cls_scattered_01_wCont/Cls_scattered_01_wCont/Cont/Cl_567.npy,1.3708729887381197,1.8790072061121463
/path/to/Cls_scattered_01_wCont/Cls_scattered_01_wCont/Ha_OII_OIII_Cont/Cl_568.npy,/path/to/Cls_scattered_01_wCont/Cls_scattered_01_wCont/OII_all_cross/Cl_568.npy,/path/to/Cls_scattered_01_wCont/Cls_scattered_01_wCont/OIII_all_cross/Cl_568.npy,/path/to/Cls_scattered_01_wCont/Cls_scattered_01_wCont/OII_all_cross/Cl_568_1.npy,/path/to/Cls_scattered_01_wCont/Cls_scattered_01_wCont/OIII_all_cross/Cl_568_1.npy,/path/to/Cls_scattered_01_wCont/Cls_scattered_01_wCont/Shift7_all_cross/Cl_568.npy,/path/to/Cls_scattered_01_wCont/Cls_scattered_01_wCont/Ha/Cl_568.npy,/path/to/Cls_scattered_01_wCont/Cls_scattered_01_wCont/OII/Cl_568.npy,/path/to/Cls_scattered_01_wCont/Cls_scattered_01_wCont/OIII/Cl_568.npy,/path/to/Cls_scattered_01_wCont/Cls_scattered_01_wCont/Cont/Cl_568.npy,1.4944566450081767,0.9098270559683441
/path/to/Cls_scattered_01_wCont/Cls_scattered_01_wCont/Ha_OII_OIII_Cont/Cl_569.npy,/path/to/Cls_scattered_01_wCont/Cls_scattered_01_wCont/OII_all_cross/Cl_569.npy,/path/to/Cls_scattered_01_wCont/Cls_scattered_01_wCont/OIII_all_cross/Cl_569.npy,/path/to/Cls_scattered_01_wCont/Cls_scattered_01_wCont/OII_all_cross/Cl_569_1.npy,/path/to/Cls_scattered_01_wCont/Cls_scattered_01_wCont/OIII_all_cross/Cl_569_1.npy,/path/to/Cls_scattered_01_wCont/Cls_scattered_01_wCont/Shift7_all_cross/Cl_569.npy,/path/to/Cls_scattered_01_wCont/Cls_scattered_01_wCont/Ha/Cl_569.npy,/path/to/Cls_scattered_01_wCont/Cls_scattered_01_wCont/OII/Cl_569.npy,/path/to/Cls_scattered_01_wCont/Cls_scattered_01_wCont/OIII/Cl_569.npy,/path/to/Cls_scattered_01_wCont/Cls_scattered_01_wCont/Cont/Cl_569.npy,1.0302557344548404,1.2339403307065369
/path/to/Cls_scattered_01_wCont/Cls_scattered_01_wCont/Ha_OII_OIII_Cont/Cl_570.npy,/path/to/Cls_scattered_01_wCont/Cls_scattered_01_wCont/OII_all_cross/Cl_570.npy,/path/to/Cls_scattered_01_wCont/Cls_scattered_01_wCont/OIII_all_cross/Cl_570.npy,/path/to/Cls_scattered_01_wCont/Cls_scattered_01_wCont/OII_all_cross/Cl_570_1.npy,/path/to/Cls_scattered_01_wCont/Cls_scattered_01_wCont/OIII_all_cross/Cl_570_1.npy,/path/to/Cls_scattered_01_wCont/Cls_scattered_01_wCont/Shift7_all_cross/Cl_570.npy,/path/to/Cls_scattered_01_wCont/Cls_scattered_01_wCont/Ha/Cl_570.npy,/path/to/Cls_scattered_01_wCont/Cls_scattered_01_wCont/OII/Cl_570.npy,/path/to/Cls_scattered_01_wCont/Cls_scattered_01_wCont/OIII/Cl_570.npy,/path/to/Cls_scattered_01_wCont/Cls_scattered_01_wCont/Cont/Cl_570.npy,0.4745394375175237,0.4065914218313992
/path/to/Cls_scattered_01_wCont/Cls_scattered_01_wCont/Ha_OII_OIII_Cont/Cl_571.npy,/path/to/Cls_scattered_01_wCont/Cls_scattered_01_wCont/OII_all_cross/Cl_571.npy,/path/to/Cls_scattered_01_wCont/Cls_scattered_01_wCont/OIII_all_cross/Cl_571.npy,/path/to/Cls_scattered_01_wCont/Cls_scattered_01_wCont/OII_all_cross/Cl_571_1.npy,/path/to/Cls_scattered_01_wCont/Cls_scattered_01_wCont/OIII_all_cross/Cl_571_1.npy,/path/to/Cls_scattered_01_wCont/Cls_scattered_01_wCont/Shift7_all_cross/Cl_571.npy,/path/to/Cls_scattered_01_wCont/Cls_scattered_01_wCont/Ha/Cl_571.npy,/path/to/Cls_scattered_01_wCont/Cls_scattered_01_wCont/OII/Cl_571.npy,/path/to/Cls_scattered_01_wCont/Cls_scattered_01_wCont/OIII/Cl_571.npy,/path/to/Cls_scattered_01_wCont/Cls_scattered_01_wCont/Cont/Cl_571.npy,1.9165714591741563,1.737295785639435
/path/to/Cls_scattered_01_wCont/Cls_scattered_01_wCont/Ha_OII_OIII_Cont/Cl_572.npy,/path/to/Cls_scattered_01_wCont/Cls_scattered_01_wCont/OII_all_cross/Cl_572.npy,/path/to/Cls_scattered_01_wCont/Cls_scattered_01_wCont/OIII_all_cross/Cl_572.npy,/path/to/Cls_scattered_01_wCont/Cls_scattered_01_wCont/OII_all_cross/Cl_572_1.npy,/path/to/Cls_scattered_01_wCont/Cls_scattered_01_wCont/OIII_all_cross/Cl_572_1.npy,/path/to/Cls_scattered_01_wCont/Cls_scattered_01_wCont/Shift7_all_cross/Cl_572.npy,/path/to/Cls_scattered_01_wCont/Cls_scattered_01_wCont/Ha/Cl_572.npy,/path/to/Cls_scattered_01_wCont/Cls_scattered_01_wCont/OII/Cl_572.npy,/path/to/Cls_scattered_01_wCont/Cls_scattered_01_wCont/OIII/Cl_572.npy,/path/to/Cls_scattered_01_wCont/Cls_scattered_01_wCont/Cont/Cl_572.npy,1.7161686935462057,0.15293782707303763
/path/to/Cls_scattered_01_wCont/Cls_scattered_01_wCont/Ha_OII_OIII_Cont/Cl_573.npy,/path/to/Cls_scattered_01_wCont/Cls_scattered_01_wCont/OII_all_cross/Cl_573.npy,/path/to/Cls_scattered_01_wCont/Cls_scattered_01_wCont/OIII_all_cross/Cl_573.npy,/path/to/Cls_scattered_01_wCont/Cls_scattered_01_wCont/OII_all_cross/Cl_573_1.npy,/path/to/Cls_scattered_01_wCont/Cls_scattered_01_wCont/OIII_all_cross/Cl_573_1.npy,/path/to/Cls_scattered_01_wCont/Cls_scattered_01_wCont/Shift7_all_cross/Cl_573.npy,/path/to/Cls_scattered_01_wCont/Cls_scattered_01_wCont/Ha/Cl_573.npy,/path/to/Cls_scattered_01_wCont/Cls_scattered_01_wCont/OII/Cl_573.npy,/path/to/Cls_scattered_01_wCont/Cls_scattered_01_wCont/OIII/Cl_573.npy,/path/to/Cls_scattered_01_wCont/Cls_scattered_01_wCont/Cont/Cl_573.npy,0.3334814910776913,1.9031806314364075
/path/to/Cls_scattered_01_wCont/Cls_scattered_01_wCont/Ha_OII_OIII_Cont/Cl_574.npy,/path/to/Cls_scattered_01_wCont/Cls_scattered_01_wCont/OII_all_cross/Cl_574.npy,/path/to/Cls_scattered_01_wCont/Cls_scattered_01_wCont/OIII_all_cross/Cl_574.npy,/path/to/Cls_scattered_01_wCont/Cls_scattered_01_wCont/OII_all_cross/Cl_574_1.npy,/path/to/Cls_scattered_01_wCont/Cls_scattered_01_wCont/OIII_all_cross/Cl_574_1.npy,/path/to/Cls_scattered_01_wCont/Cls_scattered_01_wCont/Shift7_all_cross/Cl_574.npy,/path/to/Cls_scattered_01_wCont/Cls_scattered_01_wCont/Ha/Cl_574.npy,/path/to/Cls_scattered_01_wCont/Cls_scattered_01_wCont/OII/Cl_574.npy,/path/to/Cls_scattered_01_wCont/Cls_scattered_01_wCont/OIII/Cl_574.npy,/path/to/Cls_scattered_01_wCont/Cls_scattered_01_wCont/Cont/Cl_574.npy,0.696222692541778,0.600621745083481
/path/to/Cls_scattered_01_wCont/Cls_scattered_01_wCont/Ha_OII_OIII_Cont/Cl_575.npy,/path/to/Cls_scattered_01_wCont/Cls_scattered_01_wCont/OII_all_cross/Cl_575.npy,/path/to/Cls_scattered_01_wCont/Cls_scattered_01_wCont/OIII_all_cross/Cl_575.npy,/path/to/Cls_scattered_01_wCont/Cls_scattered_01_wCont/OII_all_cross/Cl_575_1.npy,/path/to/Cls_scattered_01_wCont/Cls_scattered_01_wCont/OIII_all_cross/Cl_575_1.npy,/path/to/Cls_scattered_01_wCont/Cls_scattered_01_wCont/Shift7_all_cross/Cl_575.npy,/path/to/Cls_scattered_01_wCont/Cls_scattered_01_wCont/Ha/Cl_575.npy,/path/to/Cls_scattered_01_wCont/Cls_scattered_01_wCont/OII/Cl_575.npy,/path/to/Cls_scattered_01_wCont/Cls_scattered_01_wCont/OIII/Cl_575.npy,/path/to/Cls_scattered_01_wCont/Cls_scattered_01_wCont/Cont/Cl_575.npy,1.219826971925795,1.4556015853770077
/path/to/Cls_scattered_01_wCont/Cls_scattered_01_wCont/Ha_OII_OIII_Cont/Cl_576.npy,/path/to/Cls_scattered_01_wCont/Cls_scattered_01_wCont/OII_all_cross/Cl_576.npy,/path/to/Cls_scattered_01_wCont/Cls_scattered_01_wCont/OIII_all_cross/Cl_576.npy,/path/to/Cls_scattered_01_wCont/Cls_scattered_01_wCont/OII_all_cross/Cl_576_1.npy,/path/to/Cls_scattered_01_wCont/Cls_scattered_01_wCont/OIII_all_cross/Cl_576_1.npy,/path/to/Cls_scattered_01_wCont/Cls_scattered_01_wCont/Shift7_all_cross/Cl_576.npy,/path/to/Cls_scattered_01_wCont/Cls_scattered_01_wCont/Ha/Cl_576.npy,/path/to/Cls_scattered_01_wCont/Cls_scattered_01_wCont/OII/Cl_576.npy,/path/to/Cls_scattered_01_wCont/Cls_scattered_01_wCont/OIII/Cl_576.npy,/path/to/Cls_scattered_01_wCont/Cls_scattered_01_wCont/Cont/Cl_576.npy,1.1999182867817582,0.8306677569635211
/path/to/Cls_scattered_01_wCont/Cls_scattered_01_wCont/Ha_OII_OIII_Cont/Cl_577.npy,/path/to/Cls_scattered_01_wCont/Cls_scattered_01_wCont/OII_all_cross/Cl_577.npy,/path/to/Cls_scattered_01_wCont/Cls_scattered_01_wCont/OIII_all_cross/Cl_577.npy,/path/to/Cls_scattered_01_wCont/Cls_scattered_01_wCont/OII_all_cross/Cl_577_1.npy,/path/to/Cls_scattered_01_wCont/Cls_scattered_01_wCont/OIII_all_cross/Cl_577_1.npy,/path/to/Cls_scattered_01_wCont/Cls_scattered_01_wCont/Shift7_all_cross/Cl_577.npy,/path/to/Cls_scattered_01_wCont/Cls_scattered_01_wCont/Ha/Cl_577.npy,/path/to/Cls_scattered_01_wCont/Cls_scattered_01_wCont/OII/Cl_577.npy,/path/to/Cls_scattered_01_wCont/Cls_scattered_01_wCont/OIII/Cl_577.npy,/path/to/Cls_scattered_01_wCont/Cls_scattered_01_wCont/Cont/Cl_577.npy,0.712525616493076,1.225548552069813
/path/to/Cls_scattered_01_wCont/Cls_scattered_01_wCont/Ha_OII_OIII_Cont/Cl_578.npy,/path/to/Cls_scattered_01_wCont/Cls_scattered_01_wCont/OII_all_cross/Cl_578.npy,/path/to/Cls_scattered_01_wCont/Cls_scattered_01_wCont/OIII_all_cross/Cl_578.npy,/path/to/Cls_scattered_01_wCont/Cls_scattered_01_wCont/OII_all_cross/Cl_578_1.npy,/path/to/Cls_scattered_01_wCont/Cls_scattered_01_wCont/OIII_all_cross/Cl_578_1.npy,/path/to/Cls_scattered_01_wCont/Cls_scattered_01_wCont/Shift7_all_cross/Cl_578.npy,/path/to/Cls_scattered_01_wCont/Cls_scattered_01_wCont/Ha/Cl_578.npy,/path/to/Cls_scattered_01_wCont/Cls_scattered_01_wCont/OII/Cl_578.npy,/path/to/Cls_scattered_01_wCont/Cls_scattered_01_wCont/OIII/Cl_578.npy,/path/to/Cls_scattered_01_wCont/Cls_scattered_01_wCont/Cont/Cl_578.npy,0.3200960196554661,0.3829756001010537
/path/to/Cls_scattered_01_wCont/Cls_scattered_01_wCont/Ha_OII_OIII_Cont/Cl_579.npy,/path/to/Cls_scattered_01_wCont/Cls_scattered_01_wCont/OII_all_cross/Cl_579.npy,/path/to/Cls_scattered_01_wCont/Cls_scattered_01_wCont/OIII_all_cross/Cl_579.npy,/path/to/Cls_scattered_01_wCont/Cls_scattered_01_wCont/OII_all_cross/Cl_579_1.npy,/path/to/Cls_scattered_01_wCont/Cls_scattered_01_wCont/OIII_all_cross/Cl_579_1.npy,/path/to/Cls_scattered_01_wCont/Cls_scattered_01_wCont/Shift7_all_cross/Cl_579.npy,/path/to/Cls_scattered_01_wCont/Cls_scattered_01_wCont/Ha/Cl_579.npy,/path/to/Cls_scattered_01_wCont/Cls_scattered_01_wCont/OII/Cl_579.npy,/path/to/Cls_scattered_01_wCont/Cls_scattered_01_wCont/OIII/Cl_579.npy,/path/to/Cls_scattered_01_wCont/Cls_scattered_01_wCont/Cont/Cl_579.npy,1.725948453322053,1.6731208881363273
/path/to/Cls_scattered_01_wCont/Cls_scattered_01_wCont/Ha_OII_OIII_Cont/Cl_580.npy,/path/to/Cls_scattered_01_wCont/Cls_scattered_01_wCont/OII_all_cross/Cl_580.npy,/path/to/Cls_scattered_01_wCont/Cls_scattered_01_wCont/OIII_all_cross/Cl_580.npy,/path/to/Cls_scattered_01_wCont/Cls_scattered_01_wCont/OII_all_cross/Cl_580_1.npy,/path/to/Cls_scattered_01_wCont/Cls_scattered_01_wCont/OIII_all_cross/Cl_580_1.npy,/path/to/Cls_scattered_01_wCont/Cls_scattered_01_wCont/Shift7_all_cross/Cl_580.npy,/path/to/Cls_scattered_01_wCont/Cls_scattered_01_wCont/Ha/Cl_580.npy,/path/to/Cls_scattered_01_wCont/Cls_scattered_01_wCont/OII/Cl_580.npy,/path/to/Cls_scattered_01_wCont/Cls_scattered_01_wCont/OIII/Cl_580.npy,/path/to/Cls_scattered_01_wCont/Cls_scattered_01_wCont/Cont/Cl_580.npy,1.926259667892009,0.16164367655292153
/path/to/Cls_scattered_01_wCont/Cls_scattered_01_wCont/Ha_OII_OIII_Cont/Cl_581.npy,/path/to/Cls_scattered_01_wCont/Cls_scattered_01_wCont/OII_all_cross/Cl_581.npy,/path/to/Cls_scattered_01_wCont/Cls_scattered_01_wCont/OIII_all_cross/Cl_581.npy,/path/to/Cls_scattered_01_wCont/Cls_scattered_01_wCont/OII_all_cross/Cl_581_1.npy,/path/to/Cls_scattered_01_wCont/Cls_scattered_01_wCont/OIII_all_cross/Cl_581_1.npy,/path/to/Cls_scattered_01_wCont/Cls_scattered_01_wCont/Shift7_all_cross/Cl_581.npy,/path/to/Cls_scattered_01_wCont/Cls_scattered_01_wCont/Ha/Cl_581.npy,/path/to/Cls_scattered_01_wCont/Cls_scattered_01_wCont/OII/Cl_581.npy,/path/to/Cls_scattered_01_wCont/Cls_scattered_01_wCont/OIII/Cl_581.npy,/path/to/Cls_scattered_01_wCont/Cls_scattered_01_wCont/Cont/Cl_581.npy,0.4610061303712427,1.9822505523450673
/path/to/Cls_scattered_01_wCont/Cls_scattered_01_wCont/Ha_OII_OIII_Cont/Cl_582.npy,/path/to/Cls_scattered_01_wCont/Cls_scattered_01_wCont/OII_all_cross/Cl_582.npy,/path/to/Cls_scattered_01_wCont/Cls_scattered_01_wCont/OIII_all_cross/Cl_582.npy,/path/to/Cls_scattered_01_wCont/Cls_scattered_01_wCont/OII_all_cross/Cl_582_1.npy,/path/to/Cls_scattered_01_wCont/Cls_scattered_01_wCont/OIII_all_cross/Cl_582_1.npy,/path/to/Cls_scattered_01_wCont/Cls_scattered_01_wCont/Shift7_all_cross/Cl_582.npy,/path/to/Cls_scattered_01_wCont/Cls_scattered_01_wCont/Ha/Cl_582.npy,/path/to/Cls_scattered_01_wCont/Cls_scattered_01_wCont/OII/Cl_582.npy,/path/to/Cls_scattered_01_wCont/Cls_scattered_01_wCont/OIII/Cl_582.npy,/path/to/Cls_scattered_01_wCont/Cls_scattered_01_wCont/Cont/Cl_582.npy,1.04640900362283,0.6648875495418906
/path/to/Cls_scattered_01_wCont/Cls_scattered_01_wCont/Ha_OII_OIII_Cont/Cl_583.npy,/path/to/Cls_scattered_01_wCont/Cls_scattered_01_wCont/OII_all_cross/Cl_583.npy,/path/to/Cls_scattered_01_wCont/Cls_scattered_01_wCont/OIII_all_cross/Cl_583.npy,/path/to/Cls_scattered_01_wCont/Cls_scattered_01_wCont/OII_all_cross/Cl_583_1.npy,/path/to/Cls_scattered_01_wCont/Cls_scattered_01_wCont/OIII_all_cross/Cl_583_1.npy,/path/to/Cls_scattered_01_wCont/Cls_scattered_01_wCont/Shift7_all_cross/Cl_583.npy,/path/to/Cls_scattered_01_wCont/Cls_scattered_01_wCont/Ha/Cl_583.npy,/path/to/Cls_scattered_01_wCont/Cls_scattered_01_wCont/OII/Cl_583.npy,/path/to/Cls_scattered_01_wCont/Cls_scattered_01_wCont/OIII/Cl_583.npy,/path/to/Cls_scattered_01_wCont/Cls_scattered_01_wCont/Cont/Cl_583.npy,1.4744582137092948,1.4789018074050546
/path/to/Cls_scattered_01_wCont/Cls_scattered_01_wCont/Ha_OII_OIII_Cont/Cl_584.npy,/path/to/Cls_scattered_01_wCont/Cls_scattered_01_wCont/OII_all_cross/Cl_584.npy,/path/to/Cls_scattered_01_wCont/Cls_scattered_01_wCont/OIII_all_cross/Cl_584.npy,/path/to/Cls_scattered_01_wCont/Cls_scattered_01_wCont/OII_all_cross/Cl_584_1.npy,/path/to/Cls_scattered_01_wCont/Cls_scattered_01_wCont/OIII_all_cross/Cl_584_1.npy,/path/to/Cls_scattered_01_wCont/Cls_scattered_01_wCont/Shift7_all_cross/Cl_584.npy,/path/to/Cls_scattered_01_wCont/Cls_scattered_01_wCont/Ha/Cl_584.npy,/path/to/Cls_scattered_01_wCont/Cls_scattered_01_wCont/OII/Cl_584.npy,/path/to/Cls_scattered_01_wCont/Cls_scattered_01_wCont/OIII/Cl_584.npy,/path/to/Cls_scattered_01_wCont/Cls_scattered_01_wCont/Cont/Cl_584.npy,1.361054207663983,0.5408550970256328
/path/to/Cls_scattered_01_wCont/Cls_scattered_01_wCont/Ha_OII_OIII_Cont/Cl_585.npy,/path/to/Cls_scattered_01_wCont/Cls_scattered_01_wCont/OII_all_cross/Cl_585.npy,/path/to/Cls_scattered_01_wCont/Cls_scattered_01_wCont/OIII_all_cross/Cl_585.npy,/path/to/Cls_scattered_01_wCont/Cls_scattered_01_wCont/OII_all_cross/Cl_585_1.npy,/path/to/Cls_scattered_01_wCont/Cls_scattered_01_wCont/OIII_all_cross/Cl_585_1.npy,/path/to/Cls_scattered_01_wCont/Cls_scattered_01_wCont/Shift7_all_cross/Cl_585.npy,/path/to/Cls_scattered_01_wCont/Cls_scattered_01_wCont/Ha/Cl_585.npy,/path/to/Cls_scattered_01_wCont/Cls_scattered_01_wCont/OII/Cl_585.npy,/path/to/Cls_scattered_01_wCont/Cls_scattered_01_wCont/OIII/Cl_585.npy,/path/to/Cls_scattered_01_wCont/Cls_scattered_01_wCont/Cont/Cl_585.npy,0.9265417172573506,1.6341182228177786
/path/to/Cls_scattered_01_wCont/Cls_scattered_01_wCont/Ha_OII_OIII_Cont/Cl_586.npy,/path/to/Cls_scattered_01_wCont/Cls_scattered_01_wCont/OII_all_cross/Cl_586.npy,/path/to/Cls_scattered_01_wCont/Cls_scattered_01_wCont/OIII_all_cross/Cl_586.npy,/path/to/Cls_scattered_01_wCont/Cls_scattered_01_wCont/OII_all_cross/Cl_586_1.npy,/path/to/Cls_scattered_01_wCont/Cls_scattered_01_wCont/OIII_all_cross/Cl_586_1.npy,/path/to/Cls_scattered_01_wCont/Cls_scattered_01_wCont/Shift7_all_cross/Cl_586.npy,/path/to/Cls_scattered_01_wCont/Cls_scattered_01_wCont/Ha/Cl_586.npy,/path/to/Cls_scattered_01_wCont/Cls_scattered_01_wCont/OII/Cl_586.npy,/path/to/Cls_scattered_01_wCont/Cls_scattered_01_wCont/OIII/Cl_586.npy,/path/to/Cls_scattered_01_wCont/Cls_scattered_01_wCont/Cont/Cl_586.npy,0.34114472940564156,1.0440989735536277
/path/to/Cls_scattered_01_wCont/Cls_scattered_01_wCont/Ha_OII_OIII_Cont/Cl_587.npy,/path/to/Cls_scattered_01_wCont/Cls_scattered_01_wCont/OII_all_cross/Cl_587.npy,/path/to/Cls_scattered_01_wCont/Cls_scattered_01_wCont/OIII_all_cross/Cl_587.npy,/path/to/Cls_scattered_01_wCont/Cls_scattered_01_wCont/OII_all_cross/Cl_587_1.npy,/path/to/Cls_scattered_01_wCont/Cls_scattered_01_wCont/OIII_all_cross/Cl_587_1.npy,/path/to/Cls_scattered_01_wCont/Cls_scattered_01_wCont/Shift7_all_cross/Cl_587.npy,/path/to/Cls_scattered_01_wCont/Cls_scattered_01_wCont/Ha/Cl_587.npy,/path/to/Cls_scattered_01_wCont/Cls_scattered_01_wCont/OII/Cl_587.npy,/path/to/Cls_scattered_01_wCont/Cls_scattered_01_wCont/OIII/Cl_587.npy,/path/to/Cls_scattered_01_wCont/Cls_scattered_01_wCont/Cont/Cl_587.npy,1.8128651712089776,1.1307694814167917
/path/to/Cls_scattered_01_wCont/Cls_scattered_01_wCont/Ha_OII_OIII_Cont/Cl_588.npy,/path/to/Cls_scattered_01_wCont/Cls_scattered_01_wCont/OII_all_cross/Cl_588.npy,/path/to/Cls_scattered_01_wCont/Cls_scattered_01_wCont/OIII_all_cross/Cl_588.npy,/path/to/Cls_scattered_01_wCont/Cls_scattered_01_wCont/OII_all_cross/Cl_588_1.npy,/path/to/Cls_scattered_01_wCont/Cls_scattered_01_wCont/OIII_all_cross/Cl_588_1.npy,/path/to/Cls_scattered_01_wCont/Cls_scattered_01_wCont/Shift7_all_cross/Cl_588.npy,/path/to/Cls_scattered_01_wCont/Cls_scattered_01_wCont/Ha/Cl_588.npy,/path/to/Cls_scattered_01_wCont/Cls_scattered_01_wCont/OII/Cl_588.npy,/path/to/Cls_scattered_01_wCont/Cls_scattered_01_wCont/OIII/Cl_588.npy,/path/to/Cls_scattered_01_wCont/Cls_scattered_01_wCont/Cont/Cl_588.npy,1.6125123483128845,0.7038000758737325
/path/to/Cls_scattered_01_wCont/Cls_scattered_01_wCont/Ha_OII_OIII_Cont/Cl_589.npy,/path/to/Cls_scattered_01_wCont/Cls_scattered_01_wCont/OII_all_cross/Cl_589.npy,/path/to/Cls_scattered_01_wCont/Cls_scattered_01_wCont/OIII_all_cross/Cl_589.npy,/path/to/Cls_scattered_01_wCont/Cls_scattered_01_wCont/OII_all_cross/Cl_589_1.npy,/path/to/Cls_scattered_01_wCont/Cls_scattered_01_wCont/OIII_all_cross/Cl_589_1.npy,/path/to/Cls_scattered_01_wCont/Cls_scattered_01_wCont/Shift7_all_cross/Cl_589.npy,/path/to/Cls_scattered_01_wCont/Cls_scattered_01_wCont/Ha/Cl_589.npy,/path/to/Cls_scattered_01_wCont/Cls_scattered_01_wCont/OII/Cl_589.npy,/path/to/Cls_scattered_01_wCont/Cls_scattered_01_wCont/OIII/Cl_589.npy,/path/to/Cls_scattered_01_wCont/Cls_scattered_01_wCont/Cont/Cl_589.npy,0.20013853767886758,1.3213371209800244
/path/to/Cls_scattered_01_wCont/Cls_scattered_01_wCont/Ha_OII_OIII_Cont/Cl_590.npy,/path/to/Cls_scattered_01_wCont/Cls_scattered_01_wCont/OII_all_cross/Cl_590.npy,/path/to/Cls_scattered_01_wCont/Cls_scattered_01_wCont/OIII_all_cross/Cl_590.npy,/path/to/Cls_scattered_01_wCont/Cls_scattered_01_wCont/OII_all_cross/Cl_590_1.npy,/path/to/Cls_scattered_01_wCont/Cls_scattered_01_wCont/OIII_all_cross/Cl_590_1.npy,/path/to/Cls_scattered_01_wCont/Cls_scattered_01_wCont/Shift7_all_cross/Cl_590.npy,/path/to/Cls_scattered_01_wCont/Cls_scattered_01_wCont/Ha/Cl_590.npy,/path/to/Cls_scattered_01_wCont/Cls_scattered_01_wCont/OII/Cl_590.npy,/path/to/Cls_scattered_01_wCont/Cls_scattered_01_wCont/OIII/Cl_590.npy,/path/to/Cls_scattered_01_wCont/Cls_scattered_01_wCont/Cont/Cl_590.npy,0.592573113925755,0.2561079225502908
/path/to/Cls_scattered_01_wCont/Cls_scattered_01_wCont/Ha_OII_OIII_Cont/Cl_591.npy,/path/to/Cls_scattered_01_wCont/Cls_scattered_01_wCont/OII_all_cross/Cl_591.npy,/path/to/Cls_scattered_01_wCont/Cls_scattered_01_wCont/OIII_all_cross/Cl_591.npy,/path/to/Cls_scattered_01_wCont/Cls_scattered_01_wCont/OII_all_cross/Cl_591_1.npy,/path/to/Cls_scattered_01_wCont/Cls_scattered_01_wCont/OIII_all_cross/Cl_591_1.npy,/path/to/Cls_scattered_01_wCont/Cls_scattered_01_wCont/Shift7_all_cross/Cl_591.npy,/path/to/Cls_scattered_01_wCont/Cls_scattered_01_wCont/Ha/Cl_591.npy,/path/to/Cls_scattered_01_wCont/Cls_scattered_01_wCont/OII/Cl_591.npy,/path/to/Cls_scattered_01_wCont/Cls_scattered_01_wCont/OIII/Cl_591.npy,/path/to/Cls_scattered_01_wCont/Cls_scattered_01_wCont/Cont/Cl_591.npy,1.0864907851442696,1.7689094605855644
/path/to/Cls_scattered_01_wCont/Cls_scattered_01_wCont/Ha_OII_OIII_Cont/Cl_592.npy,/path/to/Cls_scattered_01_wCont/Cls_scattered_01_wCont/OII_all_cross/Cl_592.npy,/path/to/Cls_scattered_01_wCont/Cls_scattered_01_wCont/OIII_all_cross/Cl_592.npy,/path/to/Cls_scattered_01_wCont/Cls_scattered_01_wCont/OII_all_cross/Cl_592_1.npy,/path/to/Cls_scattered_01_wCont/Cls_scattered_01_wCont/OIII_all_cross/Cl_592_1.npy,/path/to/Cls_scattered_01_wCont/Cls_scattered_01_wCont/Shift7_all_cross/Cl_592.npy,/path/to/Cls_scattered_01_wCont/Cls_scattered_01_wCont/Ha/Cl_592.npy,/path/to/Cls_scattered_01_wCont/Cls_scattered_01_wCont/OII/Cl_592.npy,/path/to/Cls_scattered_01_wCont/Cls_scattered_01_wCont/OIII/Cl_592.npy,/path/to/Cls_scattered_01_wCont/Cls_scattered_01_wCont/Cont/Cl_592.npy,1.123901865631342,0.2859661062248051
/path/to/Cls_scattered_01_wCont/Cls_scattered_01_wCont/Ha_OII_OIII_Cont/Cl_593.npy,/path/to/Cls_scattered_01_wCont/Cls_scattered_01_wCont/OII_all_cross/Cl_593.npy,/path/to/Cls_scattered_01_wCont/Cls_scattered_01_wCont/OIII_all_cross/Cl_593.npy,/path/to/Cls_scattered_01_wCont/Cls_scattered_01_wCont/OII_all_cross/Cl_593_1.npy,/path/to/Cls_scattered_01_wCont/Cls_scattered_01_wCont/OIII_all_cross/Cl_593_1.npy,/path/to/Cls_scattered_01_wCont/Cls_scattered_01_wCont/Shift7_all_cross/Cl_593.npy,/path/to/Cls_scattered_01_wCont/Cls_scattered_01_wCont/Ha/Cl_593.npy,/path/to/Cls_scattered_01_wCont/Cls_scattered_01_wCont/OII/Cl_593.npy,/path/to/Cls_scattered_01_wCont/Cls_scattered_01_wCont/OIII/Cl_593.npy,/path/to/Cls_scattered_01_wCont/Cls_scattered_01_wCont/Cont/Cl_593.npy,0.6882303301244974,1.8579392210580408
/path/to/Cls_scattered_01_wCont/Cls_scattered_01_wCont/Ha_OII_OIII_Cont/Cl_594.npy,/path/to/Cls_scattered_01_wCont/Cls_scattered_01_wCont/OII_all_cross/Cl_594.npy,/path/to/Cls_scattered_01_wCont/Cls_scattered_01_wCont/OIII_all_cross/Cl_594.npy,/path/to/Cls_scattered_01_wCont/Cls_scattered_01_wCont/OII_all_cross/Cl_594_1.npy,/path/to/Cls_scattered_01_wCont/Cls_scattered_01_wCont/OIII_all_cross/Cl_594_1.npy,/path/to/Cls_scattered_01_wCont/Cls_scattered_01_wCont/Shift7_all_cross/Cl_594.npy,/path/to/Cls_scattered_01_wCont/Cls_scattered_01_wCont/Ha/Cl_594.npy,/path/to/Cls_scattered_01_wCont/Cls_scattered_01_wCont/OII/Cl_594.npy,/path/to/Cls_scattered_01_wCont/Cls_scattered_01_wCont/OIII/Cl_594.npy,/path/to/Cls_scattered_01_wCont/Cls_scattered_01_wCont/Cont/Cl_594.npy,0.10283241150900722,0.7929088840261102
/path/to/Cls_scattered_01_wCont/Cls_scattered_01_wCont/Ha_OII_OIII_Cont/Cl_595.npy,/path/to/Cls_scattered_01_wCont/Cls_scattered_01_wCont/OII_all_cross/Cl_595.npy,/path/to/Cls_scattered_01_wCont/Cls_scattered_01_wCont/OIII_all_cross/Cl_595.npy,/path/to/Cls_scattered_01_wCont/Cls_scattered_01_wCont/OII_all_cross/Cl_595_1.npy,/path/to/Cls_scattered_01_wCont/Cls_scattered_01_wCont/OIII_all_cross/Cl_595_1.npy,/path/to/Cls_scattered_01_wCont/Cls_scattered_01_wCont/Shift7_all_cross/Cl_595.npy,/path/to/Cls_scattered_01_wCont/Cls_scattered_01_wCont/Ha/Cl_595.npy,/path/to/Cls_scattered_01_wCont/Cls_scattered_01_wCont/OII/Cl_595.npy,/path/to/Cls_scattered_01_wCont/Cls_scattered_01_wCont/OIII/Cl_595.npy,/path/to/Cls_scattered_01_wCont/Cls_scattered_01_wCont/Cont/Cl_595.npy,1.5757137103937566,1.3508693745359779
/path/to/Cls_scattered_01_wCont/Cls_scattered_01_wCont/Ha_OII_OIII_Cont/Cl_596.npy,/path/to/Cls_scattered_01_wCont/Cls_scattered_01_wCont/OII_all_cross/Cl_596.npy,/path/to/Cls_scattered_01_wCont/Cls_scattered_01_wCont/OIII_all_cross/Cl_596.npy,/path/to/Cls_scattered_01_wCont/Cls_scattered_01_wCont/OII_all_cross/Cl_596_1.npy,/path/to/Cls_scattered_01_wCont/Cls_scattered_01_wCont/OIII_all_cross/Cl_596_1.npy,/path/to/Cls_scattered_01_wCont/Cls_scattered_01_wCont/Shift7_all_cross/Cl_596.npy,/path/to/Cls_scattered_01_wCont/Cls_scattered_01_wCont/Ha/Cl_596.npy,/path/to/Cls_scattered_01_wCont/Cls_scattered_01_wCont/OII/Cl_596.npy,/path/to/Cls_scattered_01_wCont/Cls_scattered_01_wCont/OIII/Cl_596.npy,/path/to/Cls_scattered_01_wCont/Cls_scattered_01_wCont/Cont/Cl_596.npy,1.8503595815971494,0.95498176375404
/path/to/Cls_scattered_01_wCont/Cls_scattered_01_wCont/Ha_OII_OIII_Cont/Cl_597.npy,/path/to/Cls_scattered_01_wCont/Cls_scattered_01_wCont/OII_all_cross/Cl_597.npy,/path/to/Cls_scattered_01_wCont/Cls_scattered_01_wCont/OIII_all_cross/Cl_597.npy,/path/to/Cls_scattered_01_wCont/Cls_scattered_01_wCont/OII_all_cross/Cl_597_1.npy,/path/to/Cls_scattered_01_wCont/Cls_scattered_01_wCont/OIII_all_cross/Cl_597_1.npy,/path/to/Cls_scattered_01_wCont/Cls_scattered_01_wCont/Shift7_all_cross/Cl_597.npy,/path/to/Cls_scattered_01_wCont/Cls_scattered_01_wCont/Ha/Cl_597.npy,/path/to/Cls_scattered_01_wCont/Cls_scattered_01_wCont/OII/Cl_597.npy,/path/to/Cls_scattered_01_wCont/Cls_scattered_01_wCont/OIII/Cl_597.npy,/path/to/Cls_scattered_01_wCont/Cls_scattered_01_wCont/Cont/Cl_597.npy,0.43682729210704563,1.1012306948192419
/path/to/Cls_scattered_01_wCont/Cls_scattered_01_wCont/Ha_OII_OIII_Cont/Cl_598.npy,/path/to/Cls_scattered_01_wCont/Cls_scattered_01_wCont/OII_all_cross/Cl_598.npy,/path/to/Cls_scattered_01_wCont/Cls_scattered_01_wCont/OIII_all_cross/Cl_598.npy,/path/to/Cls_scattered_01_wCont/Cls_scattered_01_wCont/OII_all_cross/Cl_598_1.npy,/path/to/Cls_scattered_01_wCont/Cls_scattered_01_wCont/OIII_all_cross/Cl_598_1.npy,/path/to/Cls_scattered_01_wCont/Cls_scattered_01_wCont/Shift7_all_cross/Cl_598.npy,/path/to/Cls_scattered_01_wCont/Cls_scattered_01_wCont/Ha/Cl_598.npy,/path/to/Cls_scattered_01_wCont/Cls_scattered_01_wCont/OII/Cl_598.npy,/path/to/Cls_scattered_01_wCont/Cls_scattered_01_wCont/OIII/Cl_598.npy,/path/to/Cls_scattered_01_wCont/Cls_scattered_01_wCont/Cont/Cl_598.npy,0.8292609942145645,0.5110053291544318
/path/to/Cls_scattered_01_wCont/Cls_scattered_01_wCont/Ha_OII_OIII_Cont/Cl_599.npy,/path/to/Cls_scattered_01_wCont/Cls_scattered_01_wCont/OII_all_cross/Cl_599.npy,/path/to/Cls_scattered_01_wCont/Cls_scattered_01_wCont/OIII_all_cross/Cl_599.npy,/path/to/Cls_scattered_01_wCont/Cls_scattered_01_wCont/OII_all_cross/Cl_599_1.npy,/path/to/Cls_scattered_01_wCont/Cls_scattered_01_wCont/OIII_all_cross/Cl_599_1.npy,/path/to/Cls_scattered_01_wCont/Cls_scattered_01_wCont/Shift7_all_cross/Cl_599.npy,/path/to/Cls_scattered_01_wCont/Cls_scattered_01_wCont/Ha/Cl_599.npy,/path/to/Cls_scattered_01_wCont/Cls_scattered_01_wCont/OII/Cl_599.npy,/path/to/Cls_scattered_01_wCont/Cls_scattered_01_wCont/OIII/Cl_599.npy,/path/to/Cls_scattered_01_wCont/Cls_scattered_01_wCont/Cont/Cl_599.npy,1.324338956270367,1.5450950095430016
/path/to/Cls_scattered_01_wCont/Cls_scattered_01_wCont/Ha_OII_OIII_Cont/Cl_600.npy,/path/to/Cls_scattered_01_wCont/Cls_scattered_01_wCont/OII_all_cross/Cl_600.npy,/path/to/Cls_scattered_01_wCont/Cls_scattered_01_wCont/OIII_all_cross/Cl_600.npy,/path/to/Cls_scattered_01_wCont/Cls_scattered_01_wCont/OII_all_cross/Cl_600_1.npy,/path/to/Cls_scattered_01_wCont/Cls_scattered_01_wCont/OIII_all_cross/Cl_600_1.npy,/path/to/Cls_scattered_01_wCont/Cls_scattered_01_wCont/Shift7_all_cross/Cl_600.npy,/path/to/Cls_scattered_01_wCont/Cls_scattered_01_wCont/Ha/Cl_600.npy,/path/to/Cls_scattered_01_wCont/Cls_scattered_01_wCont/OII/Cl_600.npy,/path/to/Cls_scattered_01_wCont/Cls_scattered_01_wCont/OIII/Cl_600.npy,/path/to/Cls_scattered_01_wCont/Cls_scattered_01_wCont/Cont/Cl_600.npy,1.4373026438057424,0.5757703326642513
/path/to/Cls_scattered_01_wCont/Cls_scattered_01_wCont/Ha_OII_OIII_Cont/Cl_601.npy,/path/to/Cls_scattered_01_wCont/Cls_scattered_01_wCont/OII_all_cross/Cl_601.npy,/path/to/Cls_scattered_01_wCont/Cls_scattered_01_wCont/OIII_all_cross/Cl_601.npy,/path/to/Cls_scattered_01_wCont/Cls_scattered_01_wCont/OII_all_cross/Cl_601_1.npy,/path/to/Cls_scattered_01_wCont/Cls_scattered_01_wCont/OIII_all_cross/Cl_601_1.npy,/path/to/Cls_scattered_01_wCont/Cls_scattered_01_wCont/Shift7_all_cross/Cl_601.npy,/path/to/Cls_scattered_01_wCont/Cls_scattered_01_wCont/Ha/Cl_601.npy,/path/to/Cls_scattered_01_wCont/Cls_scattered_01_wCont/OII/Cl_601.npy,/path/to/Cls_scattered_01_wCont/Cls_scattered_01_wCont/OIII/Cl_601.npy,/path/to/Cls_scattered_01_wCont/Cls_scattered_01_wCont/Cont/Cl_601.npy,0.9506050381809472,1.449363013729453
/path/to/Cls_scattered_01_wCont/Cls_scattered_01_wCont/Ha_OII_OIII_Cont/Cl_602.npy,/path/to/Cls_scattered_01_wCont/Cls_scattered_01_wCont/OII_all_cross/Cl_602.npy,/path/to/Cls_scattered_01_wCont/Cls_scattered_01_wCont/OIII_all_cross/Cl_602.npy,/path/to/Cls_scattered_01_wCont/Cls_scattered_01_wCont/OII_all_cross/Cl_602_1.npy,/path/to/Cls_scattered_01_wCont/Cls_scattered_01_wCont/OIII_all_cross/Cl_602_1.npy,/path/to/Cls_scattered_01_wCont/Cls_scattered_01_wCont/Shift7_all_cross/Cl_602.npy,/path/to/Cls_scattered_01_wCont/Cls_scattered_01_wCont/Ha/Cl_602.npy,/path/to/Cls_scattered_01_wCont/Cls_scattered_01_wCont/OII/Cl_602.npy,/path/to/Cls_scattered_01_wCont/Cls_scattered_01_wCont/OIII/Cl_602.npy,/path/to/Cls_scattered_01_wCont/Cls_scattered_01_wCont/Cont/Cl_602.npy,0.5581763225607573,0.13179390160366894
/path/to/Cls_scattered_01_wCont/Cls_scattered_01_wCont/Ha_OII_OIII_Cont/Cl_603.npy,/path/to/Cls_scattered_01_wCont/Cls_scattered_01_wCont/OII_all_cross/Cl_603.npy,/path/to/Cls_scattered_01_wCont/Cls_scattered_01_wCont/OIII_all_cross/Cl_603.npy,/path/to/Cls_scattered_01_wCont/Cls_scattered_01_wCont/OII_all_cross/Cl_603_1.npy,/path/to/Cls_scattered_01_wCont/Cls_scattered_01_wCont/OIII_all_cross/Cl_603_1.npy,/path/to/Cls_scattered_01_wCont/Cls_scattered_01_wCont/Shift7_all_cross/Cl_603.npy,/path/to/Cls_scattered_01_wCont/Cls_scattered_01_wCont/Ha/Cl_603.npy,/path/to/Cls_scattered_01_wCont/Cls_scattered_01_wCont/OII/Cl_603.npy,/path/to/Cls_scattered_01_wCont/Cls_scattered_01_wCont/OIII/Cl_603.npy,/path/to/Cls_scattered_01_wCont/Cls_scattered_01_wCont/Cont/Cl_603.npy,1.963331879582256,1.8932273319922388
/path/to/Cls_scattered_01_wCont/Cls_scattered_01_wCont/Ha_OII_OIII_Cont/Cl_604.npy,/path/to/Cls_scattered_01_wCont/Cls_scattered_01_wCont/OII_all_cross/Cl_604.npy,/path/to/Cls_scattered_01_wCont/Cls_scattered_01_wCont/OIII_all_cross/Cl_604.npy,/path/to/Cls_scattered_01_wCont/Cls_scattered_01_wCont/OII_all_cross/Cl_604_1.npy,/path/to/Cls_scattered_01_wCont/Cls_scattered_01_wCont/OIII_all_cross/Cl_604_1.npy,/path/to/Cls_scattered_01_wCont/Cls_scattered_01_wCont/Shift7_all_cross/Cl_604.npy,/path/to/Cls_scattered_01_wCont/Cls_scattered_01_wCont/Ha/Cl_604.npy,/path/to/Cls_scattered_01_wCont/Cls_scattered_01_wCont/OII/Cl_604.npy,/path/to/Cls_scattered_01_wCont/Cls_scattered_01_wCont/OIII/Cl_604.npy,/path/to/Cls_scattered_01_wCont/Cls_scattered_01_wCont/Cont/Cl_604.npy,1.6886442797258496,0.4128337766975164
/path/to/Cls_scattered_01_wCont/Cls_scattered_01_wCont/Ha_OII_OIII_Cont/Cl_605.npy,/path/to/Cls_scattered_01_wCont/Cls_scattered_01_wCont/OII_all_cross/Cl_605.npy,/path/to/Cls_scattered_01_wCont/Cls_scattered_01_wCont/OIII_all_cross/Cl_605.npy,/path/to/Cls_scattered_01_wCont/Cls_scattered_01_wCont/OII_all_cross/Cl_605_1.npy,/path/to/Cls_scattered_01_wCont/Cls_scattered_01_wCont/OIII_all_cross/Cl_605_1.npy,/path/to/Cls_scattered_01_wCont/Cls_scattered_01_wCont/Shift7_all_cross/Cl_605.npy,/path/to/Cls_scattered_01_wCont/Cls_scattered_01_wCont/Ha/Cl_605.npy,/path/to/Cls_scattered_01_wCont/Cls_scattered_01_wCont/OII/Cl_605.npy,/path/to/Cls_scattered_01_wCont/Cls_scattered_01_wCont/OIII/Cl_605.npy,/path/to/Cls_scattered_01_wCont/Cls_scattered_01_wCont/Cont/Cl_605.npy,0.22408546712249516,1.7621506415307522
/path/to/Cls_scattered_01_wCont/Cls_scattered_01_wCont/Ha_OII_OIII_Cont/Cl_606.npy,/path/to/Cls_scattered_01_wCont/Cls_scattered_01_wCont/OII_all_cross/Cl_606.npy,/path/to/Cls_scattered_01_wCont/Cls_scattered_01_wCont/OIII_all_cross/Cl_606.npy,/path/to/Cls_scattered_01_wCont/Cls_scattered_01_wCont/OII_all_cross/Cl_606_1.npy,/path/to/Cls_scattered_01_wCont/Cls_scattered_01_wCont/OIII_all_cross/Cl_606_1.npy,/path/to/Cls_scattered_01_wCont/Cls_scattered_01_wCont/Shift7_all_cross/Cl_606.npy,/path/to/Cls_scattered_01_wCont/Cls_scattered_01_wCont/Ha/Cl_606.npy,/path/to/Cls_scattered_01_wCont/Cls_scattered_01_wCont/OII/Cl_606.npy,/path/to/Cls_scattered_01_wCont/Cls_scattered_01_wCont/OIII/Cl_606.npy,/path/to/Cls_scattered_01_wCont/Cls_scattered_01_wCont/Cont/Cl_606.npy,0.8094892782159149,0.9197765580378472
/path/to/Cls_scattered_01_wCont/Cls_scattered_01_wCont/Ha_OII_OIII_Cont/Cl_607.npy,/path/to/Cls_scattered_01_wCont/Cls_scattered_01_wCont/OII_all_cross/Cl_607.npy,/path/to/Cls_scattered_01_wCont/Cls_scattered_01_wCont/OIII_all_cross/Cl_607.npy,/path/to/Cls_scattered_01_wCont/Cls_scattered_01_wCont/OII_all_cross/Cl_607_1.npy,/path/to/Cls_scattered_01_wCont/Cls_scattered_01_wCont/OIII_all_cross/Cl_607_1.npy,/path/to/Cls_scattered_01_wCont/Cls_scattered_01_wCont/Shift7_all_cross/Cl_607.npy,/path/to/Cls_scattered_01_wCont/Cls_scattered_01_wCont/Ha/Cl_607.npy,/path/to/Cls_scattered_01_wCont/Cls_scattered_01_wCont/OII/Cl_607.npy,/path/to/Cls_scattered_01_wCont/Cls_scattered_01_wCont/OIII/Cl_607.npy,/path/to/Cls_scattered_01_wCont/Cls_scattered_01_wCont/Cont/Cl_607.npy,1.236841951403767,1.255080798547715
/path/to/Cls_scattered_01_wCont/Cls_scattered_01_wCont/Ha_OII_OIII_Cont/Cl_608.npy,/path/to/Cls_scattered_01_wCont/Cls_scattered_01_wCont/OII_all_cross/Cl_608.npy,/path/to/Cls_scattered_01_wCont/Cls_scattered_01_wCont/OIII_all_cross/Cl_608.npy,/path/to/Cls_scattered_01_wCont/Cls_scattered_01_wCont/OII_all_cross/Cl_608_1.npy,/path/to/Cls_scattered_01_wCont/Cls_scattered_01_wCont/OIII_all_cross/Cl_608_1.npy,/path/to/Cls_scattered_01_wCont/Cls_scattered_01_wCont/Shift7_all_cross/Cl_608.npy,/path/to/Cls_scattered_01_wCont/Cls_scattered_01_wCont/Ha/Cl_608.npy,/path/to/Cls_scattered_01_wCont/Cls_scattered_01_wCont/OII/Cl_608.npy,/path/to/Cls_scattered_01_wCont/Cls_scattered_01_wCont/OIII/Cl_608.npy,/path/to/Cls_scattered_01_wCont/Cls_scattered_01_wCont/Cont/Cl_608.npy,1.2848503420129418,0.36367036309093237
/path/to/Cls_scattered_01_wCont/Cls_scattered_01_wCont/Ha_OII_OIII_Cont/Cl_609.npy,/path/to/Cls_scattered_01_wCont/Cls_scattered_01_wCont/OII_all_cross/Cl_609.npy,/path/to/Cls_scattered_01_wCont/Cls_scattered_01_wCont/OIII_all_cross/Cl_609.npy,/path/to/Cls_scattered_01_wCont/Cls_scattered_01_wCont/OII_all_cross/Cl_609_1.npy,/path/to/Cls_scattered_01_wCont/Cls_scattered_01_wCont/OIII_all_cross/Cl_609_1.npy,/path/to/Cls_scattered_01_wCont/Cls_scattered_01_wCont/Shift7_all_cross/Cl_609.npy,/path/to/Cls_scattered_01_wCont/Cls_scattered_01_wCont/Ha/Cl_609.npy,/path/to/Cls_scattered_01_wCont/Cls_scattered_01_wCont/OII/Cl_609.npy,/path/to/Cls_scattered_01_wCont/Cls_scattered_01_wCont/OIII/Cl_609.npy,/path/to/Cls_scattered_01_wCont/Cls_scattered_01_wCont/Cont/Cl_609.npy,0.7610132796689868,1.6906922856345772
/path/to/Cls_scattered_01_wCont/Cls_scattered_01_wCont/Ha_OII_OIII_Cont/Cl_610.npy,/path/to/Cls_scattered_01_wCont/Cls_scattered_01_wCont/OII_all_cross/Cl_610.npy,/path/to/Cls_scattered_01_wCont/Cls_scattered_01_wCont/OIII_all_cross/Cl_610.npy,/path/to/Cls_scattered_01_wCont/Cls_scattered_01_wCont/OII_all_cross/Cl_610_1.npy,/path/to/Cls_scattered_01_wCont/Cls_scattered_01_wCont/OIII_all_cross/Cl_610_1.npy,/path/to/Cls_scattered_01_wCont/Cls_scattered_01_wCont/Shift7_all_cross/Cl_610.npy,/path/to/Cls_scattered_01_wCont/Cls_scattered_01_wCont/Ha/Cl_610.npy,/path/to/Cls_scattered_01_wCont/Cls_scattered_01_wCont/OII/Cl_610.npy,/path/to/Cls_scattered_01_wCont/Cls_scattered_01_wCont/OIII/Cl_610.npy,/path/to/Cls_scattered_01_wCont/Cls_scattered_01_wCont/Cont/Cl_610.npy,0.2646792341955006,0.8706168816424905
/path/to/Cls_scattered_01_wCont/Cls_scattered_01_wCont/Ha_OII_OIII_Cont/Cl_611.npy,/path/to/Cls_scattered_01_wCont/Cls_scattered_01_wCont/OII_all_cross/Cl_611.npy,/path/to/Cls_scattered_01_wCont/Cls_scattered_01_wCont/OIII_all_cross/Cl_611.npy,/path/to/Cls_scattered_01_wCont/Cls_scattered_01_wCont/OII_all_cross/Cl_611_1.npy,/path/to/Cls_scattered_01_wCont/Cls_scattered_01_wCont/OIII_all_cross/Cl_611_1.npy,/path/to/Cls_scattered_01_wCont/Cls_scattered_01_wCont/Shift7_all_cross/Cl_611.npy,/path/to/Cls_scattered_01_wCont/Cls_scattered_01_wCont/Ha/Cl_611.npy,/path/to/Cls_scattered_01_wCont/Cls_scattered_01_wCont/OII/Cl_611.npy,/path/to/Cls_scattered_01_wCont/Cls_scattered_01_wCont/OIII/Cl_611.npy,/path/to/Cls_scattered_01_wCont/Cls_scattered_01_wCont/Cont/Cl_611.npy,1.647597407642752,1.1836259533651174
/path/to/Cls_scattered_01_wCont/Cls_scattered_01_wCont/Ha_OII_OIII_Cont/Cl_612.npy,/path/to/Cls_scattered_01_wCont/Cls_scattered_01_wCont/OII_all_cross/Cl_612.npy,/path/to/Cls_scattered_01_wCont/Cls_scattered_01_wCont/OIII_all_cross/Cl_612.npy,/path/to/Cls_scattered_01_wCont/Cls_scattered_01_wCont/OII_all_cross/Cl_612_1.npy,/path/to/Cls_scattered_01_wCont/Cls_scattered_01_wCont/OIII_all_cross/Cl_612_1.npy,/path/to/Cls_scattered_01_wCont/Cls_scattered_01_wCont/Shift7_all_cross/Cl_612.npy,/path/to/Cls_scattered_01_wCont/Cls_scattered_01_wCont/Ha/Cl_612.npy,/path/to/Cls_scattered_01_wCont/Cls_scattered_01_wCont/OII/Cl_612.npy,/path/to/Cls_scattered_01_wCont/Cls_scattered_01_wCont/OIII/Cl_612.npy,/path/to/Cls_scattered_01_wCont/Cls_scattered_01_wCont/Cont/Cl_612.npy,1.9816492453217507,0.6471975663676858
/path/to/Cls_scattered_01_wCont/Cls_scattered_01_wCont/Ha_OII_OIII_Cont/Cl_613.npy,/path/to/Cls_scattered_01_wCont/Cls_scattered_01_wCont/OII_all_cross/Cl_613.npy,/path/to/Cls_scattered_01_wCont/Cls_scattered_01_wCont/OIII_all_cross/Cl_613.npy,/path/to/Cls_scattered_01_wCont/Cls_scattered_01_wCont/OII_all_cross/Cl_613_1.npy,/path/to/Cls_scattered_01_wCont/Cls_scattered_01_wCont/OIII_all_cross/Cl_613_1.npy,/path/to/Cls_scattered_01_wCont/Cls_scattered_01_wCont/Shift7_all_cross/Cl_613.npy,/path/to/Cls_scattered_01_wCont/Cls_scattered_01_wCont/Ha/Cl_613.npy,/path/to/Cls_scattered_01_wCont/Cls_scattered_01_wCont/OII/Cl_613.npy,/path/to/Cls_scattered_01_wCont/Cls_scattered_01_wCont/OIII/Cl_613.npy,/path/to/Cls_scattered_01_wCont/Cls_scattered_01_wCont/Cont/Cl_613.npy,0.5393843274563551,1.4985539397224785
/path/to/Cls_scattered_01_wCont/Cls_scattered_01_wCont/Ha_OII_OIII_Cont/Cl_614.npy,/path/to/Cls_scattered_01_wCont/Cls_scattered_01_wCont/OII_all_cross/Cl_614.npy,/path/to/Cls_scattered_01_wCont/Cls_scattered_01_wCont/OIII_all_cross/Cl_614.npy,/path/to/Cls_scattered_01_wCont/Cls_scattered_01_wCont/OII_all_cross/Cl_614_1.npy,/path/to/Cls_scattered_01_wCont/Cls_scattered_01_wCont/OIII_all_cross/Cl_614_1.npy,/path/to/Cls_scattered_01_wCont/Cls_scattered_01_wCont/Shift7_all_cross/Cl_614.npy,/path/to/Cls_scattered_01_wCont/Cls_scattered_01_wCont/Ha/Cl_614.npy,/path/to/Cls_scattered_01_wCont/Cls_scattered_01_wCont/OII/Cl_614.npy,/path/to/Cls_scattered_01_wCont/Cls_scattered_01_wCont/OIII/Cl_614.npy,/path/to/Cls_scattered_01_wCont/Cls_scattered_01_wCont/Cont/Cl_614.npy,0.9615077803842723,0.20322464602068066
/path/to/Cls_scattered_01_wCont/Cls_scattered_01_wCont/Ha_OII_OIII_Cont/Cl_615.npy,/path/to/Cls_scattered_01_wCont/Cls_scattered_01_wCont/OII_all_cross/Cl_615.npy,/path/to/Cls_scattered_01_wCont/Cls_scattered_01_wCont/OIII_all_cross/Cl_615.npy,/path/to/Cls_scattered_01_wCont/Cls_scattered_01_wCont/OII_all_cross/Cl_615_1.npy,/path/to/Cls_scattered_01_wCont/Cls_scattered_01_wCont/OIII_all_cross/Cl_615_1.npy,/path/to/Cls_scattered_01_wCont/Cls_scattered_01_wCont/Shift7_all_cross/Cl_615.npy,/path/to/Cls_scattered_01_wCont/Cls_scattered_01_wCont/Ha/Cl_615.npy,/path/to/Cls_scattered_01_wCont/Cls_scattered_01_wCont/OII/Cl_615.npy,/path/to/Cls_scattered_01_wCont/Cls_scattered_01_wCont/OIII/Cl_615.npy,/path/to/Cls_scattered_01_wCont/Cls_scattered_01_wCont/Cont/Cl_615.npy,1.4259397751651706,1.9424219951964914
/path/to/Cls_scattered_01_wCont/Cls_scattered_01_wCont/Ha_OII_OIII_Cont/Cl_616.npy,/path/to/Cls_scattered_01_wCont/Cls_scattered_01_wCont/OII_all_cross/Cl_616.npy,/path/to/Cls_scattered_01_wCont/Cls_scattered_01_wCont/OIII_all_cross/Cl_616.npy,/path/to/Cls_scattered_01_wCont/Cls_scattered_01_wCont/OII_all_cross/Cl_616_1.npy,/path/to/Cls_scattered_01_wCont/Cls_scattered_01_wCont/OIII_all_cross/Cl_616_1.npy,/path/to/Cls_scattered_01_wCont/Cls_scattered_01_wCont/Shift7_all_cross/Cl_616.npy,/path/to/Cls_scattered_01_wCont/Cls_scattered_01_wCont/Ha/Cl_616.npy,/path/to/Cls_scattered_01_wCont/Cls_scattered_01_wCont/OII/Cl_616.npy,/path/to/Cls_scattered_01_wCont/Cls_scattered_01_wCont/OIII/Cl_616.npy,/path/to/Cls_scattered_01_wCont/Cls_scattered_01_wCont/Cont/Cl_616.npy,1.306014452315867,1.009709771629423
/path/to/Cls_scattered_01_wCont/Cls_scattered_01_wCont/Ha_OII_OIII_Cont/Cl_617.npy,/path/to/Cls_scattered_01_wCont/Cls_scattered_01_wCont/OII_all_cross/Cl_617.npy,/path/to/Cls_scattered_01_wCont/Cls_scattered_01_wCont/OIII_all_cross/Cl_617.npy,/path/to/Cls_scattered_01_wCont/Cls_scattered_01_wCont/OII_all_cross/Cl_617_1.npy,/path/to/Cls_scattered_01_wCont/Cls_scattered_01_wCont/OIII_all_cross/Cl_617_1.npy,/path/to/Cls_scattered_01_wCont/Cls_scattered_01_wCont/Shift7_all_cross/Cl_617.npy,/path/to/Cls_scattered_01_wCont/Cls_scattered_01_wCont/Ha/Cl_617.npy,/path/to/Cls_scattered_01_wCont/Cls_scattered_01_wCont/OII/Cl_617.npy,/path/to/Cls_scattered_01_wCont/Cls_scattered_01_wCont/OIII/Cl_617.npy,/path/to/Cls_scattered_01_wCont/Cls_scattered_01_wCont/Cont/Cl_617.npy,0.8480458511039614,1.1634098949842155
/path/to/Cls_scattered_01_wCont/Cls_scattered_01_wCont/Ha_OII_OIII_Cont/Cl_618.npy,/path/to/Cls_scattered_01_wCont/Cls_scattered_01_wCont/OII_all_cross/Cl_618.npy,/path/to/Cls_scattered_01_wCont/Cls_scattered_01_wCont/OIII_all_cross/Cl_618.npy,/path/to/Cls_scattered_01_wCont/Cls_scattered_01_wCont/OII_all_cross/Cl_618_1.npy,/path/to/Cls_scattered_01_wCont/Cls_scattered_01_wCont/OIII_all_cross/Cl_618_1.npy,/path/to/Cls_scattered_01_wCont/Cls_scattered_01_wCont/Shift7_all_cross/Cl_618.npy,/path/to/Cls_scattered_01_wCont/Cls_scattered_01_wCont/Ha/Cl_618.npy,/path/to/Cls_scattered_01_wCont/Cls_scattered_01_wCont/OII/Cl_618.npy,/path/to/Cls_scattered_01_wCont/Cls_scattered_01_wCont/OIII/Cl_618.npy,/path/to/Cls_scattered_01_wCont/Cls_scattered_01_wCont/Cont/Cl_618.npy,0.42593191461637614,0.565736847743392
/path/to/Cls_scattered_01_wCont/Cls_scattered_01_wCont/Ha_OII_OIII_Cont/Cl_619.npy,/path/to/Cls_scattered_01_wCont/Cls_scattered_01_wCont/OII_all_cross/Cl_619.npy,/path/to/Cls_scattered_01_wCont/Cls_scattered_01_wCont/OIII_all_cross/Cl_619.npy,/path/to/Cls_scattered_01_wCont/Cls_scattered_01_wCont/OII_all_cross/Cl_619_1.npy,/path/to/Cls_scattered_01_wCont/Cls_scattered_01_wCont/OIII_all_cross/Cl_619_1.npy,/path/to/Cls_scattered_01_wCont/Cls_scattered_01_wCont/Shift7_all_cross/Cl_619.npy,/path/to/Cls_scattered_01_wCont/Cls_scattered_01_wCont/Ha/Cl_619.npy,/path/to/Cls_scattered_01_wCont/Cls_scattered_01_wCont/OII/Cl_619.npy,/path/to/Cls_scattered_01_wCont/Cls_scattered_01_wCont/OIII/Cl_619.npy,/path/to/Cls_scattered_01_wCont/Cls_scattered_01_wCont/Cont/Cl_619.npy,1.8617298149503767,1.607277946919203
/path/to/Cls_scattered_01_wCont/Cls_scattered_01_wCont/Ha_OII_OIII_Cont/Cl_620.npy,/path/to/Cls_scattered_01_wCont/Cls_scattered_01_wCont/OII_all_cross/Cl_620.npy,/path/to/Cls_scattered_01_wCont/Cls_scattered_01_wCont/OIII_all_cross/Cl_620.npy,/path/to/Cls_scattered_01_wCont/Cls_scattered_01_wCont/OII_all_cross/Cl_620_1.npy,/path/to/Cls_scattered_01_wCont/Cls_scattered_01_wCont/OIII_all_cross/Cl_620_1.npy,/path/to/Cls_scattered_01_wCont/Cls_scattered_01_wCont/Shift7_all_cross/Cl_620.npy,/path/to/Cls_scattered_01_wCont/Cls_scattered_01_wCont/Ha/Cl_620.npy,/path/to/Cls_scattered_01_wCont/Cls_scattered_01_wCont/OII/Cl_620.npy,/path/to/Cls_scattered_01_wCont/Cls_scattered_01_wCont/OIII/Cl_620.npy,/path/to/Cls_scattered_01_wCont/Cls_scattered_01_wCont/Cont/Cl_620.npy,1.527697955071926,0.22381440429016947
/path/to/Cls_scattered_01_wCont/Cls_scattered_01_wCont/Ha_OII_OIII_Cont/Cl_621.npy,/path/to/Cls_scattered_01_wCont/Cls_scattered_01_wCont/OII_all_cross/Cl_621.npy,/path/to/Cls_scattered_01_wCont/Cls_scattered_01_wCont/OIII_all_cross/Cl_621.npy,/path/to/Cls_scattered_01_wCont/Cls_scattered_01_wCont/OII_all_cross/Cl_621_1.npy,/path/to/Cls_scattered_01_wCont/Cls_scattered_01_wCont/OIII_all_cross/Cl_621_1.npy,/path/to/Cls_scattered_01_wCont/Cls_scattered_01_wCont/Shift7_all_cross/Cl_621.npy,/path/to/Cls_scattered_01_wCont/Cls_scattered_01_wCont/Ha/Cl_621.npy,/path/to/Cls_scattered_01_wCont/Cls_scattered_01_wCont/OII/Cl_621.npy,/path/to/Cls_scattered_01_wCont/Cls_scattered_01_wCont/OIII/Cl_621.npy,/path/to/Cls_scattered_01_wCont/Cls_scattered_01_wCont/Cont/Cl_621.npy,0.15130104534327984,1.8031800768338144
/path/to/Cls_scattered_01_wCont/Cls_scattered_01_wCont/Ha_OII_OIII_Cont/Cl_622.npy,/path/to/Cls_scattered_01_wCont/Cls_scattered_01_wCont/OII_all_cross/Cl_622.npy,/path/to/Cls_scattered_01_wCont/Cls_scattered_01_wCont/OIII_all_cross/Cl_622.npy,/path/to/Cls_scattered_01_wCont/Cls_scattered_01_wCont/OII_all_cross/Cl_622_1.npy,/path/to/Cls_scattered_01_wCont/Cls_scattered_01_wCont/OIII_all_cross/Cl_622_1.npy,/path/to/Cls_scattered_01_wCont/Cls_scattered_01_wCont/Shift7_all_cross/Cl_622.npy,/path/to/Cls_scattered_01_wCont/Cls_scattered_01_wCont/Ha/Cl_622.npy,/path/to/Cls_scattered_01_wCont/Cls_scattered_01_wCont/OII/Cl_622.npy,/path/to/Cls_scattered_01_wCont/Cls_scattered_01_wCont/OIII/Cl_622.npy,/path/to/Cls_scattered_01_wCont/Cls_scattered_01_wCont/Cont/Cl_622.npy,0.6476437012664973,0.7307609193027019
/path/to/Cls_scattered_01_wCont/Cls_scattered_01_wCont/Ha_OII_OIII_Cont/Cl_623.npy,/path/to/Cls_scattered_01_wCont/Cls_scattered_01_wCont/OII_all_cross/Cl_623.npy,/path/to/Cls_scattered_01_wCont/Cls_scattered_01_wCont/OIII_all_cross/Cl_623.npy,/path/to/Cls_scattered_01_wCont/Cls_scattered_01_wCont/OII_all_cross/Cl_623_1.npy,/path/to/Cls_scattered_01_wCont/Cls_scattered_01_wCont/OIII_all_cross/Cl_623_1.npy,/path/to/Cls_scattered_01_wCont/Cls_scattered_01_wCont/Shift7_all_cross/Cl_623.npy,/path/to/Cls_scattered_01_wCont/Cls_scattered_01_wCont/Ha/Cl_623.npy,/path/to/Cls_scattered_01_wCont/Cls_scattered_01_wCont/OII/Cl_623.npy,/path/to/Cls_scattered_01_wCont/Cls_scattered_01_wCont/OIII/Cl_623.npy,/path/to/Cls_scattered_01_wCont/Cls_scattered_01_wCont/Cont/Cl_623.npy,1.1649558759294452,1.2961137410253287
/path/to/Cls_scattered_01_wCont/Cls_scattered_01_wCont/Ha_OII_OIII_Cont/Cl_624.npy,/path/to/Cls_scattered_01_wCont/Cls_scattered_01_wCont/OII_all_cross/Cl_624.npy,/path/to/Cls_scattered_01_wCont/Cls_scattered_01_wCont/OIII_all_cross/Cl_624.npy,/path/to/Cls_scattered_01_wCont/Cls_scattered_01_wCont/OII_all_cross/Cl_624_1.npy,/path/to/Cls_scattered_01_wCont/Cls_scattered_01_wCont/OIII_all_cross/Cl_624_1.npy,/path/to/Cls_scattered_01_wCont/Cls_scattered_01_wCont/Shift7_all_cross/Cl_624.npy,/path/to/Cls_scattered_01_wCont/Cls_scattered_01_wCont/Ha/Cl_624.npy,/path/to/Cls_scattered_01_wCont/Cls_scattered_01_wCont/OII/Cl_624.npy,/path/to/Cls_scattered_01_wCont/Cls_scattered_01_wCont/OIII/Cl_624.npy,/path/to/Cls_scattered_01_wCont/Cls_scattered_01_wCont/Cont/Cl_624.npy,1.0677023042924703,0.7603871693834662
/path/to/Cls_scattered_01_wCont/Cls_scattered_01_wCont/Ha_OII_OIII_Cont/Cl_625.npy,/path/to/Cls_scattered_01_wCont/Cls_scattered_01_wCont/OII_all_cross/Cl_625.npy,/path/to/Cls_scattered_01_wCont/Cls_scattered_01_wCont/OIII_all_cross/Cl_625.npy,/path/to/Cls_scattered_01_wCont/Cls_scattered_01_wCont/OII_all_cross/Cl_625_1.npy,/path/to/Cls_scattered_01_wCont/Cls_scattered_01_wCont/OIII_all_cross/Cl_625_1.npy,/path/to/Cls_scattered_01_wCont/Cls_scattered_01_wCont/Shift7_all_cross/Cl_625.npy,/path/to/Cls_scattered_01_wCont/Cls_scattered_01_wCont/Ha/Cl_625.npy,/path/to/Cls_scattered_01_wCont/Cls_scattered_01_wCont/OII/Cl_625.npy,/path/to/Cls_scattered_01_wCont/Cls_scattered_01_wCont/OIII/Cl_625.npy,/path/to/Cls_scattered_01_wCont/Cls_scattered_01_wCont/Cont/Cl_625.npy,0.6108939939178526,1.3853754350915553
/path/to/Cls_scattered_01_wCont/Cls_scattered_01_wCont/Ha_OII_OIII_Cont/Cl_626.npy,/path/to/Cls_scattered_01_wCont/Cls_scattered_01_wCont/OII_all_cross/Cl_626.npy,/path/to/Cls_scattered_01_wCont/Cls_scattered_01_wCont/OIII_all_cross/Cl_626.npy,/path/to/Cls_scattered_01_wCont/Cls_scattered_01_wCont/OII_all_cross/Cl_626_1.npy,/path/to/Cls_scattered_01_wCont/Cls_scattered_01_wCont/OIII_all_cross/Cl_626_1.npy,/path/to/Cls_scattered_01_wCont/Cls_scattered_01_wCont/Shift7_all_cross/Cl_626.npy,/path/to/Cls_scattered_01_wCont/Cls_scattered_01_wCont/Ha/Cl_626.npy,/path/to/Cls_scattered_01_wCont/Cls_scattered_01_wCont/OII/Cl_626.npy,/path/to/Cls_scattered_01_wCont/Cls_scattered_01_wCont/OIII/Cl_626.npy,/path/to/Cls_scattered_01_wCont/Cls_scattered_01_wCont/Cont/Cl_626.npy,0.18877917621284723,0.3126912788487971
/path/to/Cls_scattered_01_wCont/Cls_scattered_01_wCont/Ha_OII_OIII_Cont/Cl_627.npy,/path/to/Cls_scattered_01_wCont/Cls_scattered_01_wCont/OII_all_cross/Cl_627.npy,/path/to/Cls_scattered_01_wCont/Cls_scattered_01_wCont/OIII_all_cross/Cl_627.npy,/path/to/Cls_scattered_01_wCont/Cls_scattered_01_wCont/OII_all_cross/Cl_627_1.npy,/path/to/Cls_scattered_01_wCont/Cls_scattered_01_wCont/OIII_all_cross/Cl_627_1.npy,/path/to/Cls_scattered_01_wCont/Cls_scattered_01_wCont/Shift7_all_cross/Cl_627.npy,/path/to/Cls_scattered_01_wCont/Cls_scattered_01_wCont/Ha/Cl_627.npy,/path/to/Cls_scattered_01_wCont/Cls_scattered_01_wCont/OII/Cl_627.npy,/path/to/Cls_scattered_01_wCont/Cls_scattered_01_wCont/OIII/Cl_627.npy,/path/to/Cls_scattered_01_wCont/Cls_scattered_01_wCont/Cont/Cl_627.npy,1.6234185976907611,1.8329442639835178
/path/to/Cls_scattered_01_wCont/Cls_scattered_01_wCont/Ha_OII_OIII_Cont/Cl_628.npy,/path/to/Cls_scattered_01_wCont/Cls_scattered_01_wCont/OII_all_cross/Cl_628.npy,/path/to/Cls_scattered_01_wCont/Cls_scattered_01_wCont/OIII_all_cross/Cl_628.npy,/path/to/Cls_scattered_01_wCont/Cls_scattered_01_wCont/OII_all_cross/Cl_628_1.npy,/path/to/Cls_scattered_01_wCont/Cls_scattered_01_wCont/OIII_all_cross/Cl_628_1.npy,/path/to/Cls_scattered_01_wCont/Cls_scattered_01_wCont/Shift7_all_cross/Cl_628.npy,/path/to/Cls_scattered_01_wCont/Cls_scattered_01_wCont/Ha/Cl_628.npy,/path/to/Cls_scattered_01_wCont/Cls_scattered_01_wCont/OII/Cl_628.npy,/path/to/Cls_scattered_01_wCont/Cls_scattered_01_wCont/OIII/Cl_628.npy,/path/to/Cls_scattered_01_wCont/Cls_scattered_01_wCont/Cont/Cl_628.npy,1.764385665487498,0.4768515715375542
/path/to/Cls_scattered_01_wCont/Cls_scattered_01_wCont/Ha_OII_OIII_Cont/Cl_629.npy,/path/to/Cls_scattered_01_wCont/Cls_scattered_01_wCont/OII_all_cross/Cl_629.npy,/path/to/Cls_scattered_01_wCont/Cls_scattered_01_wCont/OIII_all_cross/Cl_629.npy,/path/to/Cls_scattered_01_wCont/Cls_scattered_01_wCont/OII_all_cross/Cl_629_1.npy,/path/to/Cls_scattered_01_wCont/Cls_scattered_01_wCont/OIII_all_cross/Cl_629_1.npy,/path/to/Cls_scattered_01_wCont/Cls_scattered_01_wCont/Shift7_all_cross/Cl_629.npy,/path/to/Cls_scattered_01_wCont/Cls_scattered_01_wCont/Ha/Cl_629.npy,/path/to/Cls_scattered_01_wCont/Cls_scattered_01_wCont/OII/Cl_629.npy,/path/to/Cls_scattered_01_wCont/Cls_scattered_01_wCont/OIII/Cl_629.npy,/path/to/Cls_scattered_01_wCont/Cls_scattered_01_wCont/Cont/Cl_629.npy,0.38914961284026506,1.577507226727903
/path/to/Cls_scattered_01_wCont/Cls_scattered_01_wCont/Ha_OII_OIII_Cont/Cl_630.npy,/path/to/Cls_scattered_01_wCont/Cls_scattered_01_wCont/OII_all_cross/Cl_630.npy,/path/to/Cls_scattered_01_wCont/Cls_scattered_01_wCont/OIII_all_cross/Cl_630.npy,/path/to/Cls_scattered_01_wCont/Cls_scattered_01_wCont/OII_all_cross/Cl_630_1.npy,/path/to/Cls_scattered_01_wCont/Cls_scattered_01_wCont/OIII_all_cross/Cl_630_1.npy,/path/to/Cls_scattered_01_wCont/Cls_scattered_01_wCont/Shift7_all_cross/Cl_630.npy,/path/to/Cls_scattered_01_wCont/Cls_scattered_01_wCont/Ha/Cl_630.npy,/path/to/Cls_scattered_01_wCont/Cls_scattered_01_wCont/OII/Cl_630.npy,/path/to/Cls_scattered_01_wCont/Cls_scattered_01_wCont/OIII/Cl_630.npy,/path/to/Cls_scattered_01_wCont/Cls_scattered_01_wCont/Cont/Cl_630.npy,0.8854913309216499,0.9800919373519718
/path/to/Cls_scattered_01_wCont/Cls_scattered_01_wCont/Ha_OII_OIII_Cont/Cl_631.npy,/path/to/Cls_scattered_01_wCont/Cls_scattered_01_wCont/OII_all_cross/Cl_631.npy,/path/to/Cls_scattered_01_wCont/Cls_scattered_01_wCont/OIII_all_cross/Cl_631.npy,/path/to/Cls_scattered_01_wCont/Cls_scattered_01_wCont/OII_all_cross/Cl_631_1.npy,/path/to/Cls_scattered_01_wCont/Cls_scattered_01_wCont/OIII_all_cross/Cl_631_1.npy,/path/to/Cls_scattered_01_wCont/Cls_scattered_01_wCont/Shift7_all_cross/Cl_631.npy,/path/to/Cls_scattered_01_wCont/Cls_scattered_01_wCont/Ha/Cl_631.npy,/path/to/Cls_scattered_01_wCont/Cls_scattered_01_wCont/OII/Cl_631.npy,/path/to/Cls_scattered_01_wCont/Cls_scattered_01_wCont/OIII/Cl_631.npy,/path/to/Cls_scattered_01_wCont/Cls_scattered_01_wCont/Cont/Cl_631.npy,1.4016444604843856,1.0741547481156886
/path/to/Cls_scattered_01_wCont/Cls_scattered_01_wCont/Ha_OII_OIII_Cont/Cl_632.npy,/path/to/Cls_scattered_01_wCont/Cls_scattered_01_wCont/OII_all_cross/Cl_632.npy,/path/to/Cls_scattered_01_wCont/Cls_scattered_01_wCont/OIII_all_cross/Cl_632.npy,/path/to/Cls_scattered_01_wCont/Cls_scattered_01_wCont/OII_all_cross/Cl_632_1.npy,/path/to/Cls_scattered_01_wCont/Cls_scattered_01_wCont/OIII_all_cross/Cl_632_1.npy,/path/to/Cls_scattered_01_wCont/Cls_scattered_01_wCont/Shift7_all_cross/Cl_632.npy,/path/to/Cls_scattered_01_wCont/Cls_scattered_01_wCont/Ha/Cl_632.npy,/path/to/Cls_scattered_01_wCont/Cls_scattered_01_wCont/OII/Cl_632.npy,/path/to/Cls_scattered_01_wCont/Cls_scattered_01_wCont/OIII/Cl_632.npy,/path/to/Cls_scattered_01_wCont/Cls_scattered_01_wCont/Cont/Cl_632.npy,1.5229305882938207,0.11433936273679138
/path/to/Cls_scattered_01_wCont/Cls_scattered_01_wCont/Ha_OII_OIII_Cont/Cl_633.npy,/path/to/Cls_scattered_01_wCont/Cls_scattered_01_wCont/OII_all_cross/Cl_633.npy,/path/to/Cls_scattered_01_wCont/Cls_scattered_01_wCont/OIII_all_cross/Cl_633.npy,/path/to/Cls_scattered_01_wCont/Cls_scattered_01_wCont/OII_all_cross/Cl_633_1.npy,/path/to/Cls_scattered_01_wCont/Cls_scattered_01_wCont/OIII_all_cross/Cl_633_1.npy,/path/to/Cls_scattered_01_wCont/Cls_scattered_01_wCont/Shift7_all_cross/Cl_633.npy,/path/to/Cls_scattered_01_wCont/Cls_scattered_01_wCont/Ha/Cl_633.npy,/path/to/Cls_scattered_01_wCont/Cls_scattered_01_wCont/OII/Cl_633.npy,/path/to/Cls_scattered_01_wCont/Cls_scattered_01_wCont/OIII/Cl_633.npy,/path/to/Cls_scattered_01_wCont/Cls_scattered_01_wCont/Cont/Cl_633.npy,0.9983969890512525,1.91265126792714
/path/to/Cls_scattered_01_wCont/Cls_scattered_01_wCont/Ha_OII_OIII_Cont/Cl_634.npy,/path/to/Cls_scattered_01_wCont/Cls_scattered_01_wCont/OII_all_cross/Cl_634.npy,/path/to/Cls_scattered_01_wCont/Cls_scattered_01_wCont/OIII_all_cross/Cl_634.npy,/path/to/Cls_scattered_01_wCont/Cls_scattered_01_wCont/OII_all_cross/Cl_634_1.npy,/path/to/Cls_scattered_01_wCont/Cls_scattered_01_wCont/OIII_all_cross/Cl_634_1.npy,/path/to/Cls_scattered_01_wCont/Cls_scattered_01_wCont/Shift7_all_cross/Cl_634.npy,/path/to/Cls_scattered_01_wCont/Cls_scattered_01_wCont/Ha/Cl_634.npy,/path/to/Cls_scattered_01_wCont/Cls_scattered_01_wCont/OII/Cl_634.npy,/path/to/Cls_scattered_01_wCont/Cls_scattered_01_wCont/OIII/Cl_634.npy,/path/to/Cls_scattered_01_wCont/Cls_scattered_01_wCont/Cont/Cl_634.npy,0.5020638743415474,0.6175797250121832
/path/to/Cls_scattered_01_wCont/Cls_scattered_01_wCont/Ha_OII_OIII_Cont/Cl_635.npy,/path/to/Cls_scattered_01_wCont/Cls_scattered_01_wCont/OII_all_cross/Cl_635.npy,/path/to/Cls_scattered_01_wCont/Cls_scattered_01_wCont/OIII_all_cross/Cl_635.npy,/path/to/Cls_scattered_01_wCont/Cls_scattered_01_wCont/OII_all_cross/Cl_635_1.npy,/path/to/Cls_scattered_01_wCont/Cls_scattered_01_wCont/OIII_all_cross/Cl_635_1.npy,/path/to/Cls_scattered_01_wCont/Cls_scattered_01_wCont/Shift7_all_cross/Cl_635.npy,/path/to/Cls_scattered_01_wCont/Cls_scattered_01_wCont/Ha/Cl_635.npy,/path/to/Cls_scattered_01_wCont/Cls_scattered_01_wCont/OII/Cl_635.npy,/path/to/Cls_scattered_01_wCont/Cls_scattered_01_wCont/OIII/Cl_635.npy,/path/to/Cls_scattered_01_wCont/Cls_scattered_01_wCont/Cont/Cl_635.npy,1.8856767727062107,1.4092987857758998
/path/to/Cls_scattered_01_wCont/Cls_scattered_01_wCont/Ha_OII_OIII_Cont/Cl_636.npy,/path/to/Cls_scattered_01_wCont/Cls_scattered_01_wCont/OII_all_cross/Cl_636.npy,/path/to/Cls_scattered_01_wCont/Cls_scattered_01_wCont/OIII_all_cross/Cl_636.npy,/path/to/Cls_scattered_01_wCont/Cls_scattered_01_wCont/OII_all_cross/Cl_636_1.npy,/path/to/Cls_scattered_01_wCont/Cls_scattered_01_wCont/OIII_all_cross/Cl_636_1.npy,/path/to/Cls_scattered_01_wCont/Cls_scattered_01_wCont/Shift7_all_cross/Cl_636.npy,/path/to/Cls_scattered_01_wCont/Cls_scattered_01_wCont/Ha/Cl_636.npy,/path/to/Cls_scattered_01_wCont/Cls_scattered_01_wCont/OII/Cl_636.npy,/path/to/Cls_scattered_01_wCont/Cls_scattered_01_wCont/OIII/Cl_636.npy,/path/to/Cls_scattered_01_wCont/Cls_scattered_01_wCont/Cont/Cl_636.npy,1.7447295765392483,0.9002431246452033
/path/to/Cls_scattered_01_wCont/Cls_scattered_01_wCont/Ha_OII_OIII_Cont/Cl_637.npy,/path/to/Cls_scattered_01_wCont/Cls_scattered_01_wCont/OII_all_cross/Cl_637.npy,/path/to/Cls_scattered_01_wCont/Cls_scattered_01_wCont/OIII_all_cross/Cl_637.npy,/path/to/Cls_scattered_01_wCont/Cls_scattered_01_wCont/OII_all_cross/Cl_637_1.npy,/path/to/Cls_scattered_01_wCont/Cls_scattered_01_wCont/OIII_all_cross/Cl_637_1.npy,/path/to/Cls_scattered_01_wCont/Cls_scattered_01_wCont/Shift7_all_cross/Cl_637.npy,/path/to/Cls_scattered_01_wCont/Cls_scattered_01_wCont/Ha/Cl_637.npy,/path/to/Cls_scattered_01_wCont/Cls_scattered_01_wCont/OII/Cl_637.npy,/path/to/Cls_scattered_01_wCont/Cls_scattered_01_wCont/OIII/Cl_637.npy,/path/to/Cls_scattered_01_wCont/Cls_scattered_01_wCont/Cont/Cl_637.npy,0.3017677820287645,1.2728876403532923
/path/to/Cls_scattered_01_wCont/Cls_scattered_01_wCont/Ha_OII_OIII_Cont/Cl_638.npy,/path/to/Cls_scattered_01_wCont/Cls_scattered_01_wCont/OII_all_cross/Cl_638.npy,/path/to/Cls_scattered_01_wCont/Cls_scattered_01_wCont/OIII_all_cross/Cl_638.npy,/path/to/Cls_scattered_01_wCont/Cls_scattered_01_wCont/OII_all_cross/Cl_638_1.npy,/path/to/Cls_scattered_01_wCont/Cls_scattered_01_wCont/OIII_all_cross/Cl_638_1.npy,/path/to/Cls_scattered_01_wCont/Cls_scattered_01_wCont/Shift7_all_cross/Cl_638.npy,/path/to/Cls_scattered_01_wCont/Cls_scattered_01_wCont/Ha/Cl_638.npy,/path/to/Cls_scattered_01_wCont/Cls_scattered_01_wCont/OII/Cl_638.npy,/path/to/Cls_scattered_01_wCont/Cls_scattered_01_wCont/OIII/Cl_638.npy,/path/to/Cls_scattered_01_wCont/Cls_scattered_01_wCont/Cont/Cl_638.npy,0.7238921090960502,0.45254723057150836
/path/to/Cls_scattered_01_wCont/Cls_scattered_01_wCont/Ha_OII_OIII_Cont/Cl_639.npy,/path/to/Cls_scattered_01_wCont/Cls_scattered_01_wCont/OII_all_cross/Cl_639.npy,/path/to/Cls_scattered_01_wCont/Cls_scattered_01_wCont/OIII_all_cross/Cl_639.npy,/path/to/Cls_scattered_01_wCont/Cls_scattered_01_wCont/OII_all_cross/Cl_639_1.npy,/path/to/Cls_scattered_01_wCont/Cls_scattered_01_wCont/OIII_all_cross/Cl_639_1.npy,/path/to/Cls_scattered_01_wCont/Cls_scattered_01_wCont/Shift7_all_cross/Cl_639.npy,/path/to/Cls_scattered_01_wCont/Cls_scattered_01_wCont/Ha/Cl_639.npy,/path/to/Cls_scattered_01_wCont/Cls_scattered_01_wCont/OII/Cl_639.npy,/path/to/Cls_scattered_01_wCont/Cls_scattered_01_wCont/OIII/Cl_639.npy,/path/to/Cls_scattered_01_wCont/Cls_scattered_01_wCont/Cont/Cl_639.npy,1.1890191685408353,1.7204564657062291
/path/to/Cls_scattered_01_wCont/Cls_scattered_01_wCont/Ha_OII_OIII_Cont/Cl_640.npy,/path/to/Cls_scattered_01_wCont/Cls_scattered_01_wCont/OII_all_cross/Cl_640.npy,/path/to/Cls_scattered_01_wCont/Cls_scattered_01_wCont/OIII_all_cross/Cl_640.npy,/path/to/Cls_scattered_01_wCont/Cls_scattered_01_wCont/OII_all_cross/Cl_640_1.npy,/path/to/Cls_scattered_01_wCont/Cls_scattered_01_wCont/OIII_all_cross/Cl_640_1.npy,/path/to/Cls_scattered_01_wCont/Cls_scattered_01_wCont/Shift7_all_cross/Cl_640.npy,/path/to/Cls_scattered_01_wCont/Cls_scattered_01_wCont/Ha/Cl_640.npy,/path/to/Cls_scattered_01_wCont/Cls_scattered_01_wCont/OII/Cl_640.npy,/path/to/Cls_scattered_01_wCont/Cls_scattered_01_wCont/OIII/Cl_640.npy,/path/to/Cls_scattered_01_wCont/Cls_scattered_01_wCont/Cont/Cl_640.npy,1.1955845355987549,0.7185879765078425
/path/to/Cls_scattered_01_wCont/Cls_scattered_01_wCont/Ha_OII_OIII_Cont/Cl_641.npy,/path/to/Cls_scattered_01_wCont/Cls_scattered_01_wCont/OII_all_cross/Cl_641.npy,/path/to/Cls_scattered_01_wCont/Cls_scattered_01_wCont/OIII_all_cross/Cl_641.npy,/path/to/Cls_scattered_01_wCont/Cls_scattered_01_wCont/OII_all_cross/Cl_641_1.npy,/path/to/Cls_scattered_01_wCont/Cls_scattered_01_wCont/OIII_all_cross/Cl_641_1.npy,/path/to/Cls_scattered_01_wCont/Cls_scattered_01_wCont/Shift7_all_cross/Cl_641.npy,/path/to/Cls_scattered_01_wCont/Cls_scattered_01_wCont/Ha/Cl_641.npy,/path/to/Cls_scattered_01_wCont/Cls_scattered_01_wCont/OII/Cl_641.npy,/path/to/Cls_scattered_01_wCont/Cls_scattered_01_wCont/OIII/Cl_641.npy,/path/to/Cls_scattered_01_wCont/Cls_scattered_01_wCont/Cont/Cl_641.npy,0.732050448283553,1.3361259700730443
/path/to/Cls_scattered_01_wCont/Cls_scattered_01_wCont/Ha_OII_OIII_Cont/Cl_642.npy,/path/to/Cls_scattered_01_wCont/Cls_scattered_01_wCont/OII_all_cross/Cl_642.npy,/path/to/Cls_scattered_01_wCont/Cls_scattered_01_wCont/OIII_all_cross/Cl_642.npy,/path/to/Cls_scattered_01_wCont/Cls_scattered_01_wCont/OII_all_cross/Cl_642_1.npy,/path/to/Cls_scattered_01_wCont/Cls_scattered_01_wCont/OIII_all_cross/Cl_642_1.npy,/path/to/Cls_scattered_01_wCont/Cls_scattered_01_wCont/Shift7_all_cross/Cl_642.npy,/path/to/Cls_scattered_01_wCont/Cls_scattered_01_wCont/Ha/Cl_642.npy,/path/to/Cls_scattered_01_wCont/Cls_scattered_01_wCont/OII/Cl_642.npy,/path/to/Cls_scattered_01_wCont/Cls_scattered_01_wCont/OIII/Cl_642.npy,/path/to/Cls_scattered_01_wCont/Cls_scattered_01_wCont/Cont/Cl_642.npy,0.2932364012114703,0.27100932681933043
/path/to/Cls_scattered_01_wCont/Cls_scattered_01_wCont/Ha_OII_OIII_Cont/Cl_643.npy,/path/to/Cls_scattered_01_wCont/Cls_scattered_01_wCont/OII_all_cross/Cl_643.npy,/path/to/Cls_scattered_01_wCont/Cls_scattered_01_wCont/OIII_all_cross/Cl_643.npy,/path/to/Cls_scattered_01_wCont/Cls_scattered_01_wCont/OII_all_cross/Cl_643_1.npy,/path/to/Cls_scattered_01_wCont/Cls_scattered_01_wCont/OIII_all_cross/Cl_643_1.npy,/path/to/Cls_scattered_01_wCont/Cls_scattered_01_wCont/Shift7_all_cross/Cl_643.npy,/path/to/Cls_scattered_01_wCont/Cls_scattered_01_wCont/Ha/Cl_643.npy,/path/to/Cls_scattered_01_wCont/Cls_scattered_01_wCont/OII/Cl_643.npy,/path/to/Cls_scattered_01_wCont/Cls_scattered_01_wCont/OIII/Cl_643.npy,/path/to/Cls_scattered_01_wCont/Cls_scattered_01_wCont/Cont/Cl_643.npy,1.7383125654421747,1.7838099447079003
/path/to/Cls_scattered_01_wCont/Cls_scattered_01_wCont/Ha_OII_OIII_Cont/Cl_644.npy,/path/to/Cls_scattered_01_wCont/Cls_scattered_01_wCont/OII_all_cross/Cl_644.npy,/path/to/Cls_scattered_01_wCont/Cls_scattered_01_wCont/OIII_all_cross/Cl_644.npy,/path/to/Cls_scattered_01_wCont/Cls_scattered_01_wCont/OII_all_cross/Cl_644_1.npy,/path/to/Cls_scattered_01_wCont/Cls_scattered_01_wCont/OIII_all_cross/Cl_644_1.npy,/path/to/Cls_scattered_01_wCont/Cls_scattered_01_wCont/Shift7_all_cross/Cl_644.npy,/path/to/Cls_scattered_01_wCont/Cls_scattered_01_wCont/Ha/Cl_644.npy,/path/to/Cls_scattered_01_wCont/Cls_scattered_01_wCont/OII/Cl_644.npy,/path/to/Cls_scattered_01_wCont/Cls_scattered_01_wCont/OIII/Cl_644.npy,/path/to/Cls_scattered_01_wCont/Cls_scattered_01_wCont/Cont/Cl_644.npy,1.8941816532984377,0.525956672616303
/path/to/Cls_scattered_01_wCont/Cls_scattered_01_wCont/Ha_OII_OIII_Cont/Cl_645.npy,/path/to/Cls_scattered_01_wCont/Cls_scattered_01_wCont/OII_all_cross/Cl_645.npy,/path/to/Cls_scattered_01_wCont/Cls_scattered_01_wCont/OIII_all_cross/Cl_645.npy,/path/to/Cls_scattered_01_wCont/Cls_scattered_01_wCont/OII_all_cross/Cl_645_1.npy,/path/to/Cls_scattered_01_wCont/Cls_scattered_01_wCont/OIII_all_cross/Cl_645_1.npy,/path/to/Cls_scattered_01_wCont/Cls_scattered_01_wCont/Shift7_all_cross/Cl_645.npy,/path/to/Cls_scattered_01_wCont/Cls_scattered_01_wCont/Ha/Cl_645.npy,/path/to/Cls_scattered_01_wCont/Cls_scattered_01_wCont/OII/Cl_645.npy,/path/to/Cls_scattered_01_wCont/Cls_scattered_01_wCont/OIII/Cl_645.npy,/path/to/Cls_scattered_01_wCont/Cls_scattered_01_wCont/Cont/Cl_645.npy,0.5085082916542888,1.6192188499495388
/path/to/Cls_scattered_01_wCont/Cls_scattered_01_wCont/Ha_OII_OIII_Cont/Cl_646.npy,/path/to/Cls_scattered_01_wCont/Cls_scattered_01_wCont/OII_all_cross/Cl_646.npy,/path/to/Cls_scattered_01_wCont/Cls_scattered_01_wCont/OIII_all_cross/Cl_646.npy,/path/to/Cls_scattered_01_wCont/Cls_scattered_01_wCont/OII_all_cross/Cl_646_1.npy,/path/to/Cls_scattered_01_wCont/Cls_scattered_01_wCont/OIII_all_cross/Cl_646_1.npy,/path/to/Cls_scattered_01_wCont/Cls_scattered_01_wCont/Shift7_all_cross/Cl_646.npy,/path/to/Cls_scattered_01_wCont/Cls_scattered_01_wCont/Ha/Cl_646.npy,/path/to/Cls_scattered_01_wCont/Cls_scattered_01_wCont/OII/Cl_646.npy,/path/to/Cls_scattered_01_wCont/Cls_scattered_01_wCont/OIII/Cl_646.npy,/path/to/Cls_scattered_01_wCont/Cls_scattered_01_wCont/Cont/Cl_646.npy,0.9918617461808025,1.0293117311783135
/path/to/Cls_scattered_01_wCont/Cls_scattered_01_wCont/Ha_OII_OIII_Cont/Cl_647.npy,/path/to/Cls_scattered_01_wCont/Cls_scattered_01_wCont/OII_all_cross/Cl_647.npy,/path/to/Cls_scattered_01_wCont/Cls_scattered_01_wCont/OIII_all_cross/Cl_647.npy,/path/to/Cls_scattered_01_wCont/Cls_scattered_01_wCont/OII_all_cross/Cl_647_1.npy,/path/to/Cls_scattered_01_wCont/Cls_scattered_01_wCont/OIII_all_cross/Cl_647_1.npy,/path/to/Cls_scattered_01_wCont/Cls_scattered_01_wCont/Shift7_all_cross/Cl_647.npy,/path/to/Cls_scattered_01_wCont/Cls_scattered_01_wCont/Ha/Cl_647.npy,/path/to/Cls_scattered_01_wCont/Cls_scattered_01_wCont/OII/Cl_647.npy,/path/to/Cls_scattered_01_wCont/Cls_scattered_01_wCont/OIII/Cl_647.npy,/path/to/Cls_scattered_01_wCont/Cls_scattered_01_wCont/Cont/Cl_647.npy,1.5147412189282476,1.1159831591881813
/path/to/Cls_scattered_01_wCont/Cls_scattered_01_wCont/Ha_OII_OIII_Cont/Cl_648.npy,/path/to/Cls_scattered_01_wCont/Cls_scattered_01_wCont/OII_all_cross/Cl_648.npy,/path/to/Cls_scattered_01_wCont/Cls_scattered_01_wCont/OIII_all_cross/Cl_648.npy,/path/to/Cls_scattered_01_wCont/Cls_scattered_01_wCont/OII_all_cross/Cl_648_1.npy,/path/to/Cls_scattered_01_wCont/Cls_scattered_01_wCont/OIII_all_cross/Cl_648_1.npy,/path/to/Cls_scattered_01_wCont/Cls_scattered_01_wCont/Shift7_all_cross/Cl_648.npy,/path/to/Cls_scattered_01_wCont/Cls_scattered_01_wCont/Ha/Cl_648.npy,/path/to/Cls_scattered_01_wCont/Cls_scattered_01_wCont/OII/Cl_648.npy,/path/to/Cls_scattered_01_wCont/Cls_scattered_01_wCont/OIII/Cl_648.npy,/path/to/Cls_scattered_01_wCont/Cls_scattered_01_wCont/Cont/Cl_648.npy,1.3934827238321306,0.17643274506554008
/path/to/Cls_scattered_01_wCont/Cls_scattered_01_wCont/Ha_OII_OIII_Cont/Cl_649.npy,/path/to/Cls_scattered_01_wCont/Cls_scattered_01_wCont/OII_all_cross/Cl_649.npy,/path/to/Cls_scattered_01_wCont/Cls_scattered_01_wCont/OIII_all_cross/Cl_649.npy,/path/to/Cls_scattered_01_wCont/Cls_scattered_01_wCont/OII_all_cross/Cl_649_1.npy,/path/to/Cls_scattered_01_wCont/Cls_scattered_01_wCont/OIII_all_cross/Cl_649_1.npy,/path/to/Cls_scattered_01_wCont/Cls_scattered_01_wCont/Shift7_all_cross/Cl_649.npy,/path/to/Cls_scattered_01_wCont/Cls_scattered_01_wCont/Ha/Cl_649.npy,/path/to/Cls_scattered_01_wCont/Cls_scattered_01_wCont/OII/Cl_649.npy,/path/to/Cls_scattered_01_wCont/Cls_scattered_01_wCont/OIII/Cl_649.npy,/path/to/Cls_scattered_01_wCont/Cls_scattered_01_wCont/Cont/Cl_649.npy,0.8789221134036779,1.9970386723987759
/path/to/Cls_scattered_01_wCont/Cls_scattered_01_wCont/Ha_OII_OIII_Cont/Cl_650.npy,/path/to/Cls_scattered_01_wCont/Cls_scattered_01_wCont/OII_all_cross/Cl_650.npy,/path/to/Cls_scattered_01_wCont/Cls_scattered_01_wCont/OIII_all_cross/Cl_650.npy,/path/to/Cls_scattered_01_wCont/Cls_scattered_01_wCont/OII_all_cross/Cl_650_1.npy,/path/to/Cls_scattered_01_wCont/Cls_scattered_01_wCont/OIII_all_cross/Cl_650_1.npy,/path/to/Cls_scattered_01_wCont/Cls_scattered_01_wCont/Shift7_all_cross/Cl_650.npy,/path/to/Cls_scattered_01_wCont/Cls_scattered_01_wCont/Ha/Cl_650.npy,/path/to/Cls_scattered_01_wCont/Cls_scattered_01_wCont/OII/Cl_650.npy,/path/to/Cls_scattered_01_wCont/Cls_scattered_01_wCont/OIII/Cl_650.npy,/path/to/Cls_scattered_01_wCont/Cls_scattered_01_wCont/Cont/Cl_650.npy,0.3955772693268955,0.6797878000885248
/path/to/Cls_scattered_01_wCont/Cls_scattered_01_wCont/Ha_OII_OIII_Cont/Cl_651.npy,/path/to/Cls_scattered_01_wCont/Cls_scattered_01_wCont/OII_all_cross/Cl_651.npy,/path/to/Cls_scattered_01_wCont/Cls_scattered_01_wCont/OIII_all_cross/Cl_651.npy,/path/to/Cls_scattered_01_wCont/Cls_scattered_01_wCont/OII_all_cross/Cl_651_1.npy,/path/to/Cls_scattered_01_wCont/Cls_scattered_01_wCont/OIII_all_cross/Cl_651_1.npy,/path/to/Cls_scattered_01_wCont/Cls_scattered_01_wCont/Shift7_all_cross/Cl_651.npy,/path/to/Cls_scattered_01_wCont/Cls_scattered_01_wCont/Ha/Cl_651.npy,/path/to/Cls_scattered_01_wCont/Cls_scattered_01_wCont/OII/Cl_651.npy,/path/to/Cls_scattered_01_wCont/Cls_scattered_01_wCont/OIII/Cl_651.npy,/path/to/Cls_scattered_01_wCont/Cls_scattered_01_wCont/Cont/Cl_651.npy,1.7729281446896494,1.4938029780983926
/path/to/Cls_scattered_01_wCont/Cls_scattered_01_wCont/Ha_OII_OIII_Cont/Cl_652.npy,/path/to/Cls_scattered_01_wCont/Cls_scattered_01_wCont/OII_all_cross/Cl_652.npy,/path/to/Cls_scattered_01_wCont/Cls_scattered_01_wCont/OIII_all_cross/Cl_652.npy,/path/to/Cls_scattered_01_wCont/Cls_scattered_01_wCont/OII_all_cross/Cl_652_1.npy,/path/to/Cls_scattered_01_wCont/Cls_scattered_01_wCont/OIII_all_cross/Cl_652_1.npy,/path/to/Cls_scattered_01_wCont/Cls_scattered_01_wCont/Shift7_all_cross/Cl_652.npy,/path/to/Cls_scattered_01_wCont/Cls_scattered_01_wCont/Ha/Cl_652.npy,/path/to/Cls_scattered_01_wCont/Cls_scattered_01_wCont/OII/Cl_652.npy,/path/to/Cls_scattered_01_wCont/Cls_scattered_01_wCont/OIII/Cl_652.npy,/path/to/Cls_scattered_01_wCont/Cls_scattered_01_wCont/Cont/Cl_652.npy,1.6169630819931626,0.8157681505195796
/path/to/Cls_scattered_01_wCont/Cls_scattered_01_wCont/Ha_OII_OIII_Cont/Cl_653.npy,/path/to/Cls_scattered_01_wCont/Cls_scattered_01_wCont/OII_all_cross/Cl_653.npy,/path/to/Cls_scattered_01_wCont/Cls_scattered_01_wCont/OIII_all_cross/Cl_653.npy,/path/to/Cls_scattered_01_wCont/Cls_scattered_01_wCont/OII_all_cross/Cl_653_1.npy,/path/to/Cls_scattered_01_wCont/Cls_scattered_01_wCont/OIII_all_cross/Cl_653_1.npy,/path/to/Cls_scattered_01_wCont/Cls_scattered_01_wCont/Shift7_all_cross/Cl_653.npy,/path/to/Cls_scattered_01_wCont/Cls_scattered_01_wCont/Ha/Cl_653.npy,/path/to/Cls_scattered_01_wCont/Cls_scattered_01_wCont/OII/Cl_653.npy,/path/to/Cls_scattered_01_wCont/Cls_scattered_01_wCont/OIII/Cl_653.npy,/path/to/Cls_scattered_01_wCont/Cls_scattered_01_wCont/Cont/Cl_653.npy,0.1802636502310634,1.2106498940847814
/path/to/Cls_scattered_01_wCont/Cls_scattered_01_wCont/Ha_OII_OIII_Cont/Cl_654.npy,/path/to/Cls_scattered_01_wCont/Cls_scattered_01_wCont/OII_all_cross/Cl_654.npy,/path/to/Cls_scattered_01_wCont/Cls_scattered_01_wCont/OIII_all_cross/Cl_654.npy,/path/to/Cls_scattered_01_wCont/Cls_scattered_01_wCont/OII_all_cross/Cl_654_1.npy,/path/to/Cls_scattered_01_wCont/Cls_scattered_01_wCont/OIII_all_cross/Cl_654_1.npy,/path/to/Cls_scattered_01_wCont/Cls_scattered_01_wCont/Shift7_all_cross/Cl_654.npy,/path/to/Cls_scattered_01_wCont/Cls_scattered_01_wCont/Ha/Cl_654.npy,/path/to/Cls_scattered_01_wCont/Cls_scattered_01_wCont/OII/Cl_654.npy,/path/to/Cls_scattered_01_wCont/Cls_scattered_01_wCont/OIII/Cl_654.npy,/path/to/Cls_scattered_01_wCont/Cls_scattered_01_wCont/Cont/Cl_654.npy,0.619087213743478,0.36818949729204176
/path/to/Cls_scattered_01_wCont/Cls_scattered_01_wCont/Ha_OII_OIII_Cont/Cl_655.npy,/path/to/Cls_scattered_01_wCont/Cls_scattered_01_wCont/OII_all_cross/Cl_655.npy,/path/to/Cls_scattered_01_wCont/Cls_scattered_01_wCont/OIII_all_cross/Cl_655.npy,/path/to/Cls_scattered_01_wCont/Cls_scattered_01_wCont/OII_all_cross/Cl_655_1.npy,/path/to/Cls_scattered_01_wCont/Cls_scattered_01_wCont/OIII_all_cross/Cl_655_1.npy,/path/to/Cls_scattered_01_wCont/Cls_scattered_01_wCont/Shift7_all_cross/Cl_655.npy,/path/to/Cls_scattered_01_wCont/Cls_scattered_01_wCont/Ha/Cl_655.npy,/path/to/Cls_scattered_01_wCont/Cls_scattered_01_wCont/OII/Cl_655.npy,/path/to/Cls_scattered_01_wCont/Cls_scattered_01_wCont/OIII/Cl_655.npy,/path/to/Cls_scattered_01_wCont/Cls_scattered_01_wCont/Cont/Cl_655.npy,1.0742409446276724,1.6583338651806117
/path/to/Cls_scattered_01_wCont/Cls_scattered_01_wCont/Ha_OII_OIII_Cont/Cl_656.npy,/path/to/Cls_scattered_01_wCont/Cls_scattered_01_wCont/OII_all_cross/Cl_656.npy,/path/to/Cls_scattered_01_wCont/Cls_scattered_01_wCont/OIII_all_cross/Cl_656.npy,/path/to/Cls_scattered_01_wCont/Cls_scattered_01_wCont/OII_all_cross/Cl_656_1.npy,/path/to/Cls_scattered_01_wCont/Cls_scattered_01_wCont/OIII_all_cross/Cl_656_1.npy,/path/to/Cls_scattered_01_wCont/Cls_scattered_01_wCont/Shift7_all_cross/Cl_656.npy,/path/to/Cls_scattered_01_wCont/Cls_scattered_01_wCont/Ha/Cl_656.npy,/path/to/Cls_scattered_01_wCont/Cls_scattered_01_wCont/OII/Cl_656.npy,/path/to/Cls_scattered_01_wCont/Cls_scattered_01_wCont/OIII/Cl_656.npy,/path/to/Cls_scattered_01_wCont/Cls_scattered_01_wCont/Cont/Cl_656.npy,1.15656197918579,0.3979305533692241
/path/to/Cls_scattered_01_wCont/Cls_scattered_01_wCont/Ha_OII_OIII_Cont/Cl_657.npy,/path/to/Cls_scattered_01_wCont/Cls_scattered_01_wCont/OII_all_cross/Cl_657.npy,/path/to/Cls_scattered_01_wCont/Cls_scattered_01_wCont/OIII_all_cross/Cl_657.npy,/path/to/Cls_scattered_01_wCont/Cls_scattered_01_wCont/OII_all_cross/Cl_657_1.npy,/path/to/Cls_scattered_01_wCont/Cls_scattered_01_wCont/OIII_all_cross/Cl_657_1.npy,/path/to/Cls_scattered_01_wCont/Cls_scattered_01_wCont/Shift7_all_cross/Cl_657.npy,/path/to/Cls_scattered_01_wCont/Cls_scattered_01_wCont/Ha/Cl_657.npy,/path/to/Cls_scattered_01_wCont/Cls_scattered_01_wCont/OII/Cl_657.npy,/path/to/Cls_scattered_01_wCont/Cls_scattered_01_wCont/OIII/Cl_657.npy,/path/to/Cls_scattered_01_wCont/Cls_scattered_01_wCont/Cont/Cl_657.npy,0.6413066438399255,1.7472483666613698
/path/to/Cls_scattered_01_wCont/Cls_scattered_01_wCont/Ha_OII_OIII_Cont/Cl_658.npy,/path/to/Cls_scattered_01_wCont/Cls_scattered_01_wCont/OII_all_cross/Cl_658.npy,/path/to/Cls_scattered_01_wCont/Cls_scattered_01_wCont/OIII_all_cross/Cl_658.npy,/path/to/Cls_scattered_01_wCont/Cls_scattered_01_wCont/OII_all_cross/Cl_658_1.npy,/path/to/Cls_scattered_01_wCont/Cls_scattered_01_wCont/OIII_all_cross/Cl_658_1.npy,/path/to/Cls_scattered_01_wCont/Cls_scattered_01_wCont/Shift7_all_cross/Cl_658.npy,/path/to/Cls_scattered_01_wCont/Cls_scattered_01_wCont/Ha/Cl_658.npy,/path/to/Cls_scattered_01_wCont/Cls_scattered_01_wCont/OII/Cl_658.npy,/path/to/Cls_scattered_01_wCont/Cls_scattered_01_wCont/OIII/Cl_658.npy,/path/to/Cls_scattered_01_wCont/Cls_scattered_01_wCont/Cont/Cl_658.npy,0.15796086192131042,0.9049940862692892
/path/to/Cls_scattered_01_wCont/Cls_scattered_01_wCont/Ha_OII_OIII_Cont/Cl_659.npy,/path/to/Cls_scattered_01_wCont/Cls_scattered_01_wCont/OII_all_cross/Cl_659.npy,/path/to/Cls_scattered_01_wCont/Cls_scattered_01_wCont/OIII_all_cross/Cl_659.npy,/path/to/Cls_scattered_01_wCont/Cls_scattered_01_wCont/OII_all_cross/Cl_659_1.npy,/path/to/Cls_scattered_01_wCont/Cls_scattered_01_wCont/OIII_all_cross/Cl_659_1.npy,/path/to/Cls_scattered_01_wCont/Cls_scattered_01_wCont/Shift7_all_cross/Cl_659.npy,/path/to/Cls_scattered_01_wCont/Cls_scattered_01_wCont/Ha/Cl_659.npy,/path/to/Cls_scattered_01_wCont/Cls_scattered_01_wCont/OII/Cl_659.npy,/path/to/Cls_scattered_01_wCont/Cls_scattered_01_wCont/OIII/Cl_659.npy,/path/to/Cls_scattered_01_wCont/Cls_scattered_01_wCont/Cont/Cl_659.npy,1.5360082741826773,1.2402974066324532
/path/to/Cls_scattered_01_wCont/Cls_scattered_01_wCont/Ha_OII_OIII_Cont/Cl_660.npy,/path/to/Cls_scattered_01_wCont/Cls_scattered_01_wCont/OII_all_cross/Cl_660.npy,/path/to/Cls_scattered_01_wCont/Cls_scattered_01_wCont/OIII_all_cross/Cl_660.npy,/path/to/Cls_scattered_01_wCont/Cls_scattered_01_wCont/OII_all_cross/Cl_660_1.npy,/path/to/Cls_scattered_01_wCont/Cls_scattered_01_wCont/OIII_all_cross/Cl_660_1.npy,/path/to/Cls_scattered_01_wCont/Cls_scattered_01_wCont/Shift7_all_cross/Cl_660.npy,/path/to/Cls_scattered_01_wCont/Cls_scattered_01_wCont/Ha/Cl_660.npy,/path/to/Cls_scattered_01_wCont/Cls_scattered_01_wCont/OII/Cl_660.npy,/path/to/Cls_scattered_01_wCont/Cls_scattered_01_wCont/OIII/Cl_660.npy,/path/to/Cls_scattered_01_wCont/Cls_scattered_01_wCont/Cont/Cl_660.npy,1.8550425921566784,0.5905557842925191
/path/to/Cls_scattered_01_wCont/Cls_scattered_01_wCont/Ha_OII_OIII_Cont/Cl_661.npy,/path/to/Cls_scattered_01_wCont/Cls_scattered_01_wCont/OII_all_cross/Cl_661.npy,/path/to/Cls_scattered_01_wCont/Cls_scattered_01_wCont/OIII_all_cross/Cl_661.npy,/path/to/Cls_scattered_01_wCont/Cls_scattered_01_wCont/OII_all_cross/Cl_661_1.npy,/path/to/Cls_scattered_01_wCont/Cls_scattered_01_wCont/OIII_all_cross/Cl_661_1.npy,/path/to/Cls_scattered_01_wCont/Cls_scattered_01_wCont/Shift7_all_cross/Cl_661.npy,/path/to/Cls_scattered_01_wCont/Cls_scattered_01_wCont/Ha/Cl_661.npy,/path/to/Cls_scattered_01_wCont/Cls_scattered_01_wCont/OII/Cl_661.npy,/path/to/Cls_scattered_01_wCont/Cls_scattered_01_wCont/OIII/Cl_661.npy,/path/to/Cls_scattered_01_wCont/Cls_scattered_01_wCont/Cont/Cl_661.npy,0.41764809573069217,1.464147516898811
/path/to/Cls_scattered_01_wCont/Cls_scattered_01_wCont/Ha_OII_OIII_Cont/Cl_662.npy,/path/to/Cls_scattered_01_wCont/Cls_scattered_01_wCont/OII_all_cross/Cl_662.npy,/path/to/Cls_scattered_01_wCont/Cls_scattered_01_wCont/OIII_all_cross/Cl_662.npy,/path/to/Cls_scattered_01_wCont/Cls_scattered_01_wCont/OII_all_cross/Cl_662_1.npy,/path/to/Cls_scattered_01_wCont/Cls_scattered_01_wCont/OIII_all_cross/Cl_662_1.npy,/path/to/Cls_scattered_01_wCont/Cls_scattered_01_wCont/Shift7_all_cross/Cl_662.npy,/path/to/Cls_scattered_01_wCont/Cls_scattered_01_wCont/Ha/Cl_662.npy,/path/to/Cls_scattered_01_wCont/Cls_scattered_01_wCont/OII/Cl_662.npy,/path/to/Cls_scattered_01_wCont/Cls_scattered_01_wCont/OIII/Cl_662.npy,/path/to/Cls_scattered_01_wCont/Cls_scattered_01_wCont/Cont/Cl_662.npy,0.8564707780256867,0.14669778319075705
/path/to/Cls_scattered_01_wCont/Cls_scattered_01_wCont/Ha_OII_OIII_Cont/Cl_663.npy,/path/to/Cls_scattered_01_wCont/Cls_scattered_01_wCont/OII_all_cross/Cl_663.npy,/path/to/Cls_scattered_01_wCont/Cls_scattered_01_wCont/OIII_all_cross/Cl_663.npy,/path/to/Cls_scattered_01_wCont/Cls_scattered_01_wCont/OII_all_cross/Cl_663_1.npy,/path/to/Cls_scattered_01_wCont/Cls_scattered_01_wCont/OIII_all_cross/Cl_663_1.npy,/path/to/Cls_scattered_01_wCont/Cls_scattered_01_wCont/Shift7_all_cross/Cl_663.npy,/path/to/Cls_scattered_01_wCont/Cls_scattered_01_wCont/Ha/Cl_663.npy,/path/to/Cls_scattered_01_wCont/Cls_scattered_01_wCont/OII/Cl_663.npy,/path/to/Cls_scattered_01_wCont/Cls_scattered_01_wCont/OIII/Cl_663.npy,/path/to/Cls_scattered_01_wCont/Cls_scattered_01_wCont/Cont/Cl_663.npy,1.3123213855549694,1.9081321337260306
/path/to/Cls_scattered_01_wCont/Cls_scattered_01_wCont/Ha_OII_OIII_Cont/Cl_664.npy,/path/to/Cls_scattered_01_wCont/Cls_scattered_01_wCont/OII_all_cross/Cl_664.npy,/path/to/Cls_scattered_01_wCont/Cls_scattered_01_wCont/OIII_all_cross/Cl_664.npy,/path/to/Cls_scattered_01_wCont/Cls_scattered_01_wCont/OII_all_cross/Cl_664_1.npy,/path/to/Cls_scattered_01_wCont/Cls_scattered_01_wCont/OIII_all_cross/Cl_664_1.npy,/path/to/Cls_scattered_01_wCont/Cls_scattered_01_wCont/Shift7_all_cross/Cl_664.npy,/path/to/Cls_scattered_01_wCont/Cls_scattered_01_wCont/Ha/Cl_664.npy,/path/to/Cls_scattered_01_wCont/Cls_scattered_01_wCont/OII/Cl_664.npy,/path/to/Cls_scattered_01_wCont/Cls_scattered_01_wCont/OIII/Cl_664.npy,/path/to/Cls_scattered_01_wCont/Cls_scattered_01_wCont/Cont/Cl_664.npy,1.4322734351269901,0.9400797083042561
/path/to/Cls_scattered_01_wCont/Cls_scattered_01_wCont/Ha_OII_OIII_Cont/Cl_665.npy,/path/to/Cls_scattered_01_wCont/Cls_scattered_01_wCont/OII_all_cross/Cl_665.npy,/path/to/Cls_scattered_01_wCont/Cls_scattered_01_wCont/OIII_all_cross/Cl_665.npy,/path/to/Cls_scattered_01_wCont/Cls_scattered_01_wCont/OII_all_cross/Cl_665_1.npy,/path/to/Cls_scattered_01_wCont/Cls_scattered_01_wCont/OIII_all_cross/Cl_665_1.npy,/path/to/Cls_scattered_01_wCont/Cls_scattered_01_wCont/Shift7_all_cross/Cl_665.npy,/path/to/Cls_scattered_01_wCont/Cls_scattered_01_wCont/Ha/Cl_665.npy,/path/to/Cls_scattered_01_wCont/Cls_scattered_01_wCont/OII/Cl_665.npy,/path/to/Cls_scattered_01_wCont/Cls_scattered_01_wCont/OIII/Cl_665.npy,/path/to/Cls_scattered_01_wCont/Cls_scattered_01_wCont/Cont/Cl_665.npy,0.9698978266678749,1.086327690910548
/path/to/Cls_scattered_01_wCont/Cls_scattered_01_wCont/Ha_OII_OIII_Cont/Cl_666.npy,/path/to/Cls_scattered_01_wCont/Cls_scattered_01_wCont/OII_all_cross/Cl_666.npy,/path/to/Cls_scattered_01_wCont/Cls_scattered_01_wCont/OIII_all_cross/Cl_666.npy,/path/to/Cls_scattered_01_wCont/Cls_scattered_01_wCont/OII_all_cross/Cl_666_1.npy,/path/to/Cls_scattered_01_wCont/Cls_scattered_01_wCont/OIII_all_cross/Cl_666_1.npy,/path/to/Cls_scattered_01_wCont/Cls_scattered_01_wCont/Shift7_all_cross/Cl_666.npy,/path/to/Cls_scattered_01_wCont/Cls_scattered_01_wCont/Ha/Cl_666.npy,/path/to/Cls_scattered_01_wCont/Cls_scattered_01_wCont/OII/Cl_666.npy,/path/to/Cls_scattered_01_wCont/Cls_scattered_01_wCont/OIII/Cl_666.npy,/path/to/Cls_scattered_01_wCont/Cls_scattered_01_wCont/Cont/Cl_666.npy,0.5310846537351608,0.4962217036634683
/path/to/Cls_scattered_01_wCont/Cls_scattered_01_wCont/Ha_OII_OIII_Cont/Cl_667.npy,/path/to/Cls_scattered_01_wCont/Cls_scattered_01_wCont/OII_all_cross/Cl_667.npy,/path/to/Cls_scattered_01_wCont/Cls_scattered_01_wCont/OIII_all_cross/Cl_667.npy,/path/to/Cls_scattered_01_wCont/Cls_scattered_01_wCont/OII_all_cross/Cl_667_1.npy,/path/to/Cls_scattered_01_wCont/Cls_scattered_01_wCont/OIII_all_cross/Cl_667_1.npy,/path/to/Cls_scattered_01_wCont/Cls_scattered_01_wCont/Shift7_all_cross/Cl_667.npy,/path/to/Cls_scattered_01_wCont/Cls_scattered_01_wCont/Ha/Cl_667.npy,/path/to/Cls_scattered_01_wCont/Cls_scattered_01_wCont/OII/Cl_667.npy,/path/to/Cls_scattered_01_wCont/Cls_scattered_01_wCont/OIII/Cl_667.npy,/path/to/Cls_scattered_01_wCont/Cls_scattered_01_wCont/Cont/Cl_667.npy,1.9750005271285773,1.5303123041987419
/path/to/Cls_scattered_01_wCont/Cls_scattered_01_wCont/Ha_OII_OIII_Cont/Cl_668.npy,/path/to/Cls_scattered_01_wCont/Cls_scattered_01_wCont/OII_all_cross/Cl_668.npy,/path/to/Cls_scattered_01_wCont/Cls_scattered_01_wCont/OIII_all_cross/Cl_668.npy,/path/to/Cls_scattered_01_wCont/Cls_scattered_01_wCont/OII_all_cross/Cl_668_1.npy,/path/to/Cls_scattered_01_wCont/Cls_scattered_01_wCont/OIII_all_cross/Cl_668_1.npy,/path/to/Cls_scattered_01_wCont/Cls_scattered_01_wCont/Shift7_all_cross/Cl_668.npy,/path/to/Cls_scattered_01_wCont/Cls_scattered_01_wCont/Ha/Cl_668.npy,/path/to/Cls_scattered_01_wCont/Cls_scattered_01_wCont/OII/Cl_668.npy,/path/to/Cls_scattered_01_wCont/Cls_scattered_01_wCont/OIII/Cl_668.npy,/path/to/Cls_scattered_01_wCont/Cls_scattered_01_wCont/Cont/Cl_668.npy,1.6558701281435788,0.3007503758184612
/path/to/Cls_scattered_01_wCont/Cls_scattered_01_wCont/Ha_OII_OIII_Cont/Cl_669.npy,/path/to/Cls_scattered_01_wCont/Cls_scattered_01_wCont/OII_all_cross/Cl_669.npy,/path/to/Cls_scattered_01_wCont/Cls_scattered_01_wCont/OIII_all_cross/Cl_669.npy,/path/to/Cls_scattered_01_wCont/Cls_scattered_01_wCont/OII_all_cross/Cl_669_1.npy,/path/to/Cls_scattered_01_wCont/Cls_scattered_01_wCont/OIII_all_cross/Cl_669_1.npy,/path/to/Cls_scattered_01_wCont/Cls_scattered_01_wCont/Shift7_all_cross/Cl_669.npy,/path/to/Cls_scattered_01_wCont/Cls_scattered_01_wCont/Ha/Cl_669.npy,/path/to/Cls_scattered_01_wCont/Cls_scattered_01_wCont/OII/Cl_669.npy,/path/to/Cls_scattered_01_wCont/Cls_scattered_01_wCont/OIII/Cl_669.npy,/path/to/Cls_scattered_01_wCont/Cls_scattered_01_wCont/Cont/Cl_669.npy,0.27135581159964206,1.8727244391106068
/path/to/Cls_scattered_01_wCont/Cls_scattered_01_wCont/Ha_OII_OIII_Cont/Cl_670.npy,/path/to/Cls_scattered_01_wCont/Cls_scattered_01_wCont/OII_all_cross/Cl_670.npy,/path/to/Cls_scattered_01_wCont/Cls_scattered_01_wCont/OIII_all_cross/Cl_670.npy,/path/to/Cls_scattered_01_wCont/Cls_scattered_01_wCont/OII_all_cross/Cl_670_1.npy,/path/to/Cls_scattered_01_wCont/Cls_scattered_01_wCont/OIII_all_cross/Cl_670_1.npy,/path/to/Cls_scattered_01_wCont/Cls_scattered_01_wCont/Shift7_all_cross/Cl_670.npy,/path/to/Cls_scattered_01_wCont/Cls_scattered_01_wCont/Ha/Cl_670.npy,/path/to/Cls_scattered_01_wCont/Cls_scattered_01_wCont/OII/Cl_670.npy,/path/to/Cls_scattered_01_wCont/Cls_scattered_01_wCont/OIII/Cl_670.npy,/path/to/Cls_scattered_01_wCont/Cls_scattered_01_wCont/Cont/Cl_670.npy,0.7547101968899369,0.8078139051795006
/path/to/Cls_scattered_01_wCont/Cls_scattered_01_wCont/Ha_OII_OIII_Cont/Cl_671.npy,/path/to/Cls_scattered_01_wCont/Cls_scattered_01_wCont/OII_all_cross/Cl_671.npy,/path/to/Cls_scattered_01_wCont/Cls_scattered_01_wCont/OIII_all_cross/Cl_671.npy,/path/to/Cls_scattered_01_wCont/Cls_scattered_01_wCont/OII_all_cross/Cl_671_1.npy,/path/to/Cls_scattered_01_wCont/Cls_scattered_01_wCont/OIII_all_cross/Cl_671_1.npy,/path/to/Cls_scattered_01_wCont/Cls_scattered_01_wCont/Shift7_all_cross/Cl_671.npy,/path/to/Cls_scattered_01_wCont/Cls_scattered_01_wCont/Ha/Cl_671.npy,/path/to/Cls_scattered_01_wCont/Cls_scattered_01_wCont/OII/Cl_671.npy,/path/to/Cls_scattered_01_wCont/Cls_scattered_01_wCont/OIII/Cl_671.npy,/path/to/Cls_scattered_01_wCont/Cls_scattered_01_wCont/Cont/Cl_671.npy,1.2764288125559689,1.3657734755426645
/path/to/Cls_scattered_01_wCont/Cls_scattered_01_wCont/Ha_OII_OIII_Cont/Cl_672.npy,/path/to/Cls_scattered_01_wCont/Cls_scattered_01_wCont/OII_all_cross/Cl_672.npy,/path/to/Cls_scattered_01_wCont/Cls_scattered_01_wCont/OIII_all_cross/Cl_672.npy,/path/to/Cls_scattered_01_wCont/Cls_scattered_01_wCont/OII_all_cross/Cl_672_1.npy,/path/to/Cls_scattered_01_wCont/Cls_scattered_01_wCont/OIII_all_cross/Cl_672_1.npy,/path/to/Cls_scattered_01_wCont/Cls_scattered_01_wCont/Shift7_all_cross/Cl_672.npy,/path/to/Cls_scattered_01_wCont/Cls_scattered_01_wCont/Ha/Cl_672.npy,/path/to/Cls_scattered_01_wCont/Cls_scattered_01_wCont/OII/Cl_672.npy,/path/to/Cls_scattered_01_wCont/Cls_scattered_01_wCont/OIII/Cl_672.npy,/path/to/Cls_scattered_01_wCont/Cls_scattered_01_wCont/Cont/Cl_672.npy,1.2284168121404946,0.2386005070991814
/path/to/Cls_scattered_01_wCont/Cls_scattered_01_wCont/Ha_OII_OIII_Cont/Cl_673.npy,/path/to/Cls_scattered_01_wCont/Cls_scattered_01_wCont/OII_all_cross/Cl_673.npy,/path/to/Cls_scattered_01_wCont/Cls_scattered_01_wCont/OIII_all_cross/Cl_673.npy,/path/to/Cls_scattered_01_wCont/Cls_scattered_01_wCont/OII_all_cross/Cl_673_1.npy,/path/to/Cls_scattered_01_wCont/Cls_scattered_01_wCont/OIII_all_cross/Cl_673_1.npy,/path/to/Cls_scattered_01_wCont/Cls_scattered_01_wCont/Shift7_all_cross/Cl_673.npy,/path/to/Cls_scattered_01_wCont/Cls_scattered_01_wCont/Ha/Cl_673.npy,/path/to/Cls_scattered_01_wCont/Cls_scattered_01_wCont/OII/Cl_673.npy,/path/to/Cls_scattered_01_wCont/Cls_scattered_01_wCont/OIII/Cl_673.npy,/path/to/Cls_scattered_01_wCont/Cls_scattered_01_wCont/Cont/Cl_673.npy,0.8031825573183595,1.81796709978953
/path/to/Cls_scattered_01_wCont/Cls_scattered_01_wCont/Ha_OII_OIII_Cont/Cl_674.npy,/path/to/Cls_scattered_01_wCont/Cls_scattered_01_wCont/OII_all_cross/Cl_674.npy,/path/to/Cls_scattered_01_wCont/Cls_scattered_01_wCont/OIII_all_cross/Cl_674.npy,/path/to/Cls_scattered_01_wCont/Cls_scattered_01_wCont/OII_all_cross/Cl_674_1.npy,/path/to/Cls_scattered_01_wCont/Cls_scattered_01_wCont/OIII_all_cross/Cl_674_1.npy,/path/to/Cls_scattered_01_wCont/Cls_scattered_01_wCont/Shift7_all_cross/Cl_674.npy,/path/to/Cls_scattered_01_wCont/Cls_scattered_01_wCont/Ha/Cl_674.npy,/path/to/Cls_scattered_01_wCont/Cls_scattered_01_wCont/OII/Cl_674.npy,/path/to/Cls_scattered_01_wCont/Cls_scattered_01_wCont/OIII/Cl_674.npy,/path/to/Cls_scattered_01_wCont/Cls_scattered_01_wCont/Cont/Cl_674.npy,0.23077293056994677,0.7456605257466435
/path/to/Cls_scattered_01_wCont/Cls_scattered_01_wCont/Ha_OII_OIII_Cont/Cl_675.npy,/path/to/Cls_scattered_01_wCont/Cls_scattered_01_wCont/OII_all_cross/Cl_675.npy,/path/to/Cls_scattered_01_wCont/Cls_scattered_01_wCont/OIII_all_cross/Cl_675.npy,/path/to/Cls_scattered_01_wCont/Cls_scattered_01_wCont/OII_all_cross/Cl_675_1.npy,/path/to/Cls_scattered_01_wCont/Cls_scattered_01_wCont/OIII_all_cross/Cl_675_1.npy,/path/to/Cls_scattered_01_wCont/Cls_scattered_01_wCont/Shift7_all_cross/Cl_675.npy,/path/to/Cls_scattered_01_wCont/Cls_scattered_01_wCont/Ha/Cl_675.npy,/path/to/Cls_scattered_01_wCont/Cls_scattered_01_wCont/OII/Cl_675.npy,/path/to/Cls_scattered_01_wCont/Cls_scattered_01_wCont/OIII/Cl_675.npy,/path/to/Cls_scattered_01_wCont/Cls_scattered_01_wCont/Cont/Cl_675.npy,1.6969278579577804,1.3110123990103604
/path/to/Cls_scattered_01_wCont/Cls_scattered_01_wCont/Ha_OII_OIII_Cont/Cl_676.npy,/path/to/Cls_scattered_01_wCont/Cls_scattered_01_wCont/OII_all_cross/Cl_676.npy,/path/to/Cls_scattered_01_wCont/Cls_scattered_01_wCont/OIII_all_cross/Cl_676.npy,/path/to/Cls_scattered_01_wCont/Cls_scattered_01_wCont/OII_all_cross/Cl_676_1.npy,/path/to/Cls_scattered_01_wCont/Cls_scattered_01_wCont/OIII_all_cross/Cl_676_1.npy,/path/to/Cls_scattered_01_wCont/Cls_scattered_01_wCont/Shift7_all_cross/Cl_676.npy,/path/to/Cls_scattered_01_wCont/Cls_scattered_01_wCont/Ha/Cl_676.npy,/path/to/Cls_scattered_01_wCont/Cls_scattered_01_wCont/OII/Cl_676.npy,/path/to/Cls_scattered_01_wCont/Cls_scattered_01_wCont/OIII/Cl_676.npy,/path/to/Cls_scattered_01_wCont/Cls_scattered_01_wCont/Cont/Cl_676.npy,1.9566722753457726,0.9948095210827886
/path/to/Cls_scattered_01_wCont/Cls_scattered_01_wCont/Ha_OII_OIII_Cont/Cl_677.npy,/path/to/Cls_scattered_01_wCont/Cls_scattered_01_wCont/OII_all_cross/Cl_677.npy,/path/to/Cls_scattered_01_wCont/Cls_scattered_01_wCont/OIII_all_cross/Cl_677.npy,/path/to/Cls_scattered_01_wCont/Cls_scattered_01_wCont/OII_all_cross/Cl_677_1.npy,/path/to/Cls_scattered_01_wCont/Cls_scattered_01_wCont/OIII_all_cross/Cl_677_1.npy,/path/to/Cls_scattered_01_wCont/Cls_scattered_01_wCont/Shift7_all_cross/Cl_677.npy,/path/to/Cls_scattered_01_wCont/Cls_scattered_01_wCont/Ha/Cl_677.npy,/path/to/Cls_scattered_01_wCont/Cls_scattered_01_wCont/OII/Cl_677.npy,/path/to/Cls_scattered_01_wCont/Cls_scattered_01_wCont/OIII/Cl_677.npy,/path/to/Cls_scattered_01_wCont/Cls_scattered_01_wCont/Cont/Cl_677.npy,0.5498657911084592,1.1485087242908776
/path/to/Cls_scattered_01_wCont/Cls_scattered_01_wCont/Ha_OII_OIII_Cont/Cl_678.npy,/path/to/Cls_scattered_01_wCont/Cls_scattered_01_wCont/OII_all_cross/Cl_678.npy,/path/to/Cls_scattered_01_wCont/Cls_scattered_01_wCont/OIII_all_cross/Cl_678.npy,/path/to/Cls_scattered_01_wCont/Cls_scattered_01_wCont/OII_all_cross/Cl_678_1.npy,/path/to/Cls_scattered_01_wCont/Cls_scattered_01_wCont/OIII_all_cross/Cl_678_1.npy,/path/to/Cls_scattered_01_wCont/Cls_scattered_01_wCont/Shift7_all_cross/Cl_678.npy,/path/to/Cls_scattered_01_wCont/Cls_scattered_01_wCont/Ha/Cl_678.npy,/path/to/Cls_scattered_01_wCont/Cls_scattered_01_wCont/OII/Cl_678.npy,/path/to/Cls_scattered_01_wCont/Cls_scattered_01_wCont/OIII/Cl_678.npy,/path/to/Cls_scattered_01_wCont/Cls_scattered_01_wCont/Cont/Cl_678.npy,0.9589986942708492,0.5509477792307734
/path/to/Cls_scattered_01_wCont/Cls_scattered_01_wCont/Ha_OII_OIII_Cont/Cl_679.npy,/path/to/Cls_scattered_01_wCont/Cls_scattered_01_wCont/OII_all_cross/Cl_679.npy,/path/to/Cls_scattered_01_wCont/Cls_scattered_01_wCont/OIII_all_cross/Cl_679.npy,/path/to/Cls_scattered_01_wCont/Cls_scattered_01_wCont/OII_all_cross/Cl_679_1.npy,/path/to/Cls_scattered_01_wCont/Cls_scattered_01_wCont/OIII_all_cross/Cl_679_1.npy,/path/to/Cls_scattered_01_wCont/Cls_scattered_01_wCont/Shift7_all_cross/Cl_679.npy,/path/to/Cls_scattered_01_wCont/Cls_scattered_01_wCont/Ha/Cl_679.npy,/path/to/Cls_scattered_01_wCont/Cls_scattered_01_wCont/OII/Cl_679.npy,/path/to/Cls_scattered_01_wCont/Cls_scattered_01_wCont/OIII/Cl_679.npy,/path/to/Cls_scattered_01_wCont/Cls_scattered_01_wCont/Cont/Cl_679.npy,1.4436399418860675,1.5924898268654943
/path/to/Cls_scattered_01_wCont/Cls_scattered_01_wCont/Ha_OII_OIII_Cont/Cl_680.npy,/path/to/Cls_scattered_01_wCont/Cls_scattered_01_wCont/OII_all_cross/Cl_680.npy,/path/to/Cls_scattered_01_wCont/Cls_scattered_01_wCont/OIII_all_cross/Cl_680.npy,/path/to/Cls_scattered_01_wCont/Cls_scattered_01_wCont/OII_all_cross/Cl_680_1.npy,/path/to/Cls_scattered_01_wCont/Cls_scattered_01_wCont/OIII_all_cross/Cl_680_1.npy,/path/to/Cls_scattered_01_wCont/Cls_scattered_01_wCont/Shift7_all_cross/Cl_680.npy,/path/to/Cls_scattered_01_wCont/Cls_scattered_01_wCont/Ha/Cl_680.npy,/path/to/Cls_scattered_01_wCont/Cls_scattered_01_wCont/OII/Cl_680.npy,/path/to/Cls_scattered_01_wCont/Cls_scattered_01_wCont/OIII/Cl_680.npy,/path/to/Cls_scattered_01_wCont/Cls_scattered_01_wCont/Cont/Cl_680.npy,1.33064227970317,0.661984808743
/path/to/Cls_scattered_01_wCont/Cls_scattered_01_wCont/Ha_OII_OIII_Cont/Cl_681.npy,/path/to/Cls_scattered_01_wCont/Cls_scattered_01_wCont/OII_all_cross/Cl_681.npy,/path/to/Cls_scattered_01_wCont/Cls_scattered_01_wCont/OIII_all_cross/Cl_681.npy,/path/to/Cls_scattered_01_wCont/Cls_scattered_01_wCont/OII_all_cross/Cl_681_1.npy,/path/to/Cls_scattered_01_wCont/Cls_scattered_01_wCont/OIII_all_cross/Cl_681_1.npy,/path/to/Cls_scattered_01_wCont/Cls_scattered_01_wCont/Shift7_all_cross/Cl_681.npy,/path/to/Cls_scattered_01_wCont/Cls_scattered_01_wCont/Ha/Cl_681.npy,/path/to/Cls_scattered_01_wCont/Cls_scattered_01_wCont/OII/Cl_681.npy,/path/to/Cls_scattered_01_wCont/Cls_scattered_01_wCont/OIII/Cl_681.npy,/path/to/Cls_scattered_01_wCont/Cls_scattered_01_wCont/Cont/Cl_681.npy,0.8376822830177842,1.513340261951089
/path/to/Cls_scattered_01_wCont/Cls_scattered_01_wCont/Ha_OII_OIII_Cont/Cl_682.npy,/path/to/Cls_scattered_01_wCont/Cls_scattered_01_wCont/OII_all_cross/Cl_682.npy,/path/to/Cls_scattered_01_wCont/Cls_scattered_01_wCont/OIII_all_cross/Cl_682.npy,/path/to/Cls_scattered_01_wCont/Cls_scattered_01_wCont/OII_all_cross/Cl_682_1.npy,/path/to/Cls_scattered_01_wCont/Cls_scattered_01_wCont/OIII_all_cross/Cl_682_1.npy,/path/to/Cls_scattered_01_wCont/Cls_scattered_01_wCont/Shift7_all_cross/Cl_682.npy,/path/to/Cls_scattered_01_wCont/Cls_scattered_01_wCont/Ha/Cl_682.npy,/path/to/Cls_scattered_01_wCont/Cls_scattered_01_wCont/OII/Cl_682.npy,/path/to/Cls_scattered_01_wCont/Cls_scattered_01_wCont/OIII/Cl_682.npy,/path/to/Cls_scattered_01_wCont/Cls_scattered_01_wCont/Cont/Cl_682.npy,0.4285543592646718,0.21812307043001056
/path/to/Cls_scattered_01_wCont/Cls_scattered_01_wCont/Ha_OII_OIII_Cont/Cl_683.npy,/path/to/Cls_scattered_01_wCont/Cls_scattered_01_wCont/OII_all_cross/Cl_683.npy,/path/to/Cls_scattered_01_wCont/Cls_scattered_01_wCont/OIII_all_cross/Cl_683.npy,/path/to/Cls_scattered_01_wCont/Cls_scattered_01_wCont/OII_all_cross/Cl_683_1.npy,/path/to/Cls_scattered_01_wCont/Cls_scattered_01_wCont/OIII_all_cross/Cl_683_1.npy,/path/to/Cls_scattered_01_wCont/Cls_scattered_01_wCont/Shift7_all_cross/Cl_683.npy,/path/to/Cls_scattered_01_wCont/Cls_scattered_01_wCont/Ha/Cl_683.npy,/path/to/Cls_scattered_01_wCont/Cls_scattered_01_wCont/OII/Cl_683.npy,/path/to/Cls_scattered_01_wCont/Cls_scattered_01_wCont/OIII/Cl_683.npy,/path/to/Cls_scattered_01_wCont/Cls_scattered_01_wCont/Cont/Cl_683.npy,1.843683216534555,1.9573213680647314
/path/to/Cls_scattered_01_wCont/Cls_scattered_01_wCont/Ha_OII_OIII_Cont/Cl_684.npy,/path/to/Cls_scattered_01_wCont/Cls_scattered_01_wCont/OII_all_cross/Cl_684.npy,/path/to/Cls_scattered_01_wCont/Cls_scattered_01_wCont/OIII_all_cross/Cl_684.npy,/path/to/Cls_scattered_01_wCont/Cls_scattered_01_wCont/OII_all_cross/Cl_684_1.npy,/path/to/Cls_scattered_01_wCont/Cls_scattered_01_wCont/OIII_all_cross/Cl_684_1.npy,/path/to/Cls_scattered_01_wCont/Cls_scattered_01_wCont/Shift7_all_cross/Cl_684.npy,/path/to/Cls_scattered_01_wCont/Cls_scattered_01_wCont/Ha/Cl_684.npy,/path/to/Cls_scattered_01_wCont/Cls_scattered_01_wCont/OII/Cl_684.npy,/path/to/Cls_scattered_01_wCont/Cls_scattered_01_wCont/OIII/Cl_684.npy,/path/to/Cls_scattered_01_wCont/Cls_scattered_01_wCont/Cont/Cl_684.npy,1.5840131434611977,0.34876895882189274
/path/to/Cls_scattered_01_wCont/Cls_scattered_01_wCont/Ha_OII_OIII_Cont/Cl_685.npy,/path/to/Cls_scattered_01_wCont/Cls_scattered_01_wCont/OII_all_cross/Cl_685.npy,/path/to/Cls_scattered_01_wCont/Cls_scattered_01_wCont/OIII_all_cross/Cl_685.npy,/path/to/Cls_scattered_01_wCont/Cls_scattered_01_wCont/OII_all_cross/Cl_685_1.npy,/path/to/Cls_scattered_01_wCont/Cls_scattered_01_wCont/OIII_all_cross/Cl_685_1.npy,/path/to/Cls_scattered_01_wCont/Cls_scattered_01_wCont/Shift7_all_cross/Cl_685.npy,/path/to/Cls_scattered_01_wCont/Cls_scattered_01_wCont/Ha/Cl_685.npy,/path/to/Cls_scattered_01_wCont/Cls_scattered_01_wCont/OII/Cl_685.npy,/path/to/Cls_scattered_01_wCont/Cls_scattered_01_wCont/OIII/Cl_685.npy,/path/to/Cls_scattered_01_wCont/Cls_scattered_01_wCont/Cont/Cl_685.npy,0.10948137035593392,1.6757918015122413
/path/to/Cls_scattered_01_wCont/Cls_scattered_01_wCont/Ha_OII_OIII_Cont/Cl_686.npy,/path/to/Cls_scattered_01_wCont/Cls_scattered_01_wCont/OII_all_cross/Cl_686.npy,/path/to/Cls_scattered_01_wCont/Cls_scattered_01_wCont/OIII_all_cross/Cl_686.npy,/path/to/Cls_scattered_01_wCont/Cls_scattered_01_wCont/OII_all_cross/Cl_686_1.npy,/path/to/Cls_scattered_01_wCont/Cls_scattered_01_wCont/OIII_all_cross/Cl_686_1.npy,/path/to/Cls_scattered_01_wCont/Cls_scattered_01_wCont/Shift7_all_cross/Cl_686.npy,/path/to/Cls_scattered_01_wCont/Cls_scattered_01_wCont/Ha/Cl_686.npy,/path/to/Cls_scattered_01_wCont/Cls_scattered_01_wCont/OII/Cl_686.npy,/path/to/Cls_scattered_01_wCont/Cls_scattered_01_wCont/OIII/Cl_686.npy,/path/to/Cls_scattered_01_wCont/Cls_scattered_01_wCont/Cont/Cl_686.npy,0.6818968825042248,0.8558289810083806
/path/to/Cls_scattered_01_wCont/Cls_scattered_01_wCont/Ha_OII_OIII_Cont/Cl_687.npy,/path/to/Cls_scattered_01_wCont/Cls_scattered_01_wCont/OII_all_cross/Cl_687.npy,/path/to/Cls_scattered_01_wCont/Cls_scattered_01_wCont/OIII_all_cross/Cl_687.npy,/path/to/Cls_scattered_01_wCont/Cls_scattered_01_wCont/OII_all_cross/Cl_687_1.npy,/path/to/Cls_scattered_01_wCont/Cls_scattered_01_wCont/OIII_all_cross/Cl_687_1.npy,/path/to/Cls_scattered_01_wCont/Cls_scattered_01_wCont/Shift7_all_cross/Cl_687.npy,/path/to/Cls_scattered_01_wCont/Cls_scattered_01_wCont/Ha/Cl_687.npy,/path/to/Cls_scattered_01_wCont/Cls_scattered_01_wCont/OII/Cl_687.npy,/path/to/Cls_scattered_01_wCont/Cls_scattered_01_wCont/OIII/Cl_687.npy,/path/to/Cls_scattered_01_wCont/Cls_scattered_01_wCont/Cont/Cl_687.npy,1.1155116070061923,1.1688371042720973
/path/to/Cls_scattered_01_wCont/Cls_scattered_01_wCont/Ha_OII_OIII_Cont/Cl_688.npy,/path/to/Cls_scattered_01_wCont/Cls_scattered_01_wCont/OII_all_cross/Cl_688.npy,/path/to/Cls_scattered_01_wCont/Cls_scattered_01_wCont/OIII_all_cross/Cl_688.npy,/path/to/Cls_scattered_01_wCont/Cls_scattered_01_wCont/OII_all_cross/Cl_688_1.npy,/path/to/Cls_scattered_01_wCont/Cls_scattered_01_wCont/OIII_all_cross/Cl_688_1.npy,/path/to/Cls_scattered_01_wCont/Cls_scattered_01_wCont/Shift7_all_cross/Cl_688.npy,/path/to/Cls_scattered_01_wCont/Cls_scattered_01_wCont/Ha/Cl_688.npy,/path/to/Cls_scattered_01_wCont/Cls_scattered_01_wCont/OII/Cl_688.npy,/path/to/Cls_scattered_01_wCont/Cls_scattered_01_wCont/OIII/Cl_688.npy,/path/to/Cls_scattered_01_wCont/Cls_scattered_01_wCont/Cont/Cl_688.npy,1.0930258156731725,0.8853381034918129
/path/to/Cls_scattered_01_wCont/Cls_scattered_01_wCont/Ha_OII_OIII_Cont/Cl_689.npy,/path/to/Cls_scattered_01_wCont/Cls_scattered_01_wCont/OII_all_cross/Cl_689.npy,/path/to/Cls_scattered_01_wCont/Cls_scattered_01_wCont/OIII_all_cross/Cl_689.npy,/path/to/Cls_scattered_01_wCont/Cls_scattered_01_wCont/OII_all_cross/Cl_689_1.npy,/path/to/Cls_scattered_01_wCont/Cls_scattered_01_wCont/OIII_all_cross/Cl_689_1.npy,/path/to/Cls_scattered_01_wCont/Cls_scattered_01_wCont/Shift7_all_cross/Cl_689.npy,/path/to/Cls_scattered_01_wCont/Cls_scattered_01_wCont/Ha/Cl_689.npy,/path/to/Cls_scattered_01_wCont/Cls_scattered_01_wCont/OII/Cl_689.npy,/path/to/Cls_scattered_01_wCont/Cls_scattered_01_wCont/OIII/Cl_689.npy,/path/to/Cls_scattered_01_wCont/Cls_scattered_01_wCont/Cont/Cl_689.npy,0.6007626956328749,1.2579835393466057
/path/to/Cls_scattered_01_wCont/Cls_scattered_01_wCont/Ha_OII_OIII_Cont/Cl_690.npy,/path/to/Cls_scattered_01_wCont/Cls_scattered_01_wCont/OII_all_cross/Cl_690.npy,/path/to/Cls_scattered_01_wCont/Cls_scattered_01_wCont/OIII_all_cross/Cl_690.npy,/path/to/Cls_scattered_01_wCont/Cls_scattered_01_wCont/OII_all_cross/Cl_690_1.npy,/path/to/Cls_scattered_01_wCont/Cls_scattered_01_wCont/OIII_all_cross/Cl_690_1.npy,/path/to/Cls_scattered_01_wCont/Cls_scattered_01_wCont/Shift7_all_cross/Cl_690.npy,/path/to/Cls_scattered_01_wCont/Cls_scattered_01_wCont/Ha/Cl_690.npy,/path/to/Cls_scattered_01_wCont/Cls_scattered_01_wCont/OII/Cl_690.npy,/path/to/Cls_scattered_01_wCont/Cls_scattered_01_wCont/OIII/Cl_690.npy,/path/to/Cls_scattered_01_wCont/Cls_scattered_01_wCont/Cont/Cl_690.npy,0.19163389774039388,0.4377629609778524
/path/to/Cls_scattered_01_wCont/Cls_scattered_01_wCont/Ha_OII_OIII_Cont/Cl_691.npy,/path/to/Cls_scattered_01_wCont/Cls_scattered_01_wCont/OII_all_cross/Cl_691.npy,/path/to/Cls_scattered_01_wCont/Cls_scattered_01_wCont/OIII_all_cross/Cl_691.npy,/path/to/Cls_scattered_01_wCont/Cls_scattered_01_wCont/OII_all_cross/Cl_691_1.npy,/path/to/Cls_scattered_01_wCont/Cls_scattered_01_wCont/OIII_all_cross/Cl_691_1.npy,/path/to/Cls_scattered_01_wCont/Cls_scattered_01_wCont/Shift7_all_cross/Cl_691.npy,/path/to/Cls_scattered_01_wCont/Cls_scattered_01_wCont/Ha/Cl_691.npy,/path/to/Cls_scattered_01_wCont/Cls_scattered_01_wCont/OII/Cl_691.npy,/path/to/Cls_scattered_01_wCont/Cls_scattered_01_wCont/OIII/Cl_691.npy,/path/to/Cls_scattered_01_wCont/Cls_scattered_01_wCont/Cont/Cl_691.npy,1.60606769034639,1.705671247653663
/path/to/Cls_scattered_01_wCont/Cls_scattered_01_wCont/Ha_OII_OIII_Cont/Cl_692.npy,/path/to/Cls_scattered_01_wCont/Cls_scattered_01_wCont/OII_all_cross/Cl_692.npy,/path/to/Cls_scattered_01_wCont/Cls_scattered_01_wCont/OIII_all_cross/Cl_692.npy,/path/to/Cls_scattered_01_wCont/Cls_scattered_01_wCont/OII_all_cross/Cl_692_1.npy,/path/to/Cls_scattered_01_wCont/Cls_scattered_01_wCont/OIII_all_cross/Cl_692_1.npy,/path/to/Cls_scattered_01_wCont/Cls_scattered_01_wCont/Shift7_all_cross/Cl_692.npy,/path/to/Cls_scattered_01_wCont/Cls_scattered_01_wCont/Ha/Cl_692.npy,/path/to/Cls_scattered_01_wCont/Cls_scattered_01_wCont/OII/Cl_692.npy,/path/to/Cls_scattered_01_wCont/Cls_scattered_01_wCont/OIII/Cl_692.npy,/path/to/Cls_scattered_01_wCont/Cls_scattered_01_wCont/Cont/Cl_692.npy,1.8213967643678188,0.12912298822775484
/path/to/Cls_scattered_01_wCont/Cls_scattered_01_wCont/Ha_OII_OIII_Cont/Cl_693.npy,/path/to/Cls_scattered_01_wCont/Cls_scattered_01_wCont/OII_all_cross/Cl_693.npy,/path/to/Cls_scattered_01_wCont/Cls_scattered_01_wCont/OIII_all_cross/Cl_693.npy,/path/to/Cls_scattered_01_wCont/Cls_scattered_01_wCont/OII_all_cross/Cl_693_1.npy,/path/to/Cls_scattered_01_wCont/Cls_scattered_01_wCont/OIII_all_cross/Cl_693_1.npy,/path/to/Cls_scattered_01_wCont/Cls_scattered_01_wCont/Shift7_all_cross/Cl_693.npy,/path/to/Cls_scattered_01_wCont/Cls_scattered_01_wCont/Ha/Cl_693.npy,/path/to/Cls_scattered_01_wCont/Cls_scattered_01_wCont/OII/Cl_693.npy,/path/to/Cls_scattered_01_wCont/Cls_scattered_01_wCont/OIII/Cl_693.npy,/path/to/Cls_scattered_01_wCont/Cls_scattered_01_wCont/Cont/Cl_693.npy,0.3475615281611681,1.9274339732713996
/path/to/Cls_scattered_01_wCont/Cls_scattered_01_wCont/Ha_OII_OIII_Cont/Cl_694.npy,/path/to/Cls_scattered_01_wCont/Cls_scattered_01_wCont/OII_all_cross/Cl_694.npy,/path/to/Cls_scattered_01_wCont/Cls_scattered_01_wCont/OIII_all_cross/Cl_694.npy,/path/to/Cls_scattered_01_wCont/Cls_scattered_01_wCont/OII_all_cross/Cl_694_1.npy,/path/to/Cls_scattered_01_wCont/Cls_scattered_01_wCont/OIII_all_cross/Cl_694_1.npy,/path/to/Cls_scattered_01_wCont/Cls_scattered_01_wCont/Shift7_all_cross/Cl_694.npy,/path/to/Cls_scattered_01_wCont/Cls_scattered_01_wCont/Ha/Cl_694.npy,/path/to/Cls_scattered_01_wCont/Cls_scattered_01_wCont/OII/Cl_694.npy,/path/to/Cls_scattered_01_wCont/Cls_scattered_01_wCont/OIII/Cl_694.npy,/path/to/Cls_scattered_01_wCont/Cls_scattered_01_wCont/Cont/Cl_694.npy,0.9199761095456779,0.6324817804619669
/path/to/Cls_scattered_01_wCont/Cls_scattered_01_wCont/Ha_OII_OIII_Cont/Cl_695.npy,/path/to/Cls_scattered_01_wCont/Cls_scattered_01_wCont/OII_all_cross/Cl_695.npy,/path/to/Cls_scattered_01_wCont/Cls_scattered_01_wCont/OIII_all_cross/Cl_695.npy,/path/to/Cls_scattered_01_wCont/Cls_scattered_01_wCont/OII_all_cross/Cl_695_1.npy,/path/to/Cls_scattered_01_wCont/Cls_scattered_01_wCont/OIII_all_cross/Cl_695_1.npy,/path/to/Cls_scattered_01_wCont/Cls_scattered_01_wCont/Shift7_all_cross/Cl_695.npy,/path/to/Cls_scattered_01_wCont/Cls_scattered_01_wCont/Ha/Cl_695.npy,/path/to/Cls_scattered_01_wCont/Cls_scattered_01_wCont/OII/Cl_695.npy,/path/to/Cls_scattered_01_wCont/Cls_scattered_01_wCont/OIII/Cl_695.npy,/path/to/Cls_scattered_01_wCont/Cls_scattered_01_wCont/Cont/Cl_695.npy,1.3528961091302336,1.4242017896845938
/path/to/Cls_scattered_01_wCont/Cls_scattered_01_wCont/Ha_OII_OIII_Cont/Cl_696.npy,/path/to/Cls_scattered_01_wCont/Cls_scattered_01_wCont/OII_all_cross/Cl_696.npy,/path/to/Cls_scattered_01_wCont/Cls_scattered_01_wCont/OIII_all_cross/Cl_696.npy,/path/to/Cls_scattered_01_wCont/Cls_scattered_01_wCont/OII_all_cross/Cl_696_1.npy,/path/to/Cls_scattered_01_wCont/Cls_scattered_01_wCont/OIII_all_cross/Cl_696_1.npy,/path/to/Cls_scattered_01_wCont/Cls_scattered_01_wCont/Shift7_all_cross/Cl_696.npy,/path/to/Cls_scattered_01_wCont/Cls_scattered_01_wCont/Ha/Cl_696.npy,/path/to/Cls_scattered_01_wCont/Cls_scattered_01_wCont/OII/Cl_696.npy,/path/to/Cls_scattered_01_wCont/Cls_scattered_01_wCont/OIII/Cl_696.npy,/path/to/Cls_scattered_01_wCont/Cls_scattered_01_wCont/Cont/Cl_696.npy,1.4662652345374227,0.4619476899504661
/path/to/Cls_scattered_01_wCont/Cls_scattered_01_wCont/Ha_OII_OIII_Cont/Cl_697.npy,/path/to/Cls_scattered_01_wCont/Cls_scattered_01_wCont/OII_all_cross/Cl_697.npy,/path/to/Cls_scattered_01_wCont/Cls_scattered_01_wCont/OIII_all_cross/Cl_697.npy,/path/to/Cls_scattered_01_wCont/Cls_scattered_01_wCont/OII_all_cross/Cl_697_1.npy,/path/to/Cls_scattered_01_wCont/Cls_scattered_01_wCont/OIII_all_cross/Cl_697_1.npy,/path/to/Cls_scattered_01_wCont/Cls_scattered_01_wCont/Shift7_all_cross/Cl_697.npy,/path/to/Cls_scattered_01_wCont/Cls_scattered_01_wCont/Ha/Cl_697.npy,/path/to/Cls_scattered_01_wCont/Cls_scattered_01_wCont/OII/Cl_697.npy,/path/to/Cls_scattered_01_wCont/Cls_scattered_01_wCont/OIII/Cl_697.npy,/path/to/Cls_scattered_01_wCont/Cls_scattered_01_wCont/Cont/Cl_697.npy,1.0398701226338745,1.562602424994111
/path/to/Cls_scattered_01_wCont/Cls_scattered_01_wCont/Ha_OII_OIII_Cont/Cl_698.npy,/path/to/Cls_scattered_01_wCont/Cls_scattered_01_wCont/OII_all_cross/Cl_698.npy,/path/to/Cls_scattered_01_wCont/Cls_scattered_01_wCont/OIII_all_cross/Cl_698.npy,/path/to/Cls_scattered_01_wCont/Cls_scattered_01_wCont/OII_all_cross/Cl_698_1.npy,/path/to/Cls_scattered_01_wCont/Cls_scattered_01_wCont/OIII_all_cross/Cl_698_1.npy,/path/to/Cls_scattered_01_wCont/Cls_scattered_01_wCont/Shift7_all_cross/Cl_698.npy,/path/to/Cls_scattered_01_wCont/Cls_scattered_01_wCont/Ha/Cl_698.npy,/path/to/Cls_scattered_01_wCont/Cls_scattered_01_wCont/OII/Cl_698.npy,/path/to/Cls_scattered_01_wCont/Cls_scattered_01_wCont/OIII/Cl_698.npy,/path/to/Cls_scattered_01_wCont/Cls_scattered_01_wCont/Cont/Cl_698.npy,0.4674614337272942,0.965306485723704
/path/to/Cls_scattered_01_wCont/Cls_scattered_01_wCont/Ha_OII_OIII_Cont/Cl_699.npy,/path/to/Cls_scattered_01_wCont/Cls_scattered_01_wCont/OII_all_cross/Cl_699.npy,/path/to/Cls_scattered_01_wCont/Cls_scattered_01_wCont/OIII_all_cross/Cl_699.npy,/path/to/Cls_scattered_01_wCont/Cls_scattered_01_wCont/OII_all_cross/Cl_699_1.npy,/path/to/Cls_scattered_01_wCont/Cls_scattered_01_wCont/OIII_all_cross/Cl_699_1.npy,/path/to/Cls_scattered_01_wCont/Cls_scattered_01_wCont/Shift7_all_cross/Cl_699.npy,/path/to/Cls_scattered_01_wCont/Cls_scattered_01_wCont/Ha/Cl_699.npy,/path/to/Cls_scattered_01_wCont/Cls_scattered_01_wCont/OII/Cl_699.npy,/path/to/Cls_scattered_01_wCont/Cls_scattered_01_wCont/OIII/Cl_699.npy,/path/to/Cls_scattered_01_wCont/Cls_scattered_01_wCont/Cont/Cl_699.npy,1.93477540621534,1.0593702449463307
/path/to/Cls_scattered_01_wCont/Cls_scattered_01_wCont/Ha_OII_OIII_Cont/Cl_700.npy,/path/to/Cls_scattered_01_wCont/Cls_scattered_01_wCont/OII_all_cross/Cl_700.npy,/path/to/Cls_scattered_01_wCont/Cls_scattered_01_wCont/OIII_all_cross/Cl_700.npy,/path/to/Cls_scattered_01_wCont/Cls_scattered_01_wCont/OII_all_cross/Cl_700_1.npy,/path/to/Cls_scattered_01_wCont/Cls_scattered_01_wCont/OIII_all_cross/Cl_700_1.npy,/path/to/Cls_scattered_01_wCont/Cls_scattered_01_wCont/Shift7_all_cross/Cl_700.npy,/path/to/Cls_scattered_01_wCont/Cls_scattered_01_wCont/Ha/Cl_700.npy,/path/to/Cls_scattered_01_wCont/Cls_scattered_01_wCont/OII/Cl_700.npy,/path/to/Cls_scattered_01_wCont/Cls_scattered_01_wCont/OIII/Cl_700.npy,/path/to/Cls_scattered_01_wCont/Cls_scattered_01_wCont/Cont/Cl_700.npy,1.7195205561816693,0.7751696411520242
/path/to/Cls_scattered_01_wCont/Cls_scattered_01_wCont/Ha_OII_OIII_Cont/Cl_701.npy,/path/to/Cls_scattered_01_wCont/Cls_scattered_01_wCont/OII_all_cross/Cl_701.npy,/path/to/Cls_scattered_01_wCont/Cls_scattered_01_wCont/OIII_all_cross/Cl_701.npy,/path/to/Cls_scattered_01_wCont/Cls_scattered_01_wCont/OII_all_cross/Cl_701_1.npy,/path/to/Cls_scattered_01_wCont/Cls_scattered_01_wCont/OIII_all_cross/Cl_701_1.npy,/path/to/Cls_scattered_01_wCont/Cls_scattered_01_wCont/Shift7_all_cross/Cl_701.npy,/path/to/Cls_scattered_01_wCont/Cls_scattered_01_wCont/Ha/Cl_701.npy,/path/to/Cls_scattered_01_wCont/Cls_scattered_01_wCont/OII/Cl_701.npy,/path/to/Cls_scattered_01_wCont/Cls_scattered_01_wCont/OIII/Cl_701.npy,/path/to/Cls_scattered_01_wCont/Cls_scattered_01_wCont/Cont/Cl_701.npy,0.31155378110706805,1.4001588270068168
/path/to/Cls_scattered_01_wCont/Cls_scattered_01_wCont/Ha_OII_OIII_Cont/Cl_702.npy,/path/to/Cls_scattered_01_wCont/Cls_scattered_01_wCont/OII_all_cross/Cl_702.npy,/path/to/Cls_scattered_01_wCont/Cls_scattered_01_wCont/OIII_all_cross/Cl_702.npy,/path/to/Cls_scattered_01_wCont/Cls_scattered_01_wCont/OII_all_cross/Cl_702_1.npy,/path/to/Cls_scattered_01_wCont/Cls_scattered_01_wCont/OIII_all_cross/Cl_702_1.npy,/path/to/Cls_scattered_01_wCont/Cls_scattered_01_wCont/Shift7_all_cross/Cl_702.npy,/path/to/Cls_scattered_01_wCont/Cls_scattered_01_wCont/Ha/Cl_702.npy,/path/to/Cls_scattered_01_wCont/Cls_scattered_01_wCont/OII/Cl_702.npy,/path/to/Cls_scattered_01_wCont/Cls_scattered_01_wCont/OIII/Cl_702.npy,/path/to/Cls_scattered_01_wCont/Cls_scattered_01_wCont/Cont/Cl_702.npy,0.7206875654868781,0.3275945021770894
/path/to/Cls_scattered_01_wCont/Cls_scattered_01_wCont/Ha_OII_OIII_Cont/Cl_703.npy,/path/to/Cls_scattered_01_wCont/Cls_scattered_01_wCont/OII_all_cross/Cl_703.npy,/path/to/Cls_scattered_01_wCont/Cls_scattered_01_wCont/OIII_all_cross/Cl_703.npy,/path/to/Cls_scattered_01_wCont/Cls_scattered_01_wCont/OII_all_cross/Cl_703_1.npy,/path/to/Cls_scattered_01_wCont/Cls_scattered_01_wCont/OIII_all_cross/Cl_703_1.npy,/path/to/Cls_scattered_01_wCont/Cls_scattered_01_wCont/Shift7_all_cross/Cl_703.npy,/path/to/Cls_scattered_01_wCont/Cls_scattered_01_wCont/Ha/Cl_703.npy,/path/to/Cls_scattered_01_wCont/Cls_scattered_01_wCont/OII/Cl_703.npy,/path/to/Cls_scattered_01_wCont/Cls_scattered_01_wCont/OIII/Cl_703.npy,/path/to/Cls_scattered_01_wCont/Cls_scattered_01_wCont/Cont/Cl_703.npy,1.206487291958183,1.8478465388529002
/path/to/Cls_scattered_01_wCont/Cls_scattered_01_wCont/Ha_OII_OIII_Cont/Cl_704.npy,/path/to/Cls_scattered_01_wCont/Cls_scattered_01_wCont/OII_all_cross/Cl_704.npy,/path/to/Cls_scattered_01_wCont/Cls_scattered_01_wCont/OIII_all_cross/Cl_704.npy,/path/to/Cls_scattered_01_wCont/Cls_scattered_01_wCont/OII_all_cross/Cl_704_1.npy,/path/to/Cls_scattered_01_wCont/Cls_scattered_01_wCont/OIII_all_cross/Cl_704_1.npy,/path/to/Cls_scattered_01_wCont/Cls_scattered_01_wCont/Shift7_all_cross/Cl_704.npy,/path/to/Cls_scattered_01_wCont/Cls_scattered_01_wCont/Ha/Cl_704.npy,/path/to/Cls_scattered_01_wCont/Cls_scattered_01_wCont/OII/Cl_704.npy,/path/to/Cls_scattered_01_wCont/Cls_scattered_01_wCont/OIII/Cl_704.npy,/path/to/Cls_scattered_01_wCont/Cls_scattered_01_wCont/Cont/Cl_704.npy,1.2264865620061756,0.5725412423722446
/path/to/Cls_scattered_01_wCont/Cls_scattered_01_wCont/Ha_OII_OIII_Cont/Cl_705.npy,/path/to/Cls_scattered_01_wCont/Cls_scattered_01_wCont/OII_all_cross/Cl_705.npy,/path/to/Cls_scattered_01_wCont/Cls_scattered_01_wCont/OIII_all_cross/Cl_705.npy,/path/to/Cls_scattered_01_wCont/Cls_scattered_01_wCont/OII_all_cross/Cl_705_1.npy,/path/to/Cls_scattered_01_wCont/Cls_scattered_01_wCont/OIII_all_cross/Cl_705_1.npy,/path/to/Cls_scattered_01_wCont/Cls_scattered_01_wCont/Shift7_all_cross/Cl_705.npy,/path/to/Cls_scattered_01_wCont/Cls_scattered_01_wCont/Ha/Cl_705.npy,/path/to/Cls_scattered_01_wCont/Cls_scattered_01_wCont/OII/Cl_705.npy,/path/to/Cls_scattered_01_wCont/Cls_scattered_01_wCont/OIII/Cl_705.npy,/path/to/Cls_scattered_01_wCont/Cls_scattered_01_wCont/Cont/Cl_705.npy,0.7045332381501793,1.6028923242352904
/path/to/Cls_scattered_01_wCont/Cls_scattered_01_wCont/Ha_OII_OIII_Cont/Cl_706.npy,/path/to/Cls_scattered_01_wCont/Cls_scattered_01_wCont/OII_all_cross/Cl_706.npy,/path/to/Cls_scattered_01_wCont/Cls_scattered_01_wCont/OIII_all_cross/Cl_706.npy,/path/to/Cls_scattered_01_wCont/Cls_scattered_01_wCont/OII_all_cross/Cl_706_1.npy,/path/to/Cls_scattered_01_wCont/Cls_scattered_01_wCont/OIII_all_cross/Cl_706_1.npy,/path/to/Cls_scattered_01_wCont/Cls_scattered_01_wCont/Shift7_all_cross/Cl_706.npy,/path/to/Cls_scattered_01_wCont/Cls_scattered_01_wCont/Ha/Cl_706.npy,/path/to/Cls_scattered_01_wCont/Cls_scattered_01_wCont/OII/Cl_706.npy,/path/to/Cls_scattered_01_wCont/Cls_scattered_01_wCont/OIII/Cl_706.npy,/path/to/Cls_scattered_01_wCont/Cls_scattered_01_wCont/Cont/Cl_706.npy,0.32508782083168625,1.020110124349594
/path/to/Cls_scattered_01_wCont/Cls_scattered_01_wCont/Ha_OII_OIII_Cont/Cl_707.npy,/path/to/Cls_scattered_01_wCont/Cls_scattered_01_wCont/OII_all_cross/Cl_707.npy,/path/to/Cls_scattered_01_wCont/Cls_scattered_01_wCont/OIII_all_cross/Cl_707.npy,/path/to/Cls_scattered_01_wCont/Cls_scattered_01_wCont/OII_all_cross/Cl_707_1.npy,/path/to/Cls_scattered_01_wCont/Cls_scattered_01_wCont/OIII_all_cross/Cl_707_1.npy,/path/to/Cls_scattered_01_wCont/Cls_scattered_01_wCont/Shift7_all_cross/Cl_707.npy,/path/to/Cls_scattered_01_wCont/Cls_scattered_01_wCont/Ha/Cl_707.npy,/path/to/Cls_scattered_01_wCont/Cls_scattered_01_wCont/OII/Cl_707.npy,/path/to/Cls_scattered_01_wCont/Cls_scattered_01_wCont/OIII/Cl_707.npy,/path/to/Cls_scattered_01_wCont/Cls_scattered_01_wCont/Cont/Cl_707.npy,1.7098314096219838,1.1551968265324832
/path/to/Cls_scattered_01_wCont/Cls_scattered_01_wCont/Ha_OII_OIII_Cont/Cl_708.npy,/path/to/Cls_scattered_01_wCont/Cls_scattered_01_wCont/OII_all_cross/Cl_708.npy,/path/to/Cls_scattered_01_wCont/Cls_scattered_01_wCont/OIII_all_cross/Cl_708.npy,/path/to/Cls_scattered_01_wCont/Cls_scattered_01_wCont/OII_all_cross/Cl_708_1.npy,/path/to/Cls_scattered_01_wCont/Cls_scattered_01_wCont/OIII_all_cross/Cl_708_1.npy,/path/to/Cls_scattered_01_wCont/Cls_scattered_01_wCont/Shift7_all_cross/Cl_708.npy,/path/to/Cls_scattered_01_wCont/Cls_scattered_01_wCont/Ha/Cl_708.npy,/path/to/Cls_scattered_01_wCont/Cls_scattered_01_wCont/OII/Cl_708.npy,/path/to/Cls_scattered_01_wCont/Cls_scattered_01_wCont/OIII/Cl_708.npy,/path/to/Cls_scattered_01_wCont/Cls_scattered_01_wCont/Cont/Cl_708.npy,1.9249966125935316,0.7352614789269865
/path/to/Cls_scattered_01_wCont/Cls_scattered_01_wCont/Ha_OII_OIII_Cont/Cl_709.npy,/path/to/Cls_scattered_01_wCont/Cls_scattered_01_wCont/OII_all_cross/Cl_709.npy,/path/to/Cls_scattered_01_wCont/Cls_scattered_01_wCont/OIII_all_cross/Cl_709.npy,/path/to/Cls_scattered_01_wCont/Cls_scattered_01_wCont/OII_all_cross/Cl_709_1.npy,/path/to/Cls_scattered_01_wCont/Cls_scattered_01_wCont/OIII_all_cross/Cl_709_1.npy,/path/to/Cls_scattered_01_wCont/Cls_scattered_01_wCont/Shift7_all_cross/Cl_709.npy,/path/to/Cls_scattered_01_wCont/Cls_scattered_01_wCont/Ha/Cl_709.npy,/path/to/Cls_scattered_01_wCont/Cls_scattered_01_wCont/OII/Cl_709.npy,/path/to/Cls_scattered_01_wCont/Cls_scattered_01_wCont/OIII/Cl_709.npy,/path/to/Cls_scattered_01_wCont/Cls_scattered_01_wCont/Cont/Cl_709.npy,0.480846144258976,1.2894227261655034
/path/to/Cls_scattered_01_wCont/Cls_scattered_01_wCont/Ha_OII_OIII_Cont/Cl_710.npy,/path/to/Cls_scattered_01_wCont/Cls_scattered_01_wCont/OII_all_cross/Cl_710.npy,/path/to/Cls_scattered_01_wCont/Cls_scattered_01_wCont/OIII_all_cross/Cl_710.npy,/path/to/Cls_scattered_01_wCont/Cls_scattered_01_wCont/OII_all_cross/Cl_710_1.npy,/path/to/Cls_scattered_01_wCont/Cls_scattered_01_wCont/OIII_all_cross/Cl_710_1.npy,/path/to/Cls_scattered_01_wCont/Cls_scattered_01_wCont/Shift7_all_cross/Cl_710.npy,/path/to/Cls_scattered_01_wCont/Cls_scattered_01_wCont/Ha/Cl_710.npy,/path/to/Cls_scattered_01_wCont/Cls_scattered_01_wCont/OII/Cl_710.npy,/path/to/Cls_scattered_01_wCont/Cls_scattered_01_wCont/OIII/Cl_710.npy,/path/to/Cls_scattered_01_wCont/Cls_scattered_01_wCont/Cont/Cl_710.npy,1.023568285163492,0.23190894015133381
/path/to/Cls_scattered_01_wCont/Cls_scattered_01_wCont/Ha_OII_OIII_Cont/Cl_711.npy,/path/to/Cls_scattered_01_wCont/Cls_scattered_01_wCont/OII_all_cross/Cl_711.npy,/path/to/Cls_scattered_01_wCont/Cls_scattered_01_wCont/OIII_all_cross/Cl_711.npy,/path/to/Cls_scattered_01_wCont/Cls_scattered_01_wCont/OII_all_cross/Cl_711_1.npy,/path/to/Cls_scattered_01_wCont/Cls_scattered_01_wCont/OIII_all_cross/Cl_711_1.npy,/path/to/Cls_scattered_01_wCont/Cls_scattered_01_wCont/Shift7_all_cross/Cl_711.npy,/path/to/Cls_scattered_01_wCont/Cls_scattered_01_wCont/Ha/Cl_711.npy,/path/to/Cls_scattered_01_wCont/Cls_scattered_01_wCont/OII/Cl_711.npy,/path/to/Cls_scattered_01_wCont/Cls_scattered_01_wCont/OIII/Cl_711.npy,/path/to/Cls_scattered_01_wCont/Cls_scattered_01_wCont/Cont/Cl_711.npy,1.4861730526201427,1.7926626920700073
/path/to/Cls_scattered_01_wCont/Cls_scattered_01_wCont/Ha_OII_OIII_Cont/Cl_712.npy,/path/to/Cls_scattered_01_wCont/Cls_scattered_01_wCont/OII_all_cross/Cl_712.npy,/path/to/Cls_scattered_01_wCont/Cls_scattered_01_wCont/OIII_all_cross/Cl_712.npy,/path/to/Cls_scattered_01_wCont/Cls_scattered_01_wCont/OII_all_cross/Cl_712_1.npy,/path/to/Cls_scattered_01_wCont/Cls_scattered_01_wCont/OIII_all_cross/Cl_712_1.npy,/path/to/Cls_scattered_01_wCont/Cls_scattered_01_wCont/Shift7_all_cross/Cl_712.npy,/path/to/Cls_scattered_01_wCont/Cls_scattered_01_wCont/Ha/Cl_712.npy,/path/to/Cls_scattered_01_wCont/Cls_scattered_01_wCont/OII/Cl_712.npy,/path/to/Cls_scattered_01_wCont/Cls_scattered_01_wCont/OIII/Cl_712.npy,/path/to/Cls_scattered_01_wCont/Cls_scattered_01_wCont/Cont/Cl_712.npy,1.3625735415145754,0.8625930236652493
/path/to/Cls_scattered_01_wCont/Cls_scattered_01_wCont/Ha_OII_OIII_Cont/Cl_713.npy,/path/to/Cls_scattered_01_wCont/Cls_scattered_01_wCont/OII_all_cross/Cl_713.npy,/path/to/Cls_scattered_01_wCont/Cls_scattered_01_wCont/OIII_all_cross/Cl_713.npy,/path/to/Cls_scattered_01_wCont/Cls_scattered_01_wCont/OII_all_cross/Cl_713_1.npy,/path/to/Cls_scattered_01_wCont/Cls_scattered_01_wCont/OIII_all_cross/Cl_713_1.npy,/path/to/Cls_scattered_01_wCont/Cls_scattered_01_wCont/Shift7_all_cross/Cl_713.npy,/path/to/Cls_scattered_01_wCont/Cls_scattered_01_wCont/Ha/Cl_713.npy,/path/to/Cls_scattered_01_wCont/Cls_scattered_01_wCont/OII/Cl_713.npy,/path/to/Cls_scattered_01_wCont/Cls_scattered_01_wCont/OIII/Cl_713.npy,/path/to/Cls_scattered_01_wCont/Cls_scattered_01_wCont/Cont/Cl_713.npy,0.9064900377765297,1.1940980209037662
/path/to/Cls_scattered_01_wCont/Cls_scattered_01_wCont/Ha_OII_OIII_Cont/Cl_714.npy,/path/to/Cls_scattered_01_wCont/Cls_scattered_01_wCont/OII_all_cross/Cl_714.npy,/path/to/Cls_scattered_01_wCont/Cls_scattered_01_wCont/OIII_all_cross/Cl_714.npy,/path/to/Cls_scattered_01_wCont/Cls_scattered_01_wCont/OII_all_cross/Cl_714_1.npy,/path/to/Cls_scattered_01_wCont/Cls_scattered_01_wCont/OIII_all_cross/Cl_714_1.npy,/path/to/Cls_scattered_01_wCont/Cls_scattered_01_wCont/Shift7_all_cross/Cl_714.npy,/path/to/Cls_scattered_01_wCont/Cls_scattered_01_wCont/Ha/Cl_714.npy,/path/to/Cls_scattered_01_wCont/Cls_scattered_01_wCont/OII/Cl_714.npy,/path/to/Cls_scattered_01_wCont/Cls_scattered_01_wCont/OIII/Cl_714.npy,/path/to/Cls_scattered_01_wCont/Cls_scattered_01_wCont/Cont/Cl_714.npy,0.3637620114721358,0.35924048842862244
/path/to/Cls_scattered_01_wCont/Cls_scattered_01_wCont/Ha_OII_OIII_Cont/Cl_715.npy,/path/to/Cls_scattered_01_wCont/Cls_scattered_01_wCont/OII_all_cross/Cl_715.npy,/path/to/Cls_scattered_01_wCont/Cls_scattered_01_wCont/OIII_all_cross/Cl_715.npy,/path/to/Cls_scattered_01_wCont/Cls_scattered_01_wCont/OII_all_cross/Cl_715_1.npy,/path/to/Cls_scattered_01_wCont/Cls_scattered_01_wCont/OIII_all_cross/Cl_715_1.npy,/path/to/Cls_scattered_01_wCont/Cls_scattered_01_wCont/Shift7_all_cross/Cl_715.npy,/path/to/Cls_scattered_01_wCont/Cls_scattered_01_wCont/Ha/Cl_715.npy,/path/to/Cls_scattered_01_wCont/Cls_scattered_01_wCont/OII/Cl_715.npy,/path/to/Cls_scattered_01_wCont/Cls_scattered_01_wCont/OIII/Cl_715.npy,/path/to/Cls_scattered_01_wCont/Cls_scattered_01_wCont/Cont/Cl_715.npy,1.8013875921256841,1.697337990347296
/path/to/Cls_scattered_01_wCont/Cls_scattered_01_wCont/Ha_OII_OIII_Cont/Cl_716.npy,/path/to/Cls_scattered_01_wCont/Cls_scattered_01_wCont/OII_all_cross/Cl_716.npy,/path/to/Cls_scattered_01_wCont/Cls_scattered_01_wCont/OIII_all_cross/Cl_716.npy,/path/to/Cls_scattered_01_wCont/Cls_scattered_01_wCont/OII_all_cross/Cl_716_1.npy,/path/to/Cls_scattered_01_wCont/Cls_scattered_01_wCont/OIII_all_cross/Cl_716_1.npy,/path/to/Cls_scattered_01_wCont/Cls_scattered_01_wCont/Shift7_all_cross/Cl_716.npy,/path/to/Cls_scattered_01_wCont/Cls_scattered_01_wCont/Ha/Cl_716.npy,/path/to/Cls_scattered_01_wCont/Cls_scattered_01_wCont/OII/Cl_716.npy,/path/to/Cls_scattered_01_wCont/Cls_scattered_01_wCont/OIII/Cl_716.npy,/path/to/Cls_scattered_01_wCont/Cls_scattered_01_wCont/Cont/Cl_716.npy,1.5861987661570311,0.19286595117300748
/path/to/Cls_scattered_01_wCont/Cls_scattered_01_wCont/Ha_OII_OIII_Cont/Cl_717.npy,/path/to/Cls_scattered_01_wCont/Cls_scattered_01_wCont/OII_all_cross/Cl_717.npy,/path/to/Cls_scattered_01_wCont/Cls_scattered_01_wCont/OIII_all_cross/Cl_717.npy,/path/to/Cls_scattered_01_wCont/Cls_scattered_01_wCont/OII_all_cross/Cl_717_1.npy,/path/to/Cls_scattered_01_wCont/Cls_scattered_01_wCont/OIII_all_cross/Cl_717_1.npy,/path/to/Cls_scattered_01_wCont/Cls_scattered_01_wCont/Shift7_all_cross/Cl_717.npy,/path/to/Cls_scattered_01_wCont/Cls_scattered_01_wCont/Ha/Cl_717.npy,/path/to/Cls_scattered_01_wCont/Cls_scattered_01_wCont/OII/Cl_717.npy,/path/to/Cls_scattered_01_wCont/Cls_scattered_01_wCont/OIII/Cl_717.npy,/path/to/Cls_scattered_01_wCont/Cls_scattered_01_wCont/Cont/Cl_717.npy,0.20791857093572616,1.9505607830360532
/path/to/Cls_scattered_01_wCont/Cls_scattered_01_wCont/Ha_OII_OIII_Cont/Cl_718.npy,/path/to/Cls_scattered_01_wCont/Cls_scattered_01_wCont/OII_all_cross/Cl_718.npy,/path/to/Cls_scattered_01_wCont/Cls_scattered_01_wCont/OIII_all_cross/Cl_718.npy,/path/to/Cls_scattered_01_wCont/Cls_scattered_01_wCont/OII_all_cross/Cl_718_1.npy,/path/to/Cls_scattered_01_wCont/Cls_scattered_01_wCont/OIII_all_cross/Cl_718_1.npy,/path/to/Cls_scattered_01_wCont/Cls_scattered_01_wCont/Shift7_all_cross/Cl_718.npy,/path/to/Cls_scattered_01_wCont/Cls_scattered_01_wCont/Ha/Cl_718.npy,/path/to/Cls_scattered_01_wCont/Cls_scattered_01_wCont/OII/Cl_718.npy,/path/to/Cls_scattered_01_wCont/Cls_scattered_01_wCont/OIII/Cl_718.npy,/path/to/Cls_scattered_01_wCont/Cls_scattered_01_wCont/Cont/Cl_718.npy,0.5873590088449419,0.6404348366893827
/path/to/Cls_scattered_01_wCont/Cls_scattered_01_wCont/Ha_OII_OIII_Cont/Cl_719.npy,/path/to/Cls_scattered_01_wCont/Cls_scattered_01_wCont/OII_all_cross/Cl_719.npy,/path/to/Cls_scattered_01_wCont/Cls_scattered_01_wCont/OIII_all_cross/Cl_719.npy,/path/to/Cls_scattered_01_wCont/Cls_scattered_01_wCont/OII_all_cross/Cl_719_1.npy,/path/to/Cls_scattered_01_wCont/Cls_scattered_01_wCont/OIII_all_cross/Cl_719_1.npy,/path/to/Cls_scattered_01_wCont/Cls_scattered_01_wCont/Shift7_all_cross/Cl_719.npy,/path/to/Cls_scattered_01_wCont/Cls_scattered_01_wCont/Ha/Cl_719.npy,/path/to/Cls_scattered_01_wCont/Cls_scattered_01_wCont/OII/Cl_719.npy,/path/to/Cls_scattered_01_wCont/Cls_scattered_01_wCont/OIII/Cl_719.npy,/path/to/Cls_scattered_01_wCont/Cls_scattered_01_wCont/Cont/Cl_719.npy,1.102845315169543,1.5028652888722718
/path/to/Cls_scattered_01_wCont/Cls_scattered_01_wCont/Ha_OII_OIII_Cont/Cl_720.npy,/path/to/Cls_scattered_01_wCont/Cls_scattered_01_wCont/OII_all_cross/Cl_720.npy,/path/to/Cls_scattered_01_wCont/Cls_scattered_01_wCont/OIII_all_cross/Cl_720.npy,/path/to/Cls_scattered_01_wCont/Cls_scattered_01_wCont/OII_all_cross/Cl_720_1.npy,/path/to/Cls_scattered_01_wCont/Cls_scattered_01_wCont/OIII_all_cross/Cl_720_1.npy,/path/to/Cls_scattered_01_wCont/Cls_scattered_01_wCont/Shift7_all_cross/Cl_720.npy,/path/to/Cls_scattered_01_wCont/Cls_scattered_01_wCont/Ha/Cl_720.npy,/path/to/Cls_scattered_01_wCont/Cls_scattered_01_wCont/OII/Cl_720.npy,/path/to/Cls_scattered_01_wCont/Cls_scattered_01_wCont/OIII/Cl_720.npy,/path/to/Cls_scattered_01_wCont/Cls_scattered_01_wCont/Cont/Cl_720.npy,1.1242620163597168,0.61094635380432
/path/to/Cls_scattered_01_wCont/Cls_scattered_01_wCont/Ha_OII_OIII_Cont/Cl_721.npy,/path/to/Cls_scattered_01_wCont/Cls_scattered_01_wCont/OII_all_cross/Cl_721.npy,/path/to/Cls_scattered_01_wCont/Cls_scattered_01_wCont/OIII_all_cross/Cl_721.npy,/path/to/Cls_scattered_01_wCont/Cls_scattered_01_wCont/OII_all_cross/Cl_721_1.npy,/path/to/Cls_scattered_01_wCont/Cls_scattered_01_wCont/OIII_all_cross/Cl_721_1.npy,/path/to/Cls_scattered_01_wCont/Cls_scattered_01_wCont/Shift7_all_cross/Cl_721.npy,/path/to/Cls_scattered_01_wCont/Cls_scattered_01_wCont/Ha/Cl_721.npy,/path/to/Cls_scattered_01_wCont/Cls_scattered_01_wCont/OII/Cl_721.npy,/path/to/Cls_scattered_01_wCont/Cls_scattered_01_wCont/OIII/Cl_721.npy,/path/to/Cls_scattered_01_wCont/Cls_scattered_01_wCont/Cont/Cl_721.npy,0.669337557721883,1.413741248752922
/path/to/Cls_scattered_01_wCont/Cls_scattered_01_wCont/Ha_OII_OIII_Cont/Cl_722.npy,/path/to/Cls_scattered_01_wCont/Cls_scattered_01_wCont/OII_all_cross/Cl_722.npy,/path/to/Cls_scattered_01_wCont/Cls_scattered_01_wCont/OIII_all_cross/Cl_722.npy,/path/to/Cls_scattered_01_wCont/Cls_scattered_01_wCont/OII_all_cross/Cl_722_1.npy,/path/to/Cls_scattered_01_wCont/Cls_scattered_01_wCont/OIII_all_cross/Cl_722_1.npy,/path/to/Cls_scattered_01_wCont/Cls_scattered_01_wCont/Shift7_all_cross/Cl_722.npy,/path/to/Cls_scattered_01_wCont/Cls_scattered_01_wCont/Ha/Cl_722.npy,/path/to/Cls_scattered_01_wCont/Cls_scattered_01_wCont/OII/Cl_722.npy,/path/to/Cls_scattered_01_wCont/Cls_scattered_01_wCont/OIII/Cl_722.npy,/path/to/Cls_scattered_01_wCont/Cls_scattered_01_wCont/Cont/Cl_722.npy,0.12661046218127012,0.10388030111789703
/path/to/Cls_scattered_01_wCont/Cls_scattered_01_wCont/Ha_OII_OIII_Cont/Cl_723.npy,/path/to/Cls_scattered_01_wCont/Cls_scattered_01_wCont/OII_all_cross/Cl_723.npy,/path/to/Cls_scattered_01_wCont/Cls_scattered_01_wCont/OIII_all_cross/Cl_723.npy,/path/to/Cls_scattered_01_wCont/Cls_scattered_01_wCont/OII_all_cross/Cl_723_1.npy,/path/to/Cls_scattered_01_wCont/Cls_scattered_01_wCont/OIII_all_cross/Cl_723_1.npy,/path/to/Cls_scattered_01_wCont/Cls_scattered_01_wCont/Shift7_all_cross/Cl_723.npy,/path/to/Cls_scattered_01_wCont/Cls_scattered_01_wCont/Ha/Cl_723.npy,/path/to/Cls_scattered_01_wCont/Cls_scattered_01_wCont/OII/Cl_723.npy,/path/to/Cls_scattered_01_wCont/Cls_scattered_01_wCont/OIII/Cl_723.npy,/path/to/Cls_scattered_01_wCont/Cls_scattered_01_wCont/Cont/Cl_723.npy,1.563075185753405,1.920687933638692
/path/to/Cls_scattered_01_wCont/Cls_scattered_01_wCont/Ha_OII_OIII_Cont/Cl_724.npy,/path/to/Cls_scattered_01_wCont/Cls_scattered_01_wCont/OII_all_cross/Cl_724.npy,/path/to/Cls_scattered_01_wCont/Cls_scattered_01_wCont/OIII_all_cross/Cl_724.npy,/path/to/Cls_scattered_01_wCont/Cls_scattered_01_wCont/OII_all_cross/Cl_724_1.npy,/path/to/Cls_scattered_01_wCont/Cls_scattered_01_wCont/OIII_all_cross/Cl_724_1.npy,/path/to/Cls_scattered_01_wCont/Cls_scattered_01_wCont/Shift7_all_cross/Cl_724.npy,/path/to/Cls_scattered_01_wCont/Cls_scattered_01_wCont/Ha/Cl_724.npy,/path/to/Cls_scattered_01_wCont/Cls_scattered_01_wCont/OII/Cl_724.npy,/path/to/Cls_scattered_01_wCont/Cls_scattered_01_wCont/OIII/Cl_724.npy,/path/to/Cls_scattered_01_wCont/Cls_scattered_01_wCont/Cont/Cl_724.npy,1.8228876656852662,0.44821993103250857
/path/to/Cls_scattered_01_wCont/Cls_scattered_01_wCont/Ha_OII_OIII_Cont/Cl_725.npy,/path/to/Cls_scattered_01_wCont/Cls_scattered_01_wCont/OII_all_cross/Cl_725.npy,/path/to/Cls_scattered_01_wCont/Cls_scattered_01_wCont/OIII_all_cross/Cl_725.npy,/path/to/Cls_scattered_01_wCont/Cls_scattered_01_wCont/OII_all_cross/Cl_725_1.npy,/path/to/Cls_scattered_01_wCont/Cls_scattered_01_wCont/OIII_all_cross/Cl_725_1.npy,/path/to/Cls_scattered_01_wCont/Cls_scattered_01_wCont/Shift7_all_cross/Cl_725.npy,/path/to/Cls_scattered_01_wCont/Cls_scattered_01_wCont/Ha/Cl_725.npy,/path/to/Cls_scattered_01_wCont/Cls_scattered_01_wCont/OII/Cl_725.npy,/path/to/Cls_scattered_01_wCont/Cls_scattered_01_wCont/OIII/Cl_725.npy,/path/to/Cls_scattered_01_wCont/Cls_scattered_01_wCont/Cont/Cl_725.npy,0.4457659493200481,1.7272029901854693
/path/to/Cls_scattered_01_wCont/Cls_scattered_01_wCont/Ha_OII_OIII_Cont/Cl_726.npy,/path/to/Cls_scattered_01_wCont/Cls_scattered_01_wCont/OII_all_cross/Cl_726.npy,/path/to/Cls_scattered_01_wCont/Cls_scattered_01_wCont/OIII_all_cross/Cl_726.npy,/path/to/Cls_scattered_01_wCont/Cls_scattered_01_wCont/OII_all_cross/Cl_726_1.npy,/path/to/Cls_scattered_01_wCont/Cls_scattered_01_wCont/OIII_all_cross/Cl_726_1.npy,/path/to/Cls_scattered_01_wCont/Cls_scattered_01_wCont/Shift7_all_cross/Cl_726.npy,/path/to/Cls_scattered_01_wCont/Cls_scattered_01_wCont/Ha/Cl_726.npy,/path/to/Cls_scattered_01_wCont/Cls_scattered_01_wCont/OII/Cl_726.npy,/path/to/Cls_scattered_01_wCont/Cls_scattered_01_wCont/OIII/Cl_726.npy,/path/to/Cls_scattered_01_wCont/Cls_scattered_01_wCont/Cont/Cl_726.npy,0.8252072613686322,0.8920876998454331
/path/to/Cls_scattered_01_wCont/Cls_scattered_01_wCont/Ha_OII_OIII_Cont/Cl_727.npy,/path/to/Cls_scattered_01_wCont/Cls_scattered_01_wCont/OII_all_cross/Cl_727.npy,/path/to/Cls_scattered_01_wCont/Cls_scattered_01_wCont/OIII_all_cross/Cl_727.npy,/path/to/Cls_scattered_01_wCont/Cls_scattered_01_wCont/OII_all_cross/Cl_727_1.npy,/path/to/Cls_scattered_01_wCont/Cls_scattered_01_wCont/OIII_all_cross/Cl_727_1.npy,/path/to/Cls_scattered_01_wCont/Cls_scattered_01_wCont/Shift7_all_cross/Cl_727.npy,/path/to/Cls_scattered_01_wCont/Cls_scattered_01_wCont/Ha/Cl_727.npy,/path/to/Cls_scattered_01_wCont/Cls_scattered_01_wCont/OII/Cl_727.npy,/path/to/Cls_scattered_01_wCont/Cls_scattered_01_wCont/OIII/Cl_727.npy,/path/to/Cls_scattered_01_wCont/Cls_scattered_01_wCont/Cont/Cl_727.npy,1.3395332768559456,1.283229896426201
/path/to/Cls_scattered_01_wCont/Cls_scattered_01_wCont/Ha_OII_OIII_Cont/Cl_728.npy,/path/to/Cls_scattered_01_wCont/Cls_scattered_01_wCont/OII_all_cross/Cl_728.npy,/path/to/Cls_scattered_01_wCont/Cls_scattered_01_wCont/OIII_all_cross/Cl_728.npy,/path/to/Cls_scattered_01_wCont/Cls_scattered_01_wCont/OII_all_cross/Cl_728_1.npy,/path/to/Cls_scattered_01_wCont/Cls_scattered_01_wCont/OIII_all_cross/Cl_728_1.npy,/path/to/Cls_scattered_01_wCont/Cls_scattered_01_wCont/Shift7_all_cross/Cl_728.npy,/path/to/Cls_scattered_01_wCont/Cls_scattered_01_wCont/Ha/Cl_728.npy,/path/to/Cls_scattered_01_wCont/Cls_scattered_01_wCont/OII/Cl_728.npy,/path/to/Cls_scattered_01_wCont/Cls_scattered_01_wCont/OIII/Cl_728.npy,/path/to/Cls_scattered_01_wCont/Cls_scattered_01_wCont/Cont/Cl_728.npy,1.4645660721696914,0.3208883898332715
/path/to/Cls_scattered_01_wCont/Cls_scattered_01_wCont/Ha_OII_OIII_Cont/Cl_729.npy,/path/to/Cls_scattered_01_wCont/Cls_scattered_01_wCont/OII_all_cross/Cl_729.npy,/path/to/Cls_scattered_01_wCont/Cls_scattered_01_wCont/OIII_all_cross/Cl_729.npy,/path/to/Cls_scattered_01_wCont/Cls_scattered_01_wCont/OII_all_cross/Cl_729_1.npy,/path/to/Cls_scattered_01_wCont/Cls_scattered_01_wCont/OIII_all_cross/Cl_729_1.npy,/path/to/Cls_scattered_01_wCont/Cls_scattered_01_wCont/Shift7_all_cross/Cl_729.npy,/path/to/Cls_scattered_01_wCont/Cls_scattered_01_wCont/Ha/Cl_729.npy,/path/to/Cls_scattered_01_wCont/Cls_scattered_01_wCont/OII/Cl_729.npy,/path/to/Cls_scattered_01_wCont/Cls_scattered_01_wCont/OIII/Cl_729.npy,/path/to/Cls_scattered_01_wCont/Cls_scattered_01_wCont/Cont/Cl_729.npy,0.9419176836498081,1.8225276989862322
/path/to/Cls_scattered_01_wCont/Cls_scattered_01_wCont/Ha_OII_OIII_Cont/Cl_730.npy,/path/to/Cls_scattered_01_wCont/Cls_scattered_01_wCont/OII_all_cross/Cl_730.npy,/path/to/Cls_scattered_01_wCont/Cls_scattered_01_wCont/OIII_all_cross/Cl_730.npy,/path/to/Cls_scattered_01_wCont/Cls_scattered_01_wCont/OII_all_cross/Cl_730_1.npy,/path/to/Cls_scattered_01_wCont/Cls_scattered_01_wCont/OIII_all_cross/Cl_730_1.npy,/path/to/Cls_scattered_01_wCont/Cls_scattered_01_wCont/Shift7_all_cross/Cl_730.npy,/path/to/Cls_scattered_01_wCont/Cls_scattered_01_wCont/Ha/Cl_730.npy,/path/to/Cls_scattered_01_wCont/Cls_scattered_01_wCont/OII/Cl_730.npy,/path/to/Cls_scattered_01_wCont/Cls_scattered_01_wCont/OIII/Cl_730.npy,/path/to/Cls_scattered_01_wCont/Cls_scattered_01_wCont/Cont/Cl_730.npy,0.5624713851138949,0.7647561621852219
/path/to/Cls_scattered_01_wCont/Cls_scattered_01_wCont/Ha_OII_OIII_Cont/Cl_731.npy,/path/to/Cls_scattered_01_wCont/Cls_scattered_01_wCont/OII_all_cross/Cl_731.npy,/path/to/Cls_scattered_01_wCont/Cls_scattered_01_wCont/OIII_all_cross/Cl_731.npy,/path/to/Cls_scattered_01_wCont/Cls_scattered_01_wCont/OII_all_cross/Cl_731_1.npy,/path/to/Cls_scattered_01_wCont/Cls_scattered_01_wCont/OIII_all_cross/Cl_731_1.npy,/path/to/Cls_scattered_01_wCont/Cls_scattered_01_wCont/Shift7_all_cross/Cl_731.npy,/path/to/Cls_scattered_01_wCont/Cls_scattered_01_wCont/Ha/Cl_731.npy,/path/to/Cls_scattered_01_wCont/Cls_scattered_01_wCont/OII/Cl_731.npy,/path/to/Cls_scattered_01_wCont/Cls_scattered_01_wCont/OIII/Cl_731.npy,/path/to/Cls_scattered_01_wCont/Cls_scattered_01_wCont/Cont/Cl_731.npy,1.9479118505492807,1.3785546087659897
/path/to/Cls_scattered_01_wCont/Cls_scattered_01_wCont/Ha_OII_OIII_Cont/Cl_732.npy,/path/to/Cls_scattered_01_wCont/Cls_scattered_01_wCont/OII_all_cross/Cl_732.npy,/path/to/Cls_scattered_01_wCont/Cls_scattered_01_wCont/OIII_all_cross/Cl_732.npy,/path/to/Cls_scattered_01_wCont/Cls_scattered_01_wCont/OII_all_cross/Cl_732_1.npy,/path/to/Cls_scattered_01_wCont/Cls_scattered_01_wCont/OIII_all_cross/Cl_732_1.npy,/path/to/Cls_scattered_01_wCont/Cls_scattered_01_wCont/Shift7_all_cross/Cl_732.npy,/path/to/Cls_scattered_01_wCont/Cls_scattered_01_wCont/Ha/Cl_732.npy,/path/to/Cls_scattered_01_wCont/Cls_scattered_01_wCont/OII/Cl_732.npy,/path/to/Cls_scattered_01_wCont/Cls_scattered_01_wCont/OIII/Cl_732.npy,/path/to/Cls_scattered_01_wCont/Cls_scattered_01_wCont/Cont/Cl_732.npy,1.688075867947191,0.9906216485425829
/path/to/Cls_scattered_01_wCont/Cls_scattered_01_wCont/Ha_OII_OIII_Cont/Cl_733.npy,/path/to/Cls_scattered_01_wCont/Cls_scattered_01_wCont/OII_all_cross/Cl_733.npy,/path/to/Cls_scattered_01_wCont/Cls_scattered_01_wCont/OIII_all_cross/Cl_733.npy,/path/to/Cls_scattered_01_wCont/Cls_scattered_01_wCont/OII_all_cross/Cl_733_1.npy,/path/to/Cls_scattered_01_wCont/Cls_scattered_01_wCont/OIII_all_cross/Cl_733_1.npy,/path/to/Cls_scattered_01_wCont/Cls_scattered_01_wCont/Shift7_all_cross/Cl_733.npy,/path/to/Cls_scattered_01_wCont/Cls_scattered_01_wCont/Ha/Cl_733.npy,/path/to/Cls_scattered_01_wCont/Cls_scattered_01_wCont/OII/Cl_733.npy,/path/to/Cls_scattered_01_wCont/Cls_scattered_01_wCont/OIII/Cl_733.npy,/path/to/Cls_scattered_01_wCont/Cls_scattered_01_wCont/Cont/Cl_733.npy,0.24323067469522358,1.0660727934911847
/path/to/Cls_scattered_01_wCont/Cls_scattered_01_wCont/Ha_OII_OIII_Cont/Cl_734.npy,/path/to/Cls_scattered_01_wCont/Cls_scattered_01_wCont/OII_all_cross/Cl_734.npy,/path/to/Cls_scattered_01_wCont/Cls_scattered_01_wCont/OIII_all_cross/Cl_734.npy,/path/to/Cls_scattered_01_wCont/Cls_scattered_01_wCont/OII_all_cross/Cl_734_1.npy,/path/to/Cls_scattered_01_wCont/Cls_scattered_01_wCont/OIII_all_cross/Cl_734_1.npy,/path/to/Cls_scattered_01_wCont/Cls_scattered_01_wCont/Shift7_all_cross/Cl_734.npy,/path/to/Cls_scattered_01_wCont/Cls_scattered_01_wCont/Ha/Cl_734.npy,/path/to/Cls_scattered_01_wCont/Cls_scattered_01_wCont/OII/Cl_734.npy,/path/to/Cls_scattered_01_wCont/Cls_scattered_01_wCont/OIII/Cl_734.npy,/path/to/Cls_scattered_01_wCont/Cls_scattered_01_wCont/Cont/Cl_734.npy,0.7859518777579069,0.48355559939518566
/path/to/Cls_scattered_01_wCont/Cls_scattered_01_wCont/Ha_OII_OIII_Cont/Cl_735.npy,/path/to/Cls_scattered_01_wCont/Cls_scattered_01_wCont/OII_all_cross/Cl_735.npy,/path/to/Cls_scattered_01_wCont/Cls_scattered_01_wCont/OIII_all_cross/Cl_735.npy,/path/to/Cls_scattered_01_wCont/Cls_scattered_01_wCont/OII_all_cross/Cl_735_1.npy,/path/to/Cls_scattered_01_wCont/Cls_scattered_01_wCont/OIII_all_cross/Cl_735_1.npy,/path/to/Cls_scattered_01_wCont/Cls_scattered_01_wCont/Shift7_all_cross/Cl_735.npy,/path/to/Cls_scattered_01_wCont/Cls_scattered_01_wCont/Ha/Cl_735.npy,/path/to/Cls_scattered_01_wCont/Cls_scattered_01_wCont/OII/Cl_735.npy,/path/to/Cls_scattered_01_wCont/Cls_scattered_01_wCont/OIII/Cl_735.npy,/path/to/Cls_scattered_01_wCont/Cls_scattered_01_wCont/Cont/Cl_735.npy,1.2492531821131707,1.5730194819159806
/path/to/Cls_scattered_01_wCont/Cls_scattered_01_wCont/Ha_OII_OIII_Cont/Cl_736.npy,/path/to/Cls_scattered_01_wCont/Cls_scattered_01_wCont/OII_all_cross/Cl_736.npy,/path/to/Cls_scattered_01_wCont/Cls_scattered_01_wCont/OIII_all_cross/Cl_736.npy,/path/to/Cls_scattered_01_wCont/Cls_scattered_01_wCont/OII_all_cross/Cl_736_1.npy,/path/to/Cls_scattered_01_wCont/Cls_scattered_01_wCont/OIII_all_cross/Cl_736_1.npy,/path/to/Cls_scattered_01_wCont/Cls_scattered_01_wCont/Shift7_all_cross/Cl_736.npy,/path/to/Cls_scattered_01_wCont/Cls_scattered_01_wCont/Ha/Cl_736.npy,/path/to/Cls_scattered_01_wCont/Cls_scattered_01_wCont/OII/Cl_736.npy,/path/to/Cls_scattered_01_wCont/Cls_scattered_01_wCont/OIII/Cl_736.npy,/path/to/Cls_scattered_01_wCont/Cls_scattered_01_wCont/Cont/Cl_736.npy,1.2601595624350013,1.0379169095307588
/path/to/Cls_scattered_01_wCont/Cls_scattered_01_wCont/Ha_OII_OIII_Cont/Cl_737.npy,/path/to/Cls_scattered_01_wCont/Cls_scattered_01_wCont/OII_all_cross/Cl_737.npy,/path/to/Cls_scattered_01_wCont/Cls_scattered_01_wCont/OIII_all_cross/Cl_737.npy,/path/to/Cls_scattered_01_wCont/Cls_scattered_01_wCont/OII_all_cross/Cl_737_1.npy,/path/to/Cls_scattered_01_wCont/Cls_scattered_01_wCont/OIII_all_cross/Cl_737_1.npy,/path/to/Cls_scattered_01_wCont/Cls_scattered_01_wCont/Shift7_all_cross/Cl_737.npy,/path/to/Cls_scattered_01_wCont/Cls_scattered_01_wCont/Ha/Cl_737.npy,/path/to/Cls_scattered_01_wCont/Cls_scattered_01_wCont/OII/Cl_737.npy,/path/to/Cls_scattered_01_wCont/Cls_scattered_01_wCont/OIII/Cl_737.npy,/path/to/Cls_scattered_01_wCont/Cls_scattered_01_wCont/Cont/Cl_737.npy,0.7745926189236343,1.1356629967689515
/path/to/Cls_scattered_01_wCont/Cls_scattered_01_wCont/Ha_OII_OIII_Cont/Cl_738.npy,/path/to/Cls_scattered_01_wCont/Cls_scattered_01_wCont/OII_all_cross/Cl_738.npy,/path/to/Cls_scattered_01_wCont/Cls_scattered_01_wCont/OIII_all_cross/Cl_738.npy,/path/to/Cls_scattered_01_wCont/Cls_scattered_01_wCont/OII_all_cross/Cl_738_1.npy,/path/to/Cls_scattered_01_wCont/Cls_scattered_01_wCont/OIII_all_cross/Cl_738_1.npy,/path/to/Cls_scattered_01_wCont/Cls_scattered_01_wCont/Shift7_all_cross/Cl_738.npy,/path/to/Cls_scattered_01_wCont/Cls_scattered_01_wCont/Ha/Cl_738.npy,/path/to/Cls_scattered_01_wCont/Cls_scattered_01_wCont/OII/Cl_738.npy,/path/to/Cls_scattered_01_wCont/Cls_scattered_01_wCont/OIII/Cl_738.npy,/path/to/Cls_scattered_01_wCont/Cls_scattered_01_wCont/Cont/Cl_738.npy,0.2615516785532236,0.5308471231721341
/path/to/Cls_scattered_01_wCont/Cls_scattered_01_wCont/Ha_OII_OIII_Cont/Cl_739.npy,/path/to/Cls_scattered_01_wCont/Cls_scattered_01_wCont/OII_all_cross/Cl_739.npy,/path/to/Cls_scattered_01_wCont/Cls_scattered_01_wCont/OIII_all_cross/Cl_739.npy,/path/to/Cls_scattered_01_wCont/Cls_scattered_01_wCont/OII_all_cross/Cl_739_1.npy,/path/to/Cls_scattered_01_wCont/Cls_scattered_01_wCont/OIII_all_cross/Cl_739_1.npy,/path/to/Cls_scattered_01_wCont/Cls_scattered_01_wCont/Shift7_all_cross/Cl_739.npy,/path/to/Cls_scattered_01_wCont/Cls_scattered_01_wCont/Ha/Cl_739.npy,/path/to/Cls_scattered_01_wCont/Cls_scattered_01_wCont/OII/Cl_739.npy,/path/to/Cls_scattered_01_wCont/Cls_scattered_01_wCont/OIII/Cl_739.npy,/path/to/Cls_scattered_01_wCont/Cls_scattered_01_wCont/Cont/Cl_739.npy,1.669287482649088,1.64260617448017
/path/to/Cls_scattered_01_wCont/Cls_scattered_01_wCont/Ha_OII_OIII_Cont/Cl_740.npy,/path/to/Cls_scattered_01_wCont/Cls_scattered_01_wCont/OII_all_cross/Cl_740.npy,/path/to/Cls_scattered_01_wCont/Cls_scattered_01_wCont/OIII_all_cross/Cl_740.npy,/path/to/Cls_scattered_01_wCont/Cls_scattered_01_wCont/OII_all_cross/Cl_740_1.npy,/path/to/Cls_scattered_01_wCont/Cls_scattered_01_wCont/OIII_all_cross/Cl_740_1.npy,/path/to/Cls_scattered_01_wCont/Cls_scattered_01_wCont/Shift7_all_cross/Cl_740.npy,/path/to/Cls_scattered_01_wCont/Cls_scattered_01_wCont/Ha/Cl_740.npy,/path/to/Cls_scattered_01_wCont/Cls_scattered_01_wCont/OII/Cl_740.npy,/path/to/Cls_scattered_01_wCont/Cls_scattered_01_wCont/OIII/Cl_740.npy,/path/to/Cls_scattered_01_wCont/Cls_scattered_01_wCont/Cont/Cl_740.npy,1.9885019795037806,0.2513329327106476
/path/to/Cls_scattered_01_wCont/Cls_scattered_01_wCont/Ha_OII_OIII_Cont/Cl_741.npy,/path/to/Cls_scattered_01_wCont/Cls_scattered_01_wCont/OII_all_cross/Cl_741.npy,/path/to/Cls_scattered_01_wCont/Cls_scattered_01_wCont/OIII_all_cross/Cl_741.npy,/path/to/Cls_scattered_01_wCont/Cls_scattered_01_wCont/OII_all_cross/Cl_741_1.npy,/path/to/Cls_scattered_01_wCont/Cls_scattered_01_wCont/OIII_all_cross/Cl_741_1.npy,/path/to/Cls_scattered_01_wCont/Cls_scattered_01_wCont/Shift7_all_cross/Cl_741.npy,/path/to/Cls_scattered_01_wCont/Cls_scattered_01_wCont/Ha/Cl_741.npy,/path/to/Cls_scattered_01_wCont/Cls_scattered_01_wCont/OII/Cl_741.npy,/path/to/Cls_scattered_01_wCont/Cls_scattered_01_wCont/OIII/Cl_741.npy,/path/to/Cls_scattered_01_wCont/Cls_scattered_01_wCont/Cont/Cl_741.npy,0.521420903224498,1.7752085495740175
/path/to/Cls_scattered_01_wCont/Cls_scattered_01_wCont/Ha_OII_OIII_Cont/Cl_742.npy,/path/to/Cls_scattered_01_wCont/Cls_scattered_01_wCont/OII_all_cross/Cl_742.npy,/path/to/Cls_scattered_01_wCont/Cls_scattered_01_wCont/OIII_all_cross/Cl_742.npy,/path/to/Cls_scattered_01_wCont/Cls_scattered_01_wCont/OII_all_cross/Cl_742_1.npy,/path/to/Cls_scattered_01_wCont/Cls_scattered_01_wCont/OIII_all_cross/Cl_742_1.npy,/path/to/Cls_scattered_01_wCont/Cls_scattered_01_wCont/Shift7_all_cross/Cl_742.npy,/path/to/Cls_scattered_01_wCont/Cls_scattered_01_wCont/Ha/Cl_742.npy,/path/to/Cls_scattered_01_wCont/Cls_scattered_01_wCont/OII/Cl_742.npy,/path/to/Cls_scattered_01_wCont/Cls_scattered_01_wCont/OIII/Cl_742.npy,/path/to/Cls_scattered_01_wCont/Cls_scattered_01_wCont/Cont/Cl_742.npy,0.9899224361404776,0.6951971943490207
/path/to/Cls_scattered_01_wCont/Cls_scattered_01_wCont/Ha_OII_OIII_Cont/Cl_743.npy,/path/to/Cls_scattered_01_wCont/Cls_scattered_01_wCont/OII_all_cross/Cl_743.npy,/path/to/Cls_scattered_01_wCont/Cls_scattered_01_wCont/OIII_all_cross/Cl_743.npy,/path/to/Cls_scattered_01_wCont/Cls_scattered_01_wCont/OII_all_cross/Cl_743_1.npy,/path/to/Cls_scattered_01_wCont/Cls_scattered_01_wCont/OIII_all_cross/Cl_743_1.npy,/path/to/Cls_scattered_01_wCont/Cls_scattered_01_wCont/Shift7_all_cross/Cl_743.npy,/path/to/Cls_scattered_01_wCont/Cls_scattered_01_wCont/Ha/Cl_743.npy,/path/to/Cls_scattered_01_wCont/Cls_scattered_01_wCont/OII/Cl_743.npy,/path/to/Cls_scattered_01_wCont/Cls_scattered_01_wCont/OIII/Cl_743.npy,/path/to/Cls_scattered_01_wCont/Cls_scattered_01_wCont/Cont/Cl_743.npy,1.416086463816464,1.3312317221425474
/path/to/Cls_scattered_01_wCont/Cls_scattered_01_wCont/Ha_OII_OIII_Cont/Cl_744.npy,/path/to/Cls_scattered_01_wCont/Cls_scattered_01_wCont/OII_all_cross/Cl_744.npy,/path/to/Cls_scattered_01_wCont/Cls_scattered_01_wCont/OIII_all_cross/Cl_744.npy,/path/to/Cls_scattered_01_wCont/Cls_scattered_01_wCont/OII_all_cross/Cl_744_1.npy,/path/to/Cls_scattered_01_wCont/Cls_scattered_01_wCont/OIII_all_cross/Cl_744_1.npy,/path/to/Cls_scattered_01_wCont/Cls_scattered_01_wCont/Shift7_all_cross/Cl_744.npy,/path/to/Cls_scattered_01_wCont/Cls_scattered_01_wCont/Ha/Cl_744.npy,/path/to/Cls_scattered_01_wCont/Cls_scattered_01_wCont/OII/Cl_744.npy,/path/to/Cls_scattered_01_wCont/Cls_scattered_01_wCont/OIII/Cl_744.npy,/path/to/Cls_scattered_01_wCont/Cls_scattered_01_wCont/Cont/Cl_744.npy,1.298950286116451,0.3916527622379362
/path/to/Cls_scattered_01_wCont/Cls_scattered_01_wCont/Ha_OII_OIII_Cont/Cl_745.npy,/path/to/Cls_scattered_01_wCont/Cls_scattered_01_wCont/OII_all_cross/Cl_745.npy,/path/to/Cls_scattered_01_wCont/Cls_scattered_01_wCont/OIII_all_cross/Cl_745.npy,/path/to/Cls_scattered_01_wCont/Cls_scattered_01_wCont/OII_all_cross/Cl_745_1.npy,/path/to/Cls_scattered_01_wCont/Cls_scattered_01_wCont/OIII_all_cross/Cl_745_1.npy,/path/to/Cls_scattered_01_wCont/Cls_scattered_01_wCont/Shift7_all_cross/Cl_745.npy,/path/to/Cls_scattered_01_wCont/Cls_scattered_01_wCont/Ha/Cl_745.npy,/path/to/Cls_scattered_01_wCont/Cls_scattered_01_wCont/OII/Cl_745.npy,/path/to/Cls_scattered_01_wCont/Cls_scattered_01_wCont/OIII/Cl_745.npy,/path/to/Cls_scattered_01_wCont/Cls_scattered_01_wCont/Cont/Cl_745.npy,0.8662648814730346,1.6631846291013062
/path/to/Cls_scattered_01_wCont/Cls_scattered_01_wCont/Ha_OII_OIII_Cont/Cl_746.npy,/path/to/Cls_scattered_01_wCont/Cls_scattered_01_wCont/OII_all_cross/Cl_746.npy,/path/to/Cls_scattered_01_wCont/Cls_scattered_01_wCont/OIII_all_cross/Cl_746.npy,/path/to/Cls_scattered_01_wCont/Cls_scattered_01_wCont/OII_all_cross/Cl_746_1.npy,/path/to/Cls_scattered_01_wCont/Cls_scattered_01_wCont/OIII_all_cross/Cl_746_1.npy,/path/to/Cls_scattered_01_wCont/Cls_scattered_01_wCont/Shift7_all_cross/Cl_746.npy,/path/to/Cls_scattered_01_wCont/Cls_scattered_01_wCont/Ha/Cl_746.npy,/path/to/Cls_scattered_01_wCont/Cls_scattered_01_wCont/OII/Cl_746.npy,/path/to/Cls_scattered_01_wCont/Cls_scattered_01_wCont/OIII/Cl_746.npy,/path/to/Cls_scattered_01_wCont/Cls_scattered_01_wCont/Cont/Cl_746.npy,0.3977538321167231,0.8355170203372836
/path/to/Cls_scattered_01_wCont/Cls_scattered_01_wCont/Ha_OII_OIII_Cont/Cl_747.npy,/path/to/Cls_scattered_01_wCont/Cls_scattered_01_wCont/OII_all_cross/Cl_747.npy,/path/to/Cls_scattered_01_wCont/Cls_scattered_01_wCont/OIII_all_cross/Cl_747.npy,/path/to/Cls_scattered_01_wCont/Cls_scattered_01_wCont/OII_all_cross/Cl_747_1.npy,/path/to/Cls_scattered_01_wCont/Cls_scattered_01_wCont/OIII_all_cross/Cl_747_1.npy,/path/to/Cls_scattered_01_wCont/Cls_scattered_01_wCont/Shift7_all_cross/Cl_747.npy,/path/to/Cls_scattered_01_wCont/Cls_scattered_01_wCont/Ha/Cl_747.npy,/path/to/Cls_scattered_01_wCont/Cls_scattered_01_wCont/OII/Cl_747.npy,/path/to/Cls_scattered_01_wCont/Cls_scattered_01_wCont/OIII/Cl_747.npy,/path/to/Cls_scattered_01_wCont/Cls_scattered_01_wCont/Cont/Cl_747.npy,1.8713599093258382,1.2192077981308103
/path/to/Cls_scattered_01_wCont/Cls_scattered_01_wCont/Ha_OII_OIII_Cont/Cl_748.npy,/path/to/Cls_scattered_01_wCont/Cls_scattered_01_wCont/OII_all_cross/Cl_748.npy,/path/to/Cls_scattered_01_wCont/Cls_scattered_01_wCont/OIII_all_cross/Cl_748.npy,/path/to/Cls_scattered_01_wCont/Cls_scattered_01_wCont/OII_all_cross/Cl_748_1.npy,/path/to/Cls_scattered_01_wCont/Cls_scattered_01_wCont/OIII_all_cross/Cl_748_1.npy,/path/to/Cls_scattered_01_wCont/Cls_scattered_01_wCont/Shift7_all_cross/Cl_748.npy,/path/to/Cls_scattered_01_wCont/Cls_scattered_01_wCont/Ha/Cl_748.npy,/path/to/Cls_scattered_01_wCont/Cls_scattered_01_wCont/OII/Cl_748.npy,/path/to/Cls_scattered_01_wCont/Cls_scattered_01_wCont/OIII/Cl_748.npy,/path/to/Cls_scattered_01_wCont/Cls_scattered_01_wCont/Cont/Cl_748.npy,1.55217617014423,0.6749408406205475
/path/to/Cls_scattered_01_wCont/Cls_scattered_01_wCont/Ha_OII_OIII_Cont/Cl_749.npy,/path/to/Cls_scattered_01_wCont/Cls_scattered_01_wCont/OII_all_cross/Cl_749.npy,/path/to/Cls_scattered_01_wCont/Cls_scattered_01_wCont/OIII_all_cross/Cl_749.npy,/path/to/Cls_scattered_01_wCont/Cls_scattered_01_wCont/OII_all_cross/Cl_749_1.npy,/path/to/Cls_scattered_01_wCont/Cls_scattered_01_wCont/OIII_all_cross/Cl_749_1.npy,/path/to/Cls_scattered_01_wCont/Cls_scattered_01_wCont/Shift7_all_cross/Cl_749.npy,/path/to/Cls_scattered_01_wCont/Cls_scattered_01_wCont/Ha/Cl_749.npy,/path/to/Cls_scattered_01_wCont/Cls_scattered_01_wCont/OII/Cl_749.npy,/path/to/Cls_scattered_01_wCont/Cls_scattered_01_wCont/OIII/Cl_749.npy,/path/to/Cls_scattered_01_wCont/Cls_scattered_01_wCont/Cont/Cl_749.npy,0.13797708572819828,1.4703431778587401
/path/to/Cls_scattered_01_wCont/Cls_scattered_01_wCont/Ha_OII_OIII_Cont/Cl_750.npy,/path/to/Cls_scattered_01_wCont/Cls_scattered_01_wCont/OII_all_cross/Cl_750.npy,/path/to/Cls_scattered_01_wCont/Cls_scattered_01_wCont/OIII_all_cross/Cl_750.npy,/path/to/Cls_scattered_01_wCont/Cls_scattered_01_wCont/OII_all_cross/Cl_750_1.npy,/path/to/Cls_scattered_01_wCont/Cls_scattered_01_wCont/OIII_all_cross/Cl_750_1.npy,/path/to/Cls_scattered_01_wCont/Cls_scattered_01_wCont/Shift7_all_cross/Cl_750.npy,/path/to/Cls_scattered_01_wCont/Cls_scattered_01_wCont/Ha/Cl_750.npy,/path/to/Cls_scattered_01_wCont/Cls_scattered_01_wCont/OII/Cl_750.npy,/path/to/Cls_scattered_01_wCont/Cls_scattered_01_wCont/OIII/Cl_750.npy,/path/to/Cls_scattered_01_wCont/Cls_scattered_01_wCont/Cont/Cl_750.npy,0.6510094156488776,0.16787105072289704
/path/to/Cls_scattered_01_wCont/Cls_scattered_01_wCont/Ha_OII_OIII_Cont/Cl_751.npy,/path/to/Cls_scattered_01_wCont/Cls_scattered_01_wCont/OII_all_cross/Cl_751.npy,/path/to/Cls_scattered_01_wCont/Cls_scattered_01_wCont/OIII_all_cross/Cl_751.npy,/path/to/Cls_scattered_01_wCont/Cls_scattered_01_wCont/OII_all_cross/Cl_751_1.npy,/path/to/Cls_scattered_01_wCont/Cls_scattered_01_wCont/OIII_all_cross/Cl_751_1.npy,/path/to/Cls_scattered_01_wCont/Cls_scattered_01_wCont/Shift7_all_cross/Cl_751.npy,/path/to/Cls_scattered_01_wCont/Cls_scattered_01_wCont/Ha/Cl_751.npy,/path/to/Cls_scattered_01_wCont/Cls_scattered_01_wCont/OII/Cl_751.npy,/path/to/Cls_scattered_01_wCont/Cls_scattered_01_wCont/OIII/Cl_751.npy,/path/to/Cls_scattered_01_wCont/Cls_scattered_01_wCont/Cont/Cl_751.npy,1.1430432634428145,1.977286352030933
/path/to/Cls_scattered_01_wCont/Cls_scattered_01_wCont/Ha_OII_OIII_Cont/Cl_752.npy,/path/to/Cls_scattered_01_wCont/Cls_scattered_01_wCont/OII_all_cross/Cl_752.npy,/path/to/Cls_scattered_01_wCont/Cls_scattered_01_wCont/OIII_all_cross/Cl_752.npy,/path/to/Cls_scattered_01_wCont/Cls_scattered_01_wCont/OII_all_cross/Cl_752_1.npy,/path/to/Cls_scattered_01_wCont/Cls_scattered_01_wCont/OIII_all_cross/Cl_752_1.npy,/path/to/Cls_scattered_01_wCont/Cls_scattered_01_wCont/Shift7_all_cross/Cl_752.npy,/path/to/Cls_scattered_01_wCont/Cls_scattered_01_wCont/Ha/Cl_752.npy,/path/to/Cls_scattered_01_wCont/Cls_scattered_01_wCont/OII/Cl_752.npy,/path/to/Cls_scattered_01_wCont/Cls_scattered_01_wCont/OIII/Cl_752.npy,/path/to/Cls_scattered_01_wCont/Cls_scattered_01_wCont/Cont/Cl_752.npy,1.0617985669523478,0.13815063424408436
/path/to/Cls_scattered_01_wCont/Cls_scattered_01_wCont/Ha_OII_OIII_Cont/Cl_753.npy,/path/to/Cls_scattered_01_wCont/Cls_scattered_01_wCont/OII_all_cross/Cl_753.npy,/path/to/Cls_scattered_01_wCont/Cls_scattered_01_wCont/OIII_all_cross/Cl_753.npy,/path/to/Cls_scattered_01_wCont/Cls_scattered_01_wCont/OII_all_cross/Cl_753_1.npy,/path/to/Cls_scattered_01_wCont/Cls_scattered_01_wCont/OIII_all_cross/Cl_753_1.npy,/path/to/Cls_scattered_01_wCont/Cls_scattered_01_wCont/Shift7_all_cross/Cl_753.npy,/path/to/Cls_scattered_01_wCont/Cls_scattered_01_wCont/Ha/Cl_753.npy,/path/to/Cls_scattered_01_wCont/Cls_scattered_01_wCont/OII/Cl_753.npy,/path/to/Cls_scattered_01_wCont/Cls_scattered_01_wCont/OIII/Cl_753.npy,/path/to/Cls_scattered_01_wCont/Cls_scattered_01_wCont/Cont/Cl_753.npy,0.6279528714716434,1.8883942455053329
/path/to/Cls_scattered_01_wCont/Cls_scattered_01_wCont/Ha_OII_OIII_Cont/Cl_754.npy,/path/to/Cls_scattered_01_wCont/Cls_scattered_01_wCont/OII_all_cross/Cl_754.npy,/path/to/Cls_scattered_01_wCont/Cls_scattered_01_wCont/OIII_all_cross/Cl_754.npy,/path/to/Cls_scattered_01_wCont/Cls_scattered_01_wCont/OII_all_cross/Cl_754_1.npy,/path/to/Cls_scattered_01_wCont/Cls_scattered_01_wCont/OIII_all_cross/Cl_754_1.npy,/path/to/Cls_scattered_01_wCont/Cls_scattered_01_wCont/Shift7_all_cross/Cl_754.npy,/path/to/Cls_scattered_01_wCont/Cls_scattered_01_wCont/Ha/Cl_754.npy,/path/to/Cls_scattered_01_wCont/Cls_scattered_01_wCont/OII/Cl_754.npy,/path/to/Cls_scattered_01_wCont/Cls_scattered_01_wCont/OIII/Cl_754.npy,/path/to/Cls_scattered_01_wCont/Cls_scattered_01_wCont/Cont/Cl_754.npy,0.15944270333275198,0.585723256971687
/path/to/Cls_scattered_01_wCont/Cls_scattered_01_wCont/Ha_OII_OIII_Cont/Cl_755.npy,/path/to/Cls_scattered_01_wCont/Cls_scattered_01_wCont/OII_all_cross/Cl_755.npy,/path/to/Cls_scattered_01_wCont/Cls_scattered_01_wCont/OIII_all_cross/Cl_755.npy,/path/to/Cls_scattered_01_wCont/Cls_scattered_01_wCont/OII_all_cross/Cl_755_1.npy,/path/to/Cls_scattered_01_wCont/Cls_scattered_01_wCont/OIII_all_cross/Cl_755_1.npy,/path/to/Cls_scattered_01_wCont/Cls_scattered_01_wCont/Shift7_all_cross/Cl_755.npy,/path/to/Cls_scattered_01_wCont/Cls_scattered_01_wCont/Ha/Cl_755.npy,/path/to/Cls_scattered_01_wCont/Cls_scattered_01_wCont/OII/Cl_755.npy,/path/to/Cls_scattered_01_wCont/Cls_scattered_01_wCont/OIII/Cl_755.npy,/path/to/Cls_scattered_01_wCont/Cls_scattered_01_wCont/Cont/Cl_755.npy,1.6342072593979537,1.4407022620551289
/path/to/Cls_scattered_01_wCont/Cls_scattered_01_wCont/Ha_OII_OIII_Cont/Cl_756.npy,/path/to/Cls_scattered_01_wCont/Cls_scattered_01_wCont/OII_all_cross/Cl_756.npy,/path/to/Cls_scattered_01_wCont/Cls_scattered_01_wCont/OIII_all_cross/Cl_756.npy,/path/to/Cls_scattered_01_wCont/Cls_scattered_01_wCont/OII_all_cross/Cl_756_1.npy,/path/to/Cls_scattered_01_wCont/Cls_scattered_01_wCont/OIII_all_cross/Cl_756_1.npy,/path/to/Cls_scattered_01_wCont/Cls_scattered_01_wCont/Shift7_all_cross/Cl_756.npy,/path/to/Cls_scattered_01_wCont/Cls_scattered_01_wCont/Ha/Cl_756.npy,/path/to/Cls_scattered_01_wCont/Cls_scattered_01_wCont/OII/Cl_756.npy,/path/to/Cls_scattered_01_wCont/Cls_scattered_01_wCont/OIII/Cl_756.npy,/path/to/Cls_scattered_01_wCont/Cls_scattered_01_wCont/Cont/Cl_756.npy,1.7900245925411582,0.9247283965349197
/path/to/Cls_scattered_01_wCont/Cls_scattered_01_wCont/Ha_OII_OIII_Cont/Cl_757.npy,/path/to/Cls_scattered_01_wCont/Cls_scattered_01_wCont/OII_all_cross/Cl_757.npy,/path/to/Cls_scattered_01_wCont/Cls_scattered_01_wCont/OIII_all_cross/Cl_757.npy,/path/to/Cls_scattered_01_wCont/Cls_scattered_01_wCont/OII_all_cross/Cl_757_1.npy,/path/to/Cls_scattered_01_wCont/Cls_scattered_01_wCont/OIII_all_cross/Cl_757_1.npy,/path/to/Cls_scattered_01_wCont/Cls_scattered_01_wCont/Shift7_all_cross/Cl_757.npy,/path/to/Cls_scattered_01_wCont/Cls_scattered_01_wCont/Ha/Cl_757.npy,/path/to/Cls_scattered_01_wCont/Cls_scattered_01_wCont/OII/Cl_757.npy,/path/to/Cls_scattered_01_wCont/Cls_scattered_01_wCont/OIII/Cl_757.npy,/path/to/Cls_scattered_01_wCont/Cls_scattered_01_wCont/Cont/Cl_757.npy,0.37466465104371305,1.2488408643752338
/path/to/Cls_scattered_01_wCont/Cls_scattered_01_wCont/Ha_OII_OIII_Cont/Cl_758.npy,/path/to/Cls_scattered_01_wCont/Cls_scattered_01_wCont/OII_all_cross/Cl_758.npy,/path/to/Cls_scattered_01_wCont/Cls_scattered_01_wCont/OIII_all_cross/Cl_758.npy,/path/to/Cls_scattered_01_wCont/Cls_scattered_01_wCont/OII_all_cross/Cl_758_1.npy,/path/to/Cls_scattered_01_wCont/Cls_scattered_01_wCont/OIII_all_cross/Cl_758_1.npy,/path/to/Cls_scattered_01_wCont/Cls_scattered_01_wCont/Shift7_all_cross/Cl_758.npy,/path/to/Cls_scattered_01_wCont/Cls_scattered_01_wCont/Ha/Cl_758.npy,/path/to/Cls_scattered_01_wCont/Cls_scattered_01_wCont/OII/Cl_758.npy,/path/to/Cls_scattered_01_wCont/Cls_scattered_01_wCont/OIII/Cl_758.npy,/path/to/Cls_scattered_01_wCont/Cls_scattered_01_wCont/Cont/Cl_758.npy,0.887697918806225,0.42137937201187015
/path/to/Cls_scattered_01_wCont/Cls_scattered_01_wCont/Ha_OII_OIII_Cont/Cl_759.npy,/path/to/Cls_scattered_01_wCont/Cls_scattered_01_wCont/OII_all_cross/Cl_759.npy,/path/to/Cls_scattered_01_wCont/Cls_scattered_01_wCont/OIII_all_cross/Cl_759.npy,/path/to/Cls_scattered_01_wCont/Cls_scattered_01_wCont/OII_all_cross/Cl_759_1.npy,/path/to/Cls_scattered_01_wCont/Cls_scattered_01_wCont/OIII_all_cross/Cl_759_1.npy,/path/to/Cls_scattered_01_wCont/Cls_scattered_01_wCont/Shift7_all_cross/Cl_759.npy,/path/to/Cls_scattered_01_wCont/Cls_scattered_01_wCont/Ha/Cl_759.npy,/path/to/Cls_scattered_01_wCont/Cls_scattered_01_wCont/OII/Cl_759.npy,/path/to/Cls_scattered_01_wCont/Cls_scattered_01_wCont/OIII/Cl_759.npy,/path/to/Cls_scattered_01_wCont/Cls_scattered_01_wCont/Cont/Cl_759.npy,1.380890811700374,1.7520845710299908
/path/to/Cls_scattered_01_wCont/Cls_scattered_01_wCont/Ha_OII_OIII_Cont/Cl_760.npy,/path/to/Cls_scattered_01_wCont/Cls_scattered_01_wCont/OII_all_cross/Cl_760.npy,/path/to/Cls_scattered_01_wCont/Cls_scattered_01_wCont/OIII_all_cross/Cl_760.npy,/path/to/Cls_scattered_01_wCont/Cls_scattered_01_wCont/OII_all_cross/Cl_760_1.npy,/path/to/Cls_scattered_01_wCont/Cls_scattered_01_wCont/OIII_all_cross/Cl_760_1.npy,/path/to/Cls_scattered_01_wCont/Cls_scattered_01_wCont/Shift7_all_cross/Cl_760.npy,/path/to/Cls_scattered_01_wCont/Cls_scattered_01_wCont/Ha/Cl_760.npy,/path/to/Cls_scattered_01_wCont/Cls_scattered_01_wCont/OII/Cl_760.npy,/path/to/Cls_scattered_01_wCont/Cls_scattered_01_wCont/OIII/Cl_760.npy,/path/to/Cls_scattered_01_wCont/Cls_scattered_01_wCont/Cont/Cl_760.npy,1.4975431833416224,0.7844085776247084
/path/to/Cls_scattered_01_wCont/Cls_scattered_01_wCont/Ha_OII_OIII_Cont/Cl_761.npy,/path/to/Cls_scattered_01_wCont/Cls_scattered_01_wCont/OII_all_cross/Cl_761.npy,/path/to/Cls_scattered_01_wCont/Cls_scattered_01_wCont/OIII_all_cross/Cl_761.npy,/path/to/Cls_scattered_01_wCont/Cls_scattered_01_wCont/OII_all_cross/Cl_761_1.npy,/path/to/Cls_scattered_01_wCont/Cls_scattered_01_wCont/OIII_all_cross/Cl_761_1.npy,/path/to/Cls_scattered_01_wCont/Cls_scattered_01_wCont/Shift7_all_cross/Cl_761.npy,/path/to/Cls_scattered_01_wCont/Cls_scattered_01_wCont/Ha/Cl_761.npy,/path/to/Cls_scattered_01_wCont/Cls_scattered_01_wCont/OII/Cl_761.npy,/path/to/Cls_scattered_01_wCont/Cls_scattered_01_wCont/OIII/Cl_761.npy,/path/to/Cls_scattered_01_wCont/Cls_scattered_01_wCont/Cont/Cl_761.npy,1.0126727767288686,1.3608647954650224
/path/to/Cls_scattered_01_wCont/Cls_scattered_01_wCont/Ha_OII_OIII_Cont/Cl_762.npy,/path/to/Cls_scattered_01_wCont/Cls_scattered_01_wCont/OII_all_cross/Cl_762.npy,/path/to/Cls_scattered_01_wCont/Cls_scattered_01_wCont/OIII_all_cross/Cl_762.npy,/path/to/Cls_scattered_01_wCont/Cls_scattered_01_wCont/OII_all_cross/Cl_762_1.npy,/path/to/Cls_scattered_01_wCont/Cls_scattered_01_wCont/OIII_all_cross/Cl_762_1.npy,/path/to/Cls_scattered_01_wCont/Cls_scattered_01_wCont/Shift7_all_cross/Cl_762.npy,/path/to/Cls_scattered_01_wCont/Cls_scattered_01_wCont/Ha/Cl_762.npy,/path/to/Cls_scattered_01_wCont/Cls_scattered_01_wCont/OII/Cl_762.npy,/path/to/Cls_scattered_01_wCont/Cls_scattered_01_wCont/OIII/Cl_762.npy,/path/to/Cls_scattered_01_wCont/Cls_scattered_01_wCont/Cont/Cl_762.npy,0.4996309055946767,0.281059549562633
/path/to/Cls_scattered_01_wCont/Cls_scattered_01_wCont/Ha_OII_OIII_Cont/Cl_763.npy,/path/to/Cls_scattered_01_wCont/Cls_scattered_01_wCont/OII_all_cross/Cl_763.npy,/path/to/Cls_scattered_01_wCont/Cls_scattered_01_wCont/OIII_all_cross/Cl_763.npy,/path/to/Cls_scattered_01_wCont/Cls_scattered_01_wCont/OII_all_cross/Cl_763_1.npy,/path/to/Cls_scattered_01_wCont/Cls_scattered_01_wCont/OIII_all_cross/Cl_763_1.npy,/path/to/Cls_scattered_01_wCont/Cls_scattered_01_wCont/Shift7_all_cross/Cl_763.npy,/path/to/Cls_scattered_01_wCont/Cls_scattered_01_wCont/Ha/Cl_763.npy,/path/to/Cls_scattered_01_wCont/Cls_scattered_01_wCont/OII/Cl_763.npy,/path/to/Cls_scattered_01_wCont/Cls_scattered_01_wCont/OIII/Cl_763.npy,/path/to/Cls_scattered_01_wCont/Cls_scattered_01_wCont/Cont/Cl_763.npy,1.9066719847731293,1.864108498580754
/path/to/Cls_scattered_01_wCont/Cls_scattered_01_wCont/Ha_OII_OIII_Cont/Cl_764.npy,/path/to/Cls_scattered_01_wCont/Cls_scattered_01_wCont/OII_all_cross/Cl_764.npy,/path/to/Cls_scattered_01_wCont/Cls_scattered_01_wCont/OIII_all_cross/Cl_764.npy,/path/to/Cls_scattered_01_wCont/Cls_scattered_01_wCont/OII_all_cross/Cl_764_1.npy,/path/to/Cls_scattered_01_wCont/Cls_scattered_01_wCont/OIII_all_cross/Cl_764_1.npy,/path/to/Cls_scattered_01_wCont/Cls_scattered_01_wCont/Shift7_all_cross/Cl_764.npy,/path/to/Cls_scattered_01_wCont/Cls_scattered_01_wCont/Ha/Cl_764.npy,/path/to/Cls_scattered_01_wCont/Cls_scattered_01_wCont/OII/Cl_764.npy,/path/to/Cls_scattered_01_wCont/Cls_scattered_01_wCont/OIII/Cl_764.npy,/path/to/Cls_scattered_01_wCont/Cls_scattered_01_wCont/Cont/Cl_764.npy,1.750885515473783,0.501126713771373
/path/to/Cls_scattered_01_wCont/Cls_scattered_01_wCont/Ha_OII_OIII_Cont/Cl_765.npy,/path/to/Cls_scattered_01_wCont/Cls_scattered_01_wCont/OII_all_cross/Cl_765.npy,/path/to/Cls_scattered_01_wCont/Cls_scattered_01_wCont/OIII_all_cross/Cl_765.npy,/path/to/Cls_scattered_01_wCont/Cls_scattered_01_wCont/OII_all_cross/Cl_765_1.npy,/path/to/Cls_scattered_01_wCont/Cls_scattered_01_wCont/OIII_all_cross/Cl_765_1.npy,/path/to/Cls_scattered_01_wCont/Cls_scattered_01_wCont/Shift7_all_cross/Cl_765.npy,/path/to/Cls_scattered_01_wCont/Cls_scattered_01_wCont/Ha/Cl_765.npy,/path/to/Cls_scattered_01_wCont/Cls_scattered_01_wCont/OII/Cl_765.npy,/path/to/Cls_scattered_01_wCont/Cls_scattered_01_wCont/OIII/Cl_765.npy,/path/to/Cls_scattered_01_wCont/Cls_scattered_01_wCont/Cont/Cl_765.npy,0.2845013158395886,1.5537140750326217
/path/to/Cls_scattered_01_wCont/Cls_scattered_01_wCont/Ha_OII_OIII_Cont/Cl_766.npy,/path/to/Cls_scattered_01_wCont/Cls_scattered_01_wCont/OII_all_cross/Cl_766.npy,/path/to/Cls_scattered_01_wCont/Cls_scattered_01_wCont/OIII_all_cross/Cl_766.npy,/path/to/Cls_scattered_01_wCont/Cls_scattered_01_wCont/OII_all_cross/Cl_766_1.npy,/path/to/Cls_scattered_01_wCont/Cls_scattered_01_wCont/OIII_all_cross/Cl_766_1.npy,/path/to/Cls_scattered_01_wCont/Cls_scattered_01_wCont/Shift7_all_cross/Cl_766.npy,/path/to/Cls_scattered_01_wCont/Cls_scattered_01_wCont/Ha/Cl_766.npy,/path/to/Cls_scattered_01_wCont/Cls_scattered_01_wCont/OII/Cl_766.npy,/path/to/Cls_scattered_01_wCont/Cls_scattered_01_wCont/OIII/Cl_766.npy,/path/to/Cls_scattered_01_wCont/Cls_scattered_01_wCont/Cont/Cl_766.npy,0.7530019746161997,0.9486993329599499
/path/to/Cls_scattered_01_wCont/Cls_scattered_01_wCont/Ha_OII_OIII_Cont/Cl_767.npy,/path/to/Cls_scattered_01_wCont/Cls_scattered_01_wCont/OII_all_cross/Cl_767.npy,/path/to/Cls_scattered_01_wCont/Cls_scattered_01_wCont/OIII_all_cross/Cl_767.npy,/path/to/Cls_scattered_01_wCont/Cls_scattered_01_wCont/OII_all_cross/Cl_767_1.npy,/path/to/Cls_scattered_01_wCont/Cls_scattered_01_wCont/OIII_all_cross/Cl_767_1.npy,/path/to/Cls_scattered_01_wCont/Cls_scattered_01_wCont/Shift7_all_cross/Cl_767.npy,/path/to/Cls_scattered_01_wCont/Cls_scattered_01_wCont/Ha/Cl_767.npy,/path/to/Cls_scattered_01_wCont/Cls_scattered_01_wCont/OII/Cl_767.npy,/path/to/Cls_scattered_01_wCont/Cls_scattered_01_wCont/OIII/Cl_767.npy,/path/to/Cls_scattered_01_wCont/Cls_scattered_01_wCont/Cont/Cl_767.npy,1.1784709376282991,1.1060220880433917
/path/to/Cls_scattered_01_wCont/Cls_scattered_01_wCont/Ha_OII_OIII_Cont/Cl_768.npy,/path/to/Cls_scattered_01_wCont/Cls_scattered_01_wCont/OII_all_cross/Cl_768.npy,/path/to/Cls_scattered_01_wCont/Cls_scattered_01_wCont/OIII_all_cross/Cl_768.npy,/path/to/Cls_scattered_01_wCont/Cls_scattered_01_wCont/OII_all_cross/Cl_768_1.npy,/path/to/Cls_scattered_01_wCont/Cls_scattered_01_wCont/OIII_all_cross/Cl_768_1.npy,/path/to/Cls_scattered_01_wCont/Cls_scattered_01_wCont/Shift7_all_cross/Cl_768.npy,/path/to/Cls_scattered_01_wCont/Cls_scattered_01_wCont/Ha/Cl_768.npy,/path/to/Cls_scattered_01_wCont/Cls_scattered_01_wCont/OII/Cl_768.npy,/path/to/Cls_scattered_01_wCont/Cls_scattered_01_wCont/OIII/Cl_768.npy,/path/to/Cls_scattered_01_wCont/Cls_scattered_01_wCont/Cont/Cl_768.npy,1.1814071346074344,0.9528342369012534
/path/to/Cls_scattered_01_wCont/Cls_scattered_01_wCont/Ha_OII_OIII_Cont/Cl_769.npy,/path/to/Cls_scattered_01_wCont/Cls_scattered_01_wCont/OII_all_cross/Cl_769.npy,/path/to/Cls_scattered_01_wCont/Cls_scattered_01_wCont/OIII_all_cross/Cl_769.npy,/path/to/Cls_scattered_01_wCont/Cls_scattered_01_wCont/OII_all_cross/Cl_769_1.npy,/path/to/Cls_scattered_01_wCont/Cls_scattered_01_wCont/OIII_all_cross/Cl_769_1.npy,/path/to/Cls_scattered_01_wCont/Cls_scattered_01_wCont/Shift7_all_cross/Cl_769.npy,/path/to/Cls_scattered_01_wCont/Cls_scattered_01_wCont/Ha/Cl_769.npy,/path/to/Cls_scattered_01_wCont/Cls_scattered_01_wCont/OII/Cl_769.npy,/path/to/Cls_scattered_01_wCont/Cls_scattered_01_wCont/OIII/Cl_769.npy,/path/to/Cls_scattered_01_wCont/Cls_scattered_01_wCont/Cont/Cl_769.npy,0.7457065932452678,1.1037498972378672
/path/to/Cls_scattered_01_wCont/Cls_scattered_01_wCont/Ha_OII_OIII_Cont/Cl_770.npy,/path/to/Cls_scattered_01_wCont/Cls_scattered_01_wCont/OII_all_cross/Cl_770.npy,/path/to/Cls_scattered_01_wCont/Cls_scattered_01_wCont/OIII_all_cross/Cl_770.npy,/path/to/Cls_scattered_01_wCont/Cls_scattered_01_wCont/OII_all_cross/Cl_770_1.npy,/path/to/Cls_scattered_01_wCont/Cls_scattered_01_wCont/OIII_all_cross/Cl_770_1.npy,/path/to/Cls_scattered_01_wCont/Cls_scattered_01_wCont/Shift7_all_cross/Cl_770.npy,/path/to/Cls_scattered_01_wCont/Cls_scattered_01_wCont/Ha/Cl_770.npy,/path/to/Cls_scattered_01_wCont/Cls_scattered_01_wCont/OII/Cl_770.npy,/path/to/Cls_scattered_01_wCont/Cls_scattered_01_wCont/OIII/Cl_770.npy,/path/to/Cls_scattered_01_wCont/Cls_scattered_01_wCont/Cont/Cl_770.npy,0.27905823579058053,0.5061821572482585
/path/to/Cls_scattered_01_wCont/Cls_scattered_01_wCont/Ha_OII_OIII_Cont/Cl_771.npy,/path/to/Cls_scattered_01_wCont/Cls_scattered_01_wCont/OII_all_cross/Cl_771.npy,/path/to/Cls_scattered_01_wCont/Cls_scattered_01_wCont/OIII_all_cross/Cl_771.npy,/path/to/Cls_scattered_01_wCont/Cls_scattered_01_wCont/OII_all_cross/Cl_771_1.npy,/path/to/Cls_scattered_01_wCont/Cls_scattered_01_wCont/OIII_all_cross/Cl_771_1.npy,/path/to/Cls_scattered_01_wCont/Cls_scattered_01_wCont/Shift7_all_cross/Cl_771.npy,/path/to/Cls_scattered_01_wCont/Cls_scattered_01_wCont/Ha/Cl_771.npy,/path/to/Cls_scattered_01_wCont/Cls_scattered_01_wCont/OII/Cl_771.npy,/path/to/Cls_scattered_01_wCont/Cls_scattered_01_wCont/OIII/Cl_771.npy,/path/to/Cls_scattered_01_wCont/Cls_scattered_01_wCont/Cont/Cl_771.npy,1.7519685122184456,1.5505068417638541
/path/to/Cls_scattered_01_wCont/Cls_scattered_01_wCont/Ha_OII_OIII_Cont/Cl_772.npy,/path/to/Cls_scattered_01_wCont/Cls_scattered_01_wCont/OII_all_cross/Cl_772.npy,/path/to/Cls_scattered_01_wCont/Cls_scattered_01_wCont/OIII_all_cross/Cl_772.npy,/path/to/Cls_scattered_01_wCont/Cls_scattered_01_wCont/OII_all_cross/Cl_772_1.npy,/path/to/Cls_scattered_01_wCont/Cls_scattered_01_wCont/OIII_all_cross/Cl_772_1.npy,/path/to/Cls_scattered_01_wCont/Cls_scattered_01_wCont/Shift7_all_cross/Cl_772.npy,/path/to/Cls_scattered_01_wCont/Cls_scattered_01_wCont/Ha/Cl_772.npy,/path/to/Cls_scattered_01_wCont/Cls_scattered_01_wCont/OII/Cl_772.npy,/path/to/Cls_scattered_01_wCont/Cls_scattered_01_wCont/OIII/Cl_772.npy,/path/to/Cls_scattered_01_wCont/Cls_scattered_01_wCont/Cont/Cl_772.npy,1.907893375121057,0.28428853368386625
/path/to/Cls_scattered_01_wCont/Cls_scattered_01_wCont/Ha_OII_OIII_Cont/Cl_773.npy,/path/to/Cls_scattered_01_wCont/Cls_scattered_01_wCont/OII_all_cross/Cl_773.npy,/path/to/Cls_scattered_01_wCont/Cls_scattered_01_wCont/OIII_all_cross/Cl_773.npy,/path/to/Cls_scattered_01_wCont/Cls_scattered_01_wCont/OII_all_cross/Cl_773_1.npy,/path/to/Cls_scattered_01_wCont/Cls_scattered_01_wCont/OIII_all_cross/Cl_773_1.npy,/path/to/Cls_scattered_01_wCont/Cls_scattered_01_wCont/Shift7_all_cross/Cl_773.npy,/path/to/Cls_scattered_01_wCont/Cls_scattered_01_wCont/Ha/Cl_773.npy,/path/to/Cls_scattered_01_wCont/Cls_scattered_01_wCont/OII/Cl_773.npy,/path/to/Cls_scattered_01_wCont/Cls_scattered_01_wCont/OIII/Cl_773.npy,/path/to/Cls_scattered_01_wCont/Cls_scattered_01_wCont/Cont/Cl_773.npy,0.4943900914862752,1.85901679424569
/path/to/Cls_scattered_01_wCont/Cls_scattered_01_wCont/Ha_OII_OIII_Cont/Cl_774.npy,/path/to/Cls_scattered_01_wCont/Cls_scattered_01_wCont/OII_all_cross/Cl_774.npy,/path/to/Cls_scattered_01_wCont/Cls_scattered_01_wCont/OIII_all_cross/Cl_774.npy,/path/to/Cls_scattered_01_wCont/Cls_scattered_01_wCont/OII_all_cross/Cl_774_1.npy,/path/to/Cls_scattered_01_wCont/Cls_scattered_01_wCont/OIII_all_cross/Cl_774_1.npy,/path/to/Cls_scattered_01_wCont/Cls_scattered_01_wCont/Shift7_all_cross/Cl_774.npy,/path/to/Cls_scattered_01_wCont/Cls_scattered_01_wCont/Ha/Cl_774.npy,/path/to/Cls_scattered_01_wCont/Cls_scattered_01_wCont/OII/Cl_774.npy,/path/to/Cls_scattered_01_wCont/Cls_scattered_01_wCont/OIII/Cl_774.npy,/path/to/Cls_scattered_01_wCont/Cls_scattered_01_wCont/Cont/Cl_774.npy,1.0055742324329913,0.786717015132308
/path/to/Cls_scattered_01_wCont/Cls_scattered_01_wCont/Ha_OII_OIII_Cont/Cl_775.npy,/path/to/Cls_scattered_01_wCont/Cls_scattered_01_wCont/OII_all_cross/Cl_775.npy,/path/to/Cls_scattered_01_wCont/Cls_scattered_01_wCont/OIII_all_cross/Cl_775.npy,/path/to/Cls_scattered_01_wCont/Cls_scattered_01_wCont/OII_all_cross/Cl_775_1.npy,/path/to/Cls_scattered_01_wCont/Cls_scattered_01_wCont/OIII_all_cross/Cl_775_1.npy,/path/to/Cls_scattered_01_wCont/Cls_scattered_01_wCont/Shift7_all_cross/Cl_775.npy,/path/to/Cls_scattered_01_wCont/Cls_scattered_01_wCont/Ha/Cl_775.npy,/path/to/Cls_scattered_01_wCont/Cls_scattered_01_wCont/OII/Cl_775.npy,/path/to/Cls_scattered_01_wCont/Cls_scattered_01_wCont/OIII/Cl_775.npy,/path/to/Cls_scattered_01_wCont/Cls_scattered_01_wCont/Cont/Cl_775.npy,1.5006232169456781,1.3567081265151502
/path/to/Cls_scattered_01_wCont/Cls_scattered_01_wCont/Ha_OII_OIII_Cont/Cl_776.npy,/path/to/Cls_scattered_01_wCont/Cls_scattered_01_wCont/OII_all_cross/Cl_776.npy,/path/to/Cls_scattered_01_wCont/Cls_scattered_01_wCont/OIII_all_cross/Cl_776.npy,/path/to/Cls_scattered_01_wCont/Cls_scattered_01_wCont/OII_all_cross/Cl_776_1.npy,/path/to/Cls_scattered_01_wCont/Cls_scattered_01_wCont/OIII_all_cross/Cl_776_1.npy,/path/to/Cls_scattered_01_wCont/Cls_scattered_01_wCont/Shift7_all_cross/Cl_776.npy,/path/to/Cls_scattered_01_wCont/Cls_scattered_01_wCont/Ha/Cl_776.npy,/path/to/Cls_scattered_01_wCont/Cls_scattered_01_wCont/OII/Cl_776.npy,/path/to/Cls_scattered_01_wCont/Cls_scattered_01_wCont/OIII/Cl_776.npy,/path/to/Cls_scattered_01_wCont/Cls_scattered_01_wCont/Cont/Cl_776.npy,1.3797683972865344,0.42646382842212915
/path/to/Cls_scattered_01_wCont/Cls_scattered_01_wCont/Ha_OII_OIII_Cont/Cl_777.npy,/path/to/Cls_scattered_01_wCont/Cls_scattered_01_wCont/OII_all_cross/Cl_777.npy,/path/to/Cls_scattered_01_wCont/Cls_scattered_01_wCont/OIII_all_cross/Cl_777.npy,/path/to/Cls_scattered_01_wCont/Cls_scattered_01_wCont/OII_all_cross/Cl_777_1.npy,/path/to/Cls_scattered_01_wCont/Cls_scattered_01_wCont/OIII_all_cross/Cl_777_1.npy,/path/to/Cls_scattered_01_wCont/Cls_scattered_01_wCont/Shift7_all_cross/Cl_777.npy,/path/to/Cls_scattered_01_wCont/Cls_scattered_01_wCont/Ha/Cl_777.npy,/path/to/Cls_scattered_01_wCont/Cls_scattered_01_wCont/OII/Cl_777.npy,/path/to/Cls_scattered_01_wCont/Cls_scattered_01_wCont/OIII/Cl_777.npy,/path/to/Cls_scattered_01_wCont/Cls_scattered_01_wCont/Cont/Cl_777.npy,0.8930417858064174,1.748848338983953
/path/to/Cls_scattered_01_wCont/Cls_scattered_01_wCont/Ha_OII_OIII_Cont/Cl_778.npy,/path/to/Cls_scattered_01_wCont/Cls_scattered_01_wCont/OII_all_cross/Cl_778.npy,/path/to/Cls_scattered_01_wCont/Cls_scattered_01_wCont/OIII_all_cross/Cl_778.npy,/path/to/Cls_scattered_01_wCont/Cls_scattered_01_wCont/OII_all_cross/Cl_778_1.npy,/path/to/Cls_scattered_01_wCont/Cls_scattered_01_wCont/OIII_all_cross/Cl_778_1.npy,/path/to/Cls_scattered_01_wCont/Cls_scattered_01_wCont/Shift7_all_cross/Cl_778.npy,/path/to/Cls_scattered_01_wCont/Cls_scattered_01_wCont/Ha/Cl_778.npy,/path/to/Cls_scattered_01_wCont/Cls_scattered_01_wCont/OII/Cl_778.npy,/path/to/Cls_scattered_01_wCont/Cls_scattered_01_wCont/OIII/Cl_778.npy,/path/to/Cls_scattered_01_wCont/Cls_scattered_01_wCont/Cont/Cl_778.npy,0.381863537337631,0.9288923134095967
/path/to/Cls_scattered_01_wCont/Cls_scattered_01_wCont/Ha_OII_OIII_Cont/Cl_779.npy,/path/to/Cls_scattered_01_wCont/Cls_scattered_01_wCont/OII_all_cross/Cl_779.npy,/path/to/Cls_scattered_01_wCont/Cls_scattered_01_wCont/OIII_all_cross/Cl_779.npy,/path/to/Cls_scattered_01_wCont/Cls_scattered_01_wCont/OII_all_cross/Cl_779_1.npy,/path/to/Cls_scattered_01_wCont/Cls_scattered_01_wCont/OIII_all_cross/Cl_779_1.npy,/path/to/Cls_scattered_01_wCont/Cls_scattered_01_wCont/Shift7_all_cross/Cl_779.npy,/path/to/Cls_scattered_01_wCont/Cls_scattered_01_wCont/Ha/Cl_779.npy,/path/to/Cls_scattered_01_wCont/Cls_scattered_01_wCont/OII/Cl_779.npy,/path/to/Cls_scattered_01_wCont/Cls_scattered_01_wCont/OIII/Cl_779.npy,/path/to/Cls_scattered_01_wCont/Cls_scattered_01_wCont/Cont/Cl_779.npy,1.7870480719022452,1.2465396747924389
/path/to/Cls_scattered_01_wCont/Cls_scattered_01_wCont/Ha_OII_OIII_Cont/Cl_780.npy,/path/to/Cls_scattered_01_wCont/Cls_scattered_01_wCont/OII_all_cross/Cl_780.npy,/path/to/Cls_scattered_01_wCont/Cls_scattered_01_wCont/OIII_all_cross/Cl_780.npy,/path/to/Cls_scattered_01_wCont/Cls_scattered_01_wCont/OII_all_cross/Cl_780_1.npy,/path/to/Cls_scattered_01_wCont/Cls_scattered_01_wCont/OIII_all_cross/Cl_780_1.npy,/path/to/Cls_scattered_01_wCont/Cls_scattered_01_wCont/Shift7_all_cross/Cl_780.npy,/path/to/Cls_scattered_01_wCont/Cls_scattered_01_wCont/Ha/Cl_780.npy,/path/to/Cls_scattered_01_wCont/Cls_scattered_01_wCont/OII/Cl_780.npy,/path/to/Cls_scattered_01_wCont/Cls_scattered_01_wCont/OIII/Cl_780.npy,/path/to/Cls_scattered_01_wCont/Cls_scattered_01_wCont/Cont/Cl_780.npy,1.6311394637450576,0.5880026957020164
/path/to/Cls_scattered_01_wCont/Cls_scattered_01_wCont/Ha_OII_OIII_Cont/Cl_781.npy,/path/to/Cls_scattered_01_wCont/Cls_scattered_01_wCont/OII_all_cross/Cl_781.npy,/path/to/Cls_scattered_01_wCont/Cls_scattered_01_wCont/OIII_all_cross/Cl_781.npy,/path/to/Cls_scattered_01_wCont/Cls_scattered_01_wCont/OII_all_cross/Cl_781_1.npy,/path/to/Cls_scattered_01_wCont/Cls_scattered_01_wCont/OIII_all_cross/Cl_781_1.npy,/path/to/Cls_scattered_01_wCont/Cls_scattered_01_wCont/Shift7_all_cross/Cl_781.npy,/path/to/Cls_scattered_01_wCont/Cls_scattered_01_wCont/Ha/Cl_781.npy,/path/to/Cls_scattered_01_wCont/Cls_scattered_01_wCont/OII/Cl_781.npy,/path/to/Cls_scattered_01_wCont/Cls_scattered_01_wCont/OIII/Cl_781.npy,/path/to/Cls_scattered_01_wCont/Cls_scattered_01_wCont/Cont/Cl_781.npy,0.166609656997025,1.43657460603863
/path/to/Cls_scattered_01_wCont/Cls_scattered_01_wCont/Ha_OII_OIII_Cont/Cl_782.npy,/path/to/Cls_scattered_01_wCont/Cls_scattered_01_wCont/OII_all_cross/Cl_782.npy,/path/to/Cls_scattered_01_wCont/Cls_scattered_01_wCont/OIII_all_cross/Cl_782.npy,/path/to/Cls_scattered_01_wCont/Cls_scattered_01_wCont/OII_all_cross/Cl_782_1.npy,/path/to/Cls_scattered_01_wCont/Cls_scattered_01_wCont/OIII_all_cross/Cl_782_1.npy,/path/to/Cls_scattered_01_wCont/Cls_scattered_01_wCont/Shift7_all_cross/Cl_782.npy,/path/to/Cls_scattered_01_wCont/Cls_scattered_01_wCont/Ha/Cl_782.npy,/path/to/Cls_scattered_01_wCont/Cls_scattered_01_wCont/OII/Cl_782.npy,/path/to/Cls_scattered_01_wCont/Cls_scattered_01_wCont/OIII/Cl_782.npy,/path/to/Cls_scattered_01_wCont/Cls_scattered_01_wCont/Cont/Cl_782.npy,0.6332630009390413,0.14135061958804726
/path/to/Cls_scattered_01_wCont/Cls_scattered_01_wCont/Ha_OII_OIII_Cont/Cl_783.npy,/path/to/Cls_scattered_01_wCont/Cls_scattered_01_wCont/OII_all_cross/Cl_783.npy,/path/to/Cls_scattered_01_wCont/Cls_scattered_01_wCont/OIII_all_cross/Cl_783.npy,/path/to/Cls_scattered_01_wCont/Cls_scattered_01_wCont/OII_all_cross/Cl_783_1.npy,/path/to/Cls_scattered_01_wCont/Cls_scattered_01_wCont/OIII_all_cross/Cl_783_1.npy,/path/to/Cls_scattered_01_wCont/Cls_scattered_01_wCont/Shift7_all_cross/Cl_783.npy,/path/to/Cls_scattered_01_wCont/Cls_scattered_01_wCont/Ha/Cl_783.npy,/path/to/Cls_scattered_01_wCont/Cls_scattered_01_wCont/OII/Cl_783.npy,/path/to/Cls_scattered_01_wCont/Cls_scattered_01_wCont/OIII/Cl_783.npy,/path/to/Cls_scattered_01_wCont/Cls_scattered_01_wCont/Cont/Cl_783.npy,1.0605866965837776,1.8833315541036426
/path/to/Cls_scattered_01_wCont/Cls_scattered_01_wCont/Ha_OII_OIII_Cont/Cl_784.npy,/path/to/Cls_scattered_01_wCont/Cls_scattered_01_wCont/OII_all_cross/Cl_784.npy,/path/to/Cls_scattered_01_wCont/Cls_scattered_01_wCont/OIII_all_cross/Cl_784.npy,/path/to/Cls_scattered_01_wCont/Cls_scattered_01_wCont/OII_all_cross/Cl_784_1.npy,/path/to/Cls_scattered_01_wCont/Cls_scattered_01_wCont/OIII_all_cross/Cl_784_1.npy,/path/to/Cls_scattered_01_wCont/Cls_scattered_01_wCont/Shift7_all_cross/Cl_784.npy,/path/to/Cls_scattered_01_wCont/Cls_scattered_01_wCont/Ha/Cl_784.npy,/path/to/Cls_scattered_01_wCont/Cls_scattered_01_wCont/OII/Cl_784.npy,/path/to/Cls_scattered_01_wCont/Cls_scattered_01_wCont/OIII/Cl_784.npy,/path/to/Cls_scattered_01_wCont/Cls_scattered_01_wCont/Cont/Cl_784.npy,1.1423840402625502,0.17110732523724437
/path/to/Cls_scattered_01_wCont/Cls_scattered_01_wCont/Ha_OII_OIII_Cont/Cl_785.npy,/path/to/Cls_scattered_01_wCont/Cls_scattered_01_wCont/OII_all_cross/Cl_785.npy,/path/to/Cls_scattered_01_wCont/Cls_scattered_01_wCont/OIII_all_cross/Cl_785.npy,/path/to/Cls_scattered_01_wCont/Cls_scattered_01_wCont/OII_all_cross/Cl_785_1.npy,/path/to/Cls_scattered_01_wCont/Cls_scattered_01_wCont/OIII_all_cross/Cl_785_1.npy,/path/to/Cls_scattered_01_wCont/Cls_scattered_01_wCont/Shift7_all_cross/Cl_785.npy,/path/to/Cls_scattered_01_wCont/Cls_scattered_01_wCont/Ha/Cl_785.npy,/path/to/Cls_scattered_01_wCont/Cls_scattered_01_wCont/OII/Cl_785.npy,/path/to/Cls_scattered_01_wCont/Cls_scattered_01_wCont/OIII/Cl_785.npy,/path/to/Cls_scattered_01_wCont/Cls_scattered_01_wCont/Cont/Cl_785.npy,0.6549623641185462,1.9722018531523644
/path/to/Cls_scattered_01_wCont/Cls_scattered_01_wCont/Ha_OII_OIII_Cont/Cl_786.npy,/path/to/Cls_scattered_01_wCont/Cls_scattered_01_wCont/OII_all_cross/Cl_786.npy,/path/to/Cls_scattered_01_wCont/Cls_scattered_01_wCont/OIII_all_cross/Cl_786.npy,/path/to/Cls_scattered_01_wCont/Cls_scattered_01_wCont/OII_all_cross/Cl_786_1.npy,/path/to/Cls_scattered_01_wCont/Cls_scattered_01_wCont/OIII_all_cross/Cl_786_1.npy,/path/to/Cls_scattered_01_wCont/Cls_scattered_01_wCont/Shift7_all_cross/Cl_786.npy,/path/to/Cls_scattered_01_wCont/Cls_scattered_01_wCont/Ha/Cl_786.npy,/path/to/Cls_scattered_01_wCont/Cls_scattered_01_wCont/OII/Cl_786.npy,/path/to/Cls_scattered_01_wCont/Cls_scattered_01_wCont/OIII/Cl_786.npy,/path/to/Cls_scattered_01_wCont/Cls_scattered_01_wCont/Cont/Cl_786.npy,0.14378323443233967,0.6772419594228267
/path/to/Cls_scattered_01_wCont/Cls_scattered_01_wCont/Ha_OII_OIII_Cont/Cl_787.npy,/path/to/Cls_scattered_01_wCont/Cls_scattered_01_wCont/OII_all_cross/Cl_787.npy,/path/to/Cls_scattered_01_wCont/Cls_scattered_01_wCont/OIII_all_cross/Cl_787.npy,/path/to/Cls_scattered_01_wCont/Cls_scattered_01_wCont/OII_all_cross/Cl_787_1.npy,/path/to/Cls_scattered_01_wCont/Cls_scattered_01_wCont/OIII_all_cross/Cl_787_1.npy,/path/to/Cls_scattered_01_wCont/Cls_scattered_01_wCont/Shift7_all_cross/Cl_787.npy,/path/to/Cls_scattered_01_wCont/Cls_scattered_01_wCont/Ha/Cl_787.npy,/path/to/Cls_scattered_01_wCont/Cls_scattered_01_wCont/OII/Cl_787.npy,/path/to/Cls_scattered_01_wCont/Cls_scattered_01_wCont/OIII/Cl_787.npy,/path/to/Cls_scattered_01_wCont/Cls_scattered_01_wCont/Cont/Cl_787.npy,1.5496646456420422,1.4661793317645788
/path/to/Cls_scattered_01_wCont/Cls_scattered_01_wCont/Ha_OII_OIII_Cont/Cl_788.npy,/path/to/Cls_scattered_01_wCont/Cls_scattered_01_wCont/OII_all_cross/Cl_788.npy,/path/to/Cls_scattered_01_wCont/Cls_scattered_01_wCont/OIII_all_cross/Cl_788.npy,/path/to/Cls_scattered_01_wCont/Cls_scattered_01_wCont/OII_all_cross/Cl_788_1.npy,/path/to/Cls_scattered_01_wCont/Cls_scattered_01_wCont/OIII_all_cross/Cl_788_1.npy,/path/to/Cls_scattered_01_wCont/Cls_scattered_01_wCont/Shift7_all_cross/Cl_788.npy,/path/to/Cls_scattered_01_wCont/Cls_scattered_01_wCont/Ha/Cl_788.npy,/path/to/Cls_scattered_01_wCont/Cls_scattered_01_wCont/OII/Cl_788.npy,/path/to/Cls_scattered_01_wCont/Cls_scattered_01_wCont/OIII/Cl_788.npy,/path/to/Cls_scattered_01_wCont/Cls_scattered_01_wCont/Cont/Cl_788.npy,1.868754851911217,0.839644633885473
/path/to/Cls_scattered_01_wCont/Cls_scattered_01_wCont/Ha_OII_OIII_Cont/Cl_789.npy,/path/to/Cls_scattered_01_wCont/Cls_scattered_01_wCont/OII_all_cross/Cl_789.npy,/path/to/Cls_scattered_01_wCont/Cls_scattered_01_wCont/OIII_all_cross/Cl_789.npy,/path/to/Cls_scattered_01_wCont/Cls_scattered_01_wCont/OII_all_cross/Cl_789_1.npy,/path/to/Cls_scattered_01_wCont/Cls_scattered_01_wCont/OIII_all_cross/Cl_789_1.npy,/path/to/Cls_scattered_01_wCont/Cls_scattered_01_wCont/Shift7_all_cross/Cl_789.npy,/path/to/Cls_scattered_01_wCont/Cls_scattered_01_wCont/Ha/Cl_789.npy,/path/to/Cls_scattered_01_wCont/Cls_scattered_01_wCont/OII/Cl_789.npy,/path/to/Cls_scattered_01_wCont/Cls_scattered_01_wCont/OIII/Cl_789.npy,/path/to/Cls_scattered_01_wCont/Cls_scattered_01_wCont/Cont/Cl_789.npy,0.4035303202457726,1.2169284018687905
/path/to/Cls_scattered_01_wCont/Cls_scattered_01_wCont/Ha_OII_OIII_Cont/Cl_790.npy,/path/to/Cls_scattered_01_wCont/Cls_scattered_01_wCont/OII_all_cross/Cl_790.npy,/path/to/Cls_scattered_01_wCont/Cls_scattered_01_wCont/OIII_all_cross/Cl_790.npy,/path/to/Cls_scattered_01_wCont/Cls_scattered_01_wCont/OII_all_cross/Cl_790_1.npy,/path/to/Cls_scattered_01_wCont/Cls_scattered_01_wCont/OIII_all_cross/Cl_790_1.npy,/path/to/Cls_scattered_01_wCont/Cls_scattered_01_wCont/Shift7_all_cross/Cl_790.npy,/path/to/Cls_scattered_01_wCont/Cls_scattered_01_wCont/Ha/Cl_790.npy,/path/to/Cls_scattered_01_wCont/Cls_scattered_01_wCont/OII/Cl_790.npy,/path/to/Cls_scattered_01_wCont/Cls_scattered_01_wCont/OIII/Cl_790.npy,/path/to/Cls_scattered_01_wCont/Cls_scattered_01_wCont/Cont/Cl_790.npy,0.8701827263459563,0.39671552442014213
/path/to/Cls_scattered_01_wCont/Cls_scattered_01_wCont/Ha_OII_OIII_Cont/Cl_791.npy,/path/to/Cls_scattered_01_wCont/Cls_scattered_01_wCont/OII_all_cross/Cl_791.npy,/path/to/Cls_scattered_01_wCont/Cls_scattered_01_wCont/OIII_all_cross/Cl_791.npy,/path/to/Cls_scattered_01_wCont/Cls_scattered_01_wCont/OII_all_cross/Cl_791_1.npy,/path/to/Cls_scattered_01_wCont/Cls_scattered_01_wCont/OIII_all_cross/Cl_791_1.npy,/path/to/Cls_scattered_01_wCont/Cls_scattered_01_wCont/Shift7_all_cross/Cl_791.npy,/path/to/Cls_scattered_01_wCont/Cls_scattered_01_wCont/Ha/Cl_791.npy,/path/to/Cls_scattered_01_wCont/Cls_scattered_01_wCont/OII/Cl_791.npy,/path/to/Cls_scattered_01_wCont/Cls_scattered_01_wCont/OIII/Cl_791.npy,/path/to/Cls_scattered_01_wCont/Cls_scattered_01_wCont/Cont/Cl_791.npy,1.2982029588893056,1.6599845729768277
/path/to/Cls_scattered_01_wCont/Cls_scattered_01_wCont/Ha_OII_OIII_Cont/Cl_792.npy,/path/to/Cls_scattered_01_wCont/Cls_scattered_01_wCont/OII_all_cross/Cl_792.npy,/path/to/Cls_scattered_01_wCont/Cls_scattered_01_wCont/OIII_all_cross/Cl_792.npy,/path/to/Cls_scattered_01_wCont/Cls_scattered_01_wCont/OII_all_cross/Cl_792_1.npy,/path/to/Cls_scattered_01_wCont/Cls_scattered_01_wCont/OIII_all_cross/Cl_792_1.npy,/path/to/Cls_scattered_01_wCont/Cls_scattered_01_wCont/Shift7_all_cross/Cl_792.npy,/path/to/Cls_scattered_01_wCont/Cls_scattered_01_wCont/Ha/Cl_792.npy,/path/to/Cls_scattered_01_wCont/Cls_scattered_01_wCont/OII/Cl_792.npy,/path/to/Cls_scattered_01_wCont/Cls_scattered_01_wCont/OIII/Cl_792.npy,/path/to/Cls_scattered_01_wCont/Cls_scattered_01_wCont/Cont/Cl_792.npy,1.4185594766400755,0.6974693426862358
/path/to/Cls_scattered_01_wCont/Cls_scattered_01_wCont/Ha_OII_OIII_Cont/Cl_793.npy,/path/to/Cls_scattered_01_wCont/Cls_scattered_01_wCont/OII_all_cross/Cl_793.npy,/path/to/Cls_scattered_01_wCont/Cls_scattered_01_wCont/OIII_all_cross/Cl_793.npy,/path/to/Cls_scattered_01_wCont/Cls_scattered_01_wCont/OII_all_cross/Cl_793_1.npy,/path/to/Cls_scattered_01_wCont/Cls_scattered_01_wCont/OIII_all_cross/Cl_793_1.npy,/path/to/Cls_scattered_01_wCont/Cls_scattered_01_wCont/Shift7_all_cross/Cl_793.npy,/path/to/Cls_scattered_01_wCont/Cls_scattered_01_wCont/Ha/Cl_793.npy,/path/to/Cls_scattered_01_wCont/Cls_scattered_01_wCont/OII/Cl_793.npy,/path/to/Cls_scattered_01_wCont/Cls_scattered_01_wCont/OIII/Cl_793.npy,/path/to/Cls_scattered_01_wCont/Cls_scattered_01_wCont/Cont/Cl_793.npy,0.984017980378121,1.3270968606695532
/path/to/Cls_scattered_01_wCont/Cls_scattered_01_wCont/Ha_OII_OIII_Cont/Cl_794.npy,/path/to/Cls_scattered_01_wCont/Cls_scattered_01_wCont/OII_all_cross/Cl_794.npy,/path/to/Cls_scattered_01_wCont/Cls_scattered_01_wCont/OIII_all_cross/Cl_794.npy,/path/to/Cls_scattered_01_wCont/Cls_scattered_01_wCont/OII_all_cross/Cl_794_1.npy,/path/to/Cls_scattered_01_wCont/Cls_scattered_01_wCont/OIII_all_cross/Cl_794_1.npy,/path/to/Cls_scattered_01_wCont/Cls_scattered_01_wCont/Shift7_all_cross/Cl_794.npy,/path/to/Cls_scattered_01_wCont/Cls_scattered_01_wCont/Ha/Cl_794.npy,/path/to/Cls_scattered_01_wCont/Cls_scattered_01_wCont/OII/Cl_794.npy,/path/to/Cls_scattered_01_wCont/Cls_scattered_01_wCont/OIII/Cl_794.npy,/path/to/Cls_scattered_01_wCont/Cls_scattered_01_wCont/Cont/Cl_794.npy,0.5173705536872149,0.25454023675993087
/path/to/Cls_scattered_01_wCont/Cls_scattered_01_wCont/Ha_OII_OIII_Cont/Cl_795.npy,/path/to/Cls_scattered_01_wCont/Cls_scattered_01_wCont/OII_all_cross/Cl_795.npy,/path/to/Cls_scattered_01_wCont/Cls_scattered_01_wCont/OIII_all_cross/Cl_795.npy,/path/to/Cls_scattered_01_wCont/Cls_scattered_01_wCont/OII_all_cross/Cl_795_1.npy,/path/to/Cls_scattered_01_wCont/Cls_scattered_01_wCont/OIII_all_cross/Cl_795_1.npy,/path/to/Cls_scattered_01_wCont/Cls_scattered_01_wCont/Shift7_all_cross/Cl_795.npy,/path/to/Cls_scattered_01_wCont/Cls_scattered_01_wCont/Ha/Cl_795.npy,/path/to/Cls_scattered_01_wCont/Cls_scattered_01_wCont/OII/Cl_795.npy,/path/to/Cls_scattered_01_wCont/Cls_scattered_01_wCont/OIII/Cl_795.npy,/path/to/Cls_scattered_01_wCont/Cls_scattered_01_wCont/Cont/Cl_795.npy,1.9891199730336666,1.7701530353166164
/path/to/Cls_scattered_01_wCont/Cls_scattered_01_wCont/Ha_OII_OIII_Cont/Cl_796.npy,/path/to/Cls_scattered_01_wCont/Cls_scattered_01_wCont/OII_all_cross/Cl_796.npy,/path/to/Cls_scattered_01_wCont/Cls_scattered_01_wCont/OIII_all_cross/Cl_796.npy,/path/to/Cls_scattered_01_wCont/Cls_scattered_01_wCont/OII_all_cross/Cl_796_1.npy,/path/to/Cls_scattered_01_wCont/Cls_scattered_01_wCont/OIII_all_cross/Cl_796_1.npy,/path/to/Cls_scattered_01_wCont/Cls_scattered_01_wCont/Shift7_all_cross/Cl_796.npy,/path/to/Cls_scattered_01_wCont/Cls_scattered_01_wCont/Ha/Cl_796.npy,/path/to/Cls_scattered_01_wCont/Cls_scattered_01_wCont/OII/Cl_796.npy,/path/to/Cls_scattered_01_wCont/Cls_scattered_01_wCont/OIII/Cl_796.npy,/path/to/Cls_scattered_01_wCont/Cls_scattered_01_wCont/Cont/Cl_796.npy,1.6700461418367922,0.5359388699755072
/path/to/Cls_scattered_01_wCont/Cls_scattered_01_wCont/Ha_OII_OIII_Cont/Cl_797.npy,/path/to/Cls_scattered_01_wCont/Cls_scattered_01_wCont/OII_all_cross/Cl_797.npy,/path/to/Cls_scattered_01_wCont/Cls_scattered_01_wCont/OIII_all_cross/Cl_797.npy,/path/to/Cls_scattered_01_wCont/Cls_scattered_01_wCont/OII_all_cross/Cl_797_1.npy,/path/to/Cls_scattered_01_wCont/Cls_scattered_01_wCont/OIII_all_cross/Cl_797_1.npy,/path/to/Cls_scattered_01_wCont/Cls_scattered_01_wCont/Shift7_all_cross/Cl_797.npy,/path/to/Cls_scattered_01_wCont/Cls_scattered_01_wCont/Ha/Cl_797.npy,/path/to/Cls_scattered_01_wCont/Cls_scattered_01_wCont/OII/Cl_797.npy,/path/to/Cls_scattered_01_wCont/Cls_scattered_01_wCont/OIII/Cl_797.npy,/path/to/Cls_scattered_01_wCont/Cls_scattered_01_wCont/Cont/Cl_797.npy,0.2577013370580971,1.6393771478906274
/path/to/Cls_scattered_01_wCont/Cls_scattered_01_wCont/Ha_OII_OIII_Cont/Cl_798.npy,/path/to/Cls_scattered_01_wCont/Cls_scattered_01_wCont/OII_all_cross/Cl_798.npy,/path/to/Cls_scattered_01_wCont/Cls_scattered_01_wCont/OIII_all_cross/Cl_798.npy,/path/to/Cls_scattered_01_wCont/Cls_scattered_01_wCont/OII_all_cross/Cl_798_1.npy,/path/to/Cls_scattered_01_wCont/Cls_scattered_01_wCont/OIII_all_cross/Cl_798_1.npy,/path/to/Cls_scattered_01_wCont/Cls_scattered_01_wCont/Shift7_all_cross/Cl_798.npy,/path/to/Cls_scattered_01_wCont/Cls_scattered_01_wCont/Ha/Cl_798.npy,/path/to/Cls_scattered_01_wCont/Cls_scattered_01_wCont/OII/Cl_798.npy,/path/to/Cls_scattered_01_wCont/Cls_scattered_01_wCont/OIII/Cl_798.npy,/path/to/Cls_scattered_01_wCont/Cls_scattered_01_wCont/Cont/Cl_798.npy,0.7688863521441817,1.0420735077001155
/path/to/Cls_scattered_01_wCont/Cls_scattered_01_wCont/Ha_OII_OIII_Cont/Cl_799.npy,/path/to/Cls_scattered_01_wCont/Cls_scattered_01_wCont/OII_all_cross/Cl_799.npy,/path/to/Cls_scattered_01_wCont/Cls_scattered_01_wCont/OIII_all_cross/Cl_799.npy,/path/to/Cls_scattered_01_wCont/Cls_scattered_01_wCont/OII_all_cross/Cl_799_1.npy,/path/to/Cls_scattered_01_wCont/Cls_scattered_01_wCont/OIII_all_cross/Cl_799_1.npy,/path/to/Cls_scattered_01_wCont/Cls_scattered_01_wCont/Shift7_all_cross/Cl_799.npy,/path/to/Cls_scattered_01_wCont/Cls_scattered_01_wCont/Ha/Cl_799.npy,/path/to/Cls_scattered_01_wCont/Cls_scattered_01_wCont/OII/Cl_799.npy,/path/to/Cls_scattered_01_wCont/Cls_scattered_01_wCont/OIII/Cl_799.npy,/path/to/Cls_scattered_01_wCont/Cls_scattered_01_wCont/Cont/Cl_799.npy,1.2627750458195806,1.1333546300418675
/path/to/Cls_scattered_01_wCont/Cls_scattered_01_wCont/Ha_OII_OIII_Cont/Cl_800.npy,/path/to/Cls_scattered_01_wCont/Cls_scattered_01_wCont/OII_all_cross/Cl_800.npy,/path/to/Cls_scattered_01_wCont/Cls_scattered_01_wCont/OIII_all_cross/Cl_800.npy,/path/to/Cls_scattered_01_wCont/Cls_scattered_01_wCont/OII_all_cross/Cl_800_1.npy,/path/to/Cls_scattered_01_wCont/Cls_scattered_01_wCont/OIII_all_cross/Cl_800_1.npy,/path/to/Cls_scattered_01_wCont/Cls_scattered_01_wCont/Shift7_all_cross/Cl_800.npy,/path/to/Cls_scattered_01_wCont/Cls_scattered_01_wCont/Ha/Cl_800.npy,/path/to/Cls_scattered_01_wCont/Cls_scattered_01_wCont/OII/Cl_800.npy,/path/to/Cls_scattered_01_wCont/Cls_scattered_01_wCont/OIII/Cl_800.npy,/path/to/Cls_scattered_01_wCont/Cls_scattered_01_wCont/Cont/Cl_800.npy,1.2439865508116783,0.4793409045785665
/path/to/Cls_scattered_01_wCont/Cls_scattered_01_wCont/Ha_OII_OIII_Cont/Cl_801.npy,/path/to/Cls_scattered_01_wCont/Cls_scattered_01_wCont/OII_all_cross/Cl_801.npy,/path/to/Cls_scattered_01_wCont/Cls_scattered_01_wCont/OIII_all_cross/Cl_801.npy,/path/to/Cls_scattered_01_wCont/Cls_scattered_01_wCont/OII_all_cross/Cl_801_1.npy,/path/to/Cls_scattered_01_wCont/Cls_scattered_01_wCont/OIII_all_cross/Cl_801_1.npy,/path/to/Cls_scattered_01_wCont/Cls_scattered_01_wCont/Shift7_all_cross/Cl_801.npy,/path/to/Cls_scattered_01_wCont/Cls_scattered_01_wCont/Ha/Cl_801.npy,/path/to/Cls_scattered_01_wCont/Cls_scattered_01_wCont/OII/Cl_801.npy,/path/to/Cls_scattered_01_wCont/Cls_scattered_01_wCont/OIII/Cl_801.npy,/path/to/Cls_scattered_01_wCont/Cls_scattered_01_wCont/Cont/Cl_801.npy,0.7872072462923825,1.5753859452903272
/path/to/Cls_scattered_01_wCont/Cls_scattered_01_wCont/Ha_OII_OIII_Cont/Cl_802.npy,/path/to/Cls_scattered_01_wCont/Cls_scattered_01_wCont/OII_all_cross/Cl_802.npy,/path/to/Cls_scattered_01_wCont/Cls_scattered_01_wCont/OIII_all_cross/Cl_802.npy,/path/to/Cls_scattered_01_wCont/Cls_scattered_01_wCont/OII_all_cross/Cl_802_1.npy,/path/to/Cls_scattered_01_wCont/Cls_scattered_01_wCont/OIII_all_cross/Cl_802_1.npy,/path/to/Cls_scattered_01_wCont/Cls_scattered_01_wCont/Shift7_all_cross/Cl_802.npy,/path/to/Cls_scattered_01_wCont/Cls_scattered_01_wCont/Ha/Cl_802.npy,/path/to/Cls_scattered_01_wCont/Cls_scattered_01_wCont/OII/Cl_802.npy,/path/to/Cls_scattered_01_wCont/Cls_scattered_01_wCont/OIII/Cl_802.npy,/path/to/Cls_scattered_01_wCont/Cls_scattered_01_wCont/Cont/Cl_802.npy,0.24634196143597364,0.9854720315895974
/path/to/Cls_scattered_01_wCont/Cls_scattered_01_wCont/Ha_OII_OIII_Cont/Cl_803.npy,/path/to/Cls_scattered_01_wCont/Cls_scattered_01_wCont/OII_all_cross/Cl_803.npy,/path/to/Cls_scattered_01_wCont/Cls_scattered_01_wCont/OIII_all_cross/Cl_803.npy,/path/to/Cls_scattered_01_wCont/Cls_scattered_01_wCont/OII_all_cross/Cl_803_1.npy,/path/to/Cls_scattered_01_wCont/Cls_scattered_01_wCont/OIII_all_cross/Cl_803_1.npy,/path/to/Cls_scattered_01_wCont/Cls_scattered_01_wCont/Shift7_all_cross/Cl_803.npy,/path/to/Cls_scattered_01_wCont/Cls_scattered_01_wCont/Ha/Cl_803.npy,/path/to/Cls_scattered_01_wCont/Cls_scattered_01_wCont/OII/Cl_803.npy,/path/to/Cls_scattered_01_wCont/Cls_scattered_01_wCont/OIII/Cl_803.npy,/path/to/Cls_scattered_01_wCont/Cls_scattered_01_wCont/Cont/Cl_803.npy,1.6809524053707718,1.0693596902303397
/path/to/Cls_scattered_01_wCont/Cls_scattered_01_wCont/Ha_OII_OIII_Cont/Cl_804.npy,/path/to/Cls_scattered_01_wCont/Cls_scattered_01_wCont/OII_all_cross/Cl_804.npy,/path/to/Cls_scattered_01_wCont/Cls_scattered_01_wCont/OIII_all_cross/Cl_804.npy,/path/to/Cls_scattered_01_wCont/Cls_scattered_01_wCont/OII_all_cross/Cl_804_1.npy,/path/to/Cls_scattered_01_wCont/Cls_scattered_01_wCont/OIII_all_cross/Cl_804_1.npy,/path/to/Cls_scattered_01_wCont/Cls_scattered_01_wCont/Shift7_all_cross/Cl_804.npy,/path/to/Cls_scattered_01_wCont/Cls_scattered_01_wCont/Ha/Cl_804.npy,/path/to/Cls_scattered_01_wCont/Cls_scattered_01_wCont/OII/Cl_804.npy,/path/to/Cls_scattered_01_wCont/Cls_scattered_01_wCont/OIII/Cl_804.npy,/path/to/Cls_scattered_01_wCont/Cls_scattered_01_wCont/Cont/Cl_804.npy,1.94064048146829,0.7614909879863262
/path/to/Cls_scattered_01_wCont/Cls_scattered_01_wCont/Ha_OII_OIII_Cont/Cl_805.npy,/path/to/Cls_scattered_01_wCont/Cls_scattered_01_wCont/OII_all_cross/Cl_805.npy,/path/to/Cls_scattered_01_wCont/Cls_scattered_01_wCont/OIII_all_cross/Cl_805.npy,/path/to/Cls_scattered_01_wCont/Cls_scattered_01_wCont/OII_all_cross/Cl_805_1.npy,/path/to/Cls_scattered_01_wCont/Cls_scattered_01_wCont/OIII_all_cross/Cl_805_1.npy,/path/to/Cls_scattered_01_wCont/Cls_scattered_01_wCont/Shift7_all_cross/Cl_805.npy,/path/to/Cls_scattered_01_wCont/Cls_scattered_01_wCont/Ha/Cl_805.npy,/path/to/Cls_scattered_01_wCont/Cls_scattered_01_wCont/OII/Cl_805.npy,/path/to/Cls_scattered_01_wCont/Cls_scattered_01_wCont/OIII/Cl_805.npy,/path/to/Cls_scattered_01_wCont/Cls_scattered_01_wCont/Cont/Cl_805.npy,0.5653754229657352,1.3836679931730032
/path/to/Cls_scattered_01_wCont/Cls_scattered_01_wCont/Ha_OII_OIII_Cont/Cl_806.npy,/path/to/Cls_scattered_01_wCont/Cls_scattered_01_wCont/OII_all_cross/Cl_806.npy,/path/to/Cls_scattered_01_wCont/Cls_scattered_01_wCont/OIII_all_cross/Cl_806.npy,/path/to/Cls_scattered_01_wCont/Cls_scattered_01_wCont/OII_all_cross/Cl_806_1.npy,/path/to/Cls_scattered_01_wCont/Cls_scattered_01_wCont/OIII_all_cross/Cl_806_1.npy,/path/to/Cls_scattered_01_wCont/Cls_scattered_01_wCont/Shift7_all_cross/Cl_806.npy,/path/to/Cls_scattered_01_wCont/Cls_scattered_01_wCont/Ha/Cl_806.npy,/path/to/Cls_scattered_01_wCont/Cls_scattered_01_wCont/OII/Cl_806.npy,/path/to/Cls_scattered_01_wCont/Cls_scattered_01_wCont/OIII/Cl_806.npy,/path/to/Cls_scattered_01_wCont/Cls_scattered_01_wCont/Cont/Cl_806.npy,0.9429676081985234,0.31855814484879375
/path/to/Cls_scattered_01_wCont/Cls_scattered_01_wCont/Ha_OII_OIII_Cont/Cl_807.npy,/path/to/Cls_scattered_01_wCont/Cls_scattered_01_wCont/OII_all_cross/Cl_807.npy,/path/to/Cls_scattered_01_wCont/Cls_scattered_01_wCont/OIII_all_cross/Cl_807.npy,/path/to/Cls_scattered_01_wCont/Cls_scattered_01_wCont/OII_all_cross/Cl_807_1.npy,/path/to/Cls_scattered_01_wCont/Cls_scattered_01_wCont/OIII_all_cross/Cl_807_1.npy,/path/to/Cls_scattered_01_wCont/Cls_scattered_01_wCont/Shift7_all_cross/Cl_807.npy,/path/to/Cls_scattered_01_wCont/Cls_scattered_01_wCont/Ha/Cl_807.npy,/path/to/Cls_scattered_01_wCont/Cls_scattered_01_wCont/OII/Cl_807.npy,/path/to/Cls_scattered_01_wCont/Cls_scattered_01_wCont/OIII/Cl_807.npy,/path/to/Cls_scattered_01_wCont/Cls_scattered_01_wCont/Cont/Cl_807.npy,1.4591497153043747,1.826720657106489
/path/to/Cls_scattered_01_wCont/Cls_scattered_01_wCont/Ha_OII_OIII_Cont/Cl_808.npy,/path/to/Cls_scattered_01_wCont/Cls_scattered_01_wCont/OII_all_cross/Cl_808.npy,/path/to/Cls_scattered_01_wCont/Cls_scattered_01_wCont/OIII_all_cross/Cl_808.npy,/path/to/Cls_scattered_01_wCont/Cls_scattered_01_wCont/OII_all_cross/Cl_808_1.npy,/path/to/Cls_scattered_01_wCont/Cls_scattered_01_wCont/OIII_all_cross/Cl_808_1.npy,/path/to/Cls_scattered_01_wCont/Cls_scattered_01_wCont/Shift7_all_cross/Cl_808.npy,/path/to/Cls_scattered_01_wCont/Cls_scattered_01_wCont/Ha/Cl_808.npy,/path/to/Cls_scattered_01_wCont/Cls_scattered_01_wCont/OII/Cl_808.npy,/path/to/Cls_scattered_01_wCont/Cls_scattered_01_wCont/OIII/Cl_808.npy,/path/to/Cls_scattered_01_wCont/Cls_scattered_01_wCont/Cont/Cl_808.npy,1.3466753193177283,0.8869670675136149
/path/to/Cls_scattered_01_wCont/Cls_scattered_01_wCont/Ha_OII_OIII_Cont/Cl_809.npy,/path/to/Cls_scattered_01_wCont/Cls_scattered_01_wCont/OII_all_cross/Cl_809.npy,/path/to/Cls_scattered_01_wCont/Cls_scattered_01_wCont/OIII_all_cross/Cl_809.npy,/path/to/Cls_scattered_01_wCont/Cls_scattered_01_wCont/OII_all_cross/Cl_809_1.npy,/path/to/Cls_scattered_01_wCont/Cls_scattered_01_wCont/OIII_all_cross/Cl_809_1.npy,/path/to/Cls_scattered_01_wCont/Cls_scattered_01_wCont/Shift7_all_cross/Cl_809.npy,/path/to/Cls_scattered_01_wCont/Cls_scattered_01_wCont/Ha/Cl_809.npy,/path/to/Cls_scattered_01_wCont/Cls_scattered_01_wCont/OII/Cl_809.npy,/path/to/Cls_scattered_01_wCont/Cls_scattered_01_wCont/OIII/Cl_809.npy,/path/to/Cls_scattered_01_wCont/Cls_scattered_01_wCont/Cont/Cl_809.npy,0.8221707259304821,1.2864878227002918
/path/to/Cls_scattered_01_wCont/Cls_scattered_01_wCont/Ha_OII_OIII_Cont/Cl_810.npy,/path/to/Cls_scattered_01_wCont/Cls_scattered_01_wCont/OII_all_cross/Cl_810.npy,/path/to/Cls_scattered_01_wCont/Cls_scattered_01_wCont/OIII_all_cross/Cl_810.npy,/path/to/Cls_scattered_01_wCont/Cls_scattered_01_wCont/OII_all_cross/Cl_810_1.npy,/path/to/Cls_scattered_01_wCont/Cls_scattered_01_wCont/OIII_all_cross/Cl_810_1.npy,/path/to/Cls_scattered_01_wCont/Cls_scattered_01_wCont/Shift7_all_cross/Cl_810.npy,/path/to/Cls_scattered_01_wCont/Cls_scattered_01_wCont/Ha/Cl_810.npy,/path/to/Cls_scattered_01_wCont/Cls_scattered_01_wCont/OII/Cl_810.npy,/path/to/Cls_scattered_01_wCont/Cls_scattered_01_wCont/OIII/Cl_810.npy,/path/to/Cls_scattered_01_wCont/Cls_scattered_01_wCont/Cont/Cl_810.npy,0.44458805005997415,0.4440342208370567
/path/to/Cls_scattered_01_wCont/Cls_scattered_01_wCont/Ha_OII_OIII_Cont/Cl_811.npy,/path/to/Cls_scattered_01_wCont/Cls_scattered_01_wCont/OII_all_cross/Cl_811.npy,/path/to/Cls_scattered_01_wCont/Cls_scattered_01_wCont/OIII_all_cross/Cl_811.npy,/path/to/Cls_scattered_01_wCont/Cls_scattered_01_wCont/OII_all_cross/Cl_811_1.npy,/path/to/Cls_scattered_01_wCont/Cls_scattered_01_wCont/OIII_all_cross/Cl_811_1.npy,/path/to/Cls_scattered_01_wCont/Cls_scattered_01_wCont/Shift7_all_cross/Cl_811.npy,/path/to/Cls_scattered_01_wCont/Cls_scattered_01_wCont/Ha/Cl_811.npy,/path/to/Cls_scattered_01_wCont/Cls_scattered_01_wCont/OII/Cl_811.npy,/path/to/Cls_scattered_01_wCont/Cls_scattered_01_wCont/OIII/Cl_811.npy,/path/to/Cls_scattered_01_wCont/Cls_scattered_01_wCont/Cont/Cl_811.npy,1.8281719708815216,1.7295404830947518
/path/to/Cls_scattered_01_wCont/Cls_scattered_01_wCont/Ha_OII_OIII_Cont/Cl_812.npy,/path/to/Cls_scattered_01_wCont/Cls_scattered_01_wCont/OII_all_cross/Cl_812.npy,/path/to/Cls_scattered_01_wCont/Cls_scattered_01_wCont/OIII_all_cross/Cl_812.npy,/path/to/Cls_scattered_01_wCont/Cls_scattered_01_wCont/OII_all_cross/Cl_812_1.npy,/path/to/Cls_scattered_01_wCont/Cls_scattered_01_wCont/OIII_all_cross/Cl_812_1.npy,/path/to/Cls_scattered_01_wCont/Cls_scattered_01_wCont/Shift7_all_cross/Cl_812.npy,/path/to/Cls_scattered_01_wCont/Cls_scattered_01_wCont/Ha/Cl_812.npy,/path/to/Cls_scattered_01_wCont/Cls_scattered_01_wCont/OII/Cl_812.npy,/path/to/Cls_scattered_01_wCont/Cls_scattered_01_wCont/OIII/Cl_812.npy,/path/to/Cls_scattered_01_wCont/Cls_scattered_01_wCont/Cont/Cl_812.npy,1.5684457830153407,0.10152108566835523
/path/to/Cls_scattered_01_wCont/Cls_scattered_01_wCont/Ha_OII_OIII_Cont/Cl_813.npy,/path/to/Cls_scattered_01_wCont/Cls_scattered_01_wCont/OII_all_cross/Cl_813.npy,/path/to/Cls_scattered_01_wCont/Cls_scattered_01_wCont/OIII_all_cross/Cl_813.npy,/path/to/Cls_scattered_01_wCont/Cls_scattered_01_wCont/OII_all_cross/Cl_813_1.npy,/path/to/Cls_scattered_01_wCont/Cls_scattered_01_wCont/OIII_all_cross/Cl_813_1.npy,/path/to/Cls_scattered_01_wCont/Cls_scattered_01_wCont/Shift7_all_cross/Cl_813.npy,/path/to/Cls_scattered_01_wCont/Cls_scattered_01_wCont/Ha/Cl_813.npy,/path/to/Cls_scattered_01_wCont/Cls_scattered_01_wCont/OII/Cl_813.npy,/path/to/Cls_scattered_01_wCont/Cls_scattered_01_wCont/OIII/Cl_813.npy,/path/to/Cls_scattered_01_wCont/Cls_scattered_01_wCont/Cont/Cl_813.npy,0.12545498264953495,1.9249098763801158
/path/to/Cls_scattered_01_wCont/Cls_scattered_01_wCont/Ha_OII_OIII_Cont/Cl_814.npy,/path/to/Cls_scattered_01_wCont/Cls_scattered_01_wCont/OII_all_cross/Cl_814.npy,/path/to/Cls_scattered_01_wCont/Cls_scattered_01_wCont/OIII_all_cross/Cl_814.npy,/path/to/Cls_scattered_01_wCont/Cls_scattered_01_wCont/OII_all_cross/Cl_814_1.npy,/path/to/Cls_scattered_01_wCont/Cls_scattered_01_wCont/OIII_all_cross/Cl_814_1.npy,/path/to/Cls_scattered_01_wCont/Cls_scattered_01_wCont/Shift7_all_cross/Cl_814.npy,/path/to/Cls_scattered_01_wCont/Cls_scattered_01_wCont/Ha/Cl_814.npy,/path/to/Cls_scattered_01_wCont/Cls_scattered_01_wCont/OII/Cl_814.npy,/path/to/Cls_scattered_01_wCont/Cls_scattered_01_wCont/OIII/Cl_814.npy,/path/to/Cls_scattered_01_wCont/Cls_scattered_01_wCont/Cont/Cl_814.npy,0.6663288708776235,0.6076522091403603
/path/to/Cls_scattered_01_wCont/Cls_scattered_01_wCont/Ha_OII_OIII_Cont/Cl_815.npy,/path/to/Cls_scattered_01_wCont/Cls_scattered_01_wCont/OII_all_cross/Cl_815.npy,/path/to/Cls_scattered_01_wCont/Cls_scattered_01_wCont/OIII_all_cross/Cl_815.npy,/path/to/Cls_scattered_01_wCont/Cls_scattered_01_wCont/OII_all_cross/Cl_815_1.npy,/path/to/Cls_scattered_01_wCont/Cls_scattered_01_wCont/OIII_all_cross/Cl_815_1.npy,/path/to/Cls_scattered_01_wCont/Cls_scattered_01_wCont/Shift7_all_cross/Cl_815.npy,/path/to/Cls_scattered_01_wCont/Cls_scattered_01_wCont/Ha/Cl_815.npy,/path/to/Cls_scattered_01_wCont/Cls_scattered_01_wCont/OII/Cl_815.npy,/path/to/Cls_scattered_01_wCont/Cls_scattered_01_wCont/OIII/Cl_815.npy,/path/to/Cls_scattered_01_wCont/Cls_scattered_01_wCont/Cont/Cl_815.npy,1.1314849078655242,1.4188836177811026
/path/to/Cls_scattered_01_wCont/Cls_scattered_01_wCont/Ha_OII_OIII_Cont/Cl_816.npy,/path/to/Cls_scattered_01_wCont/Cls_scattered_01_wCont/OII_all_cross/Cl_816.npy,/path/to/Cls_scattered_01_wCont/Cls_scattered_01_wCont/OIII_all_cross/Cl_816.npy,/path/to/Cls_scattered_01_wCont/Cls_scattered_01_wCont/OII_all_cross/Cl_816_1.npy,/path/to/Cls_scattered_01_wCont/Cls_scattered_01_wCont/OIII_all_cross/Cl_816_1.npy,/path/to/Cls_scattered_01_wCont/Cls_scattered_01_wCont/Shift7_all_cross/Cl_816.npy,/path/to/Cls_scattered_01_wCont/Cls_scattered_01_wCont/Ha/Cl_816.npy,/path/to/Cls_scattered_01_wCont/Cls_scattered_01_wCont/OII/Cl_816.npy,/path/to/Cls_scattered_01_wCont/Cls_scattered_01_wCont/OIII/Cl_816.npy,/path/to/Cls_scattered_01_wCont/Cls_scattered_01_wCont/Cont/Cl_816.npy,1.1085950730368495,0.6371769811958075
/path/to/Cls_scattered_01_wCont/Cls_scattered_01_wCont/Ha_OII_OIII_Cont/Cl_817.npy,/path/to/Cls_scattered_01_wCont/Cls_scattered_01_wCont/OII_all_cross/Cl_817.npy,/path/to/Cls_scattered_01_wCont/Cls_scattered_01_wCont/OIII_all_cross/Cl_817.npy,/path/to/Cls_scattered_01_wCont/Cls_scattered_01_wCont/OII_all_cross/Cl_817_1.npy,/path/to/Cls_scattered_01_wCont/Cls_scattered_01_wCont/OIII_all_cross/Cl_817_1.npy,/path/to/Cls_scattered_01_wCont/Cls_scattered_01_wCont/Shift7_all_cross/Cl_817.npy,/path/to/Cls_scattered_01_wCont/Cls_scattered_01_wCont/Ha/Cl_817.npy,/path/to/Cls_scattered_01_wCont/Cls_scattered_01_wCont/OII/Cl_817.npy,/path/to/Cls_scattered_01_wCont/Cls_scattered_01_wCont/OIII/Cl_817.npy,/path/to/Cls_scattered_01_wCont/Cls_scattered_01_wCont/Cont/Cl_817.npy,0.5847870165482163,1.5079858504235746
/path/to/Cls_scattered_01_wCont/Cls_scattered_01_wCont/Ha_OII_OIII_Cont/Cl_818.npy,/path/to/Cls_scattered_01_wCont/Cls_scattered_01_wCont/OII_all_cross/Cl_818.npy,/path/to/Cls_scattered_01_wCont/Cls_scattered_01_wCont/OIII_all_cross/Cl_818.npy,/path/to/Cls_scattered_01_wCont/Cls_scattered_01_wCont/OII_all_cross/Cl_818_1.npy,/path/to/Cls_scattered_01_wCont/Cls_scattered_01_wCont/OIII_all_cross/Cl_818_1.npy,/path/to/Cls_scattered_01_wCont/Cls_scattered_01_wCont/Shift7_all_cross/Cl_818.npy,/path/to/Cls_scattered_01_wCont/Cls_scattered_01_wCont/Ha/Cl_818.npy,/path/to/Cls_scattered_01_wCont/Cls_scattered_01_wCont/OII/Cl_818.npy,/path/to/Cls_scattered_01_wCont/Cls_scattered_01_wCont/OIII/Cl_818.npy,/path/to/Cls_scattered_01_wCont/Cls_scattered_01_wCont/Cont/Cl_818.npy,0.20720340991392733,0.19052841579541563
/path/to/Cls_scattered_01_wCont/Cls_scattered_01_wCont/Ha_OII_OIII_Cont/Cl_819.npy,/path/to/Cls_scattered_01_wCont/Cls_scattered_01_wCont/OII_all_cross/Cl_819.npy,/path/to/Cls_scattered_01_wCont/Cls_scattered_01_wCont/OIII_all_cross/Cl_819.npy,/path/to/Cls_scattered_01_wCont/Cls_scattered_01_wCont/OII_all_cross/Cl_819_1.npy,/path/to/Cls_scattered_01_wCont/Cls_scattered_01_wCont/OIII_all_cross/Cl_819_1.npy,/path/to/Cls_scattered_01_wCont/Cls_scattered_01_wCont/Shift7_all_cross/Cl_819.npy,/path/to/Cls_scattered_01_wCont/Cls_scattered_01_wCont/Ha/Cl_819.npy,/path/to/Cls_scattered_01_wCont/Cls_scattered_01_wCont/OII/Cl_819.npy,/path/to/Cls_scattered_01_wCont/Cls_scattered_01_wCont/OIII/Cl_819.npy,/path/to/Cls_scattered_01_wCont/Cls_scattered_01_wCont/Cont/Cl_819.npy,1.590092605818063,1.9547465356998146
/path/to/Cls_scattered_01_wCont/Cls_scattered_01_wCont/Ha_OII_OIII_Cont/Cl_820.npy,/path/to/Cls_scattered_01_wCont/Cls_scattered_01_wCont/OII_all_cross/Cl_820.npy,/path/to/Cls_scattered_01_wCont/Cls_scattered_01_wCont/OIII_all_cross/Cl_820.npy,/path/to/Cls_scattered_01_wCont/Cls_scattered_01_wCont/OII_all_cross/Cl_820_1.npy,/path/to/Cls_scattered_01_wCont/Cls_scattered_01_wCont/OIII_all_cross/Cl_820_1.npy,/path/to/Cls_scattered_01_wCont/Cls_scattered_01_wCont/Shift7_all_cross/Cl_820.npy,/path/to/Cls_scattered_01_wCont/Cls_scattered_01_wCont/Ha/Cl_820.npy,/path/to/Cls_scattered_01_wCont/Cls_scattered_01_wCont/OII/Cl_820.npy,/path/to/Cls_scattered_01_wCont/Cls_scattered_01_wCont/OIII/Cl_820.npy,/path/to/Cls_scattered_01_wCont/Cls_scattered_01_wCont/Cont/Cl_820.npy,1.805365451797843,0.3550184749066829
/path/to/Cls_scattered_01_wCont/Cls_scattered_01_wCont/Ha_OII_OIII_Cont/Cl_821.npy,/path/to/Cls_scattered_01_wCont/Cls_scattered_01_wCont/OII_all_cross/Cl_821.npy,/path/to/Cls_scattered_01_wCont/Cls_scattered_01_wCont/OIII_all_cross/Cl_821.npy,/path/to/Cls_scattered_01_wCont/Cls_scattered_01_wCont/OII_all_cross/Cl_821_1.npy,/path/to/Cls_scattered_01_wCont/Cls_scattered_01_wCont/OIII_all_cross/Cl_821_1.npy,/path/to/Cls_scattered_01_wCont/Cls_scattered_01_wCont/Shift7_all_cross/Cl_821.npy,/path/to/Cls_scattered_01_wCont/Cls_scattered_01_wCont/Ha/Cl_821.npy,/path/to/Cls_scattered_01_wCont/Cls_scattered_01_wCont/OII/Cl_821.npy,/path/to/Cls_scattered_01_wCont/Cls_scattered_01_wCont/OIII/Cl_821.npy,/path/to/Cls_scattered_01_wCont/Cls_scattered_01_wCont/Cont/Cl_821.npy,0.3630715280771255,1.6996972765773535
/path/to/Cls_scattered_01_wCont/Cls_scattered_01_wCont/Ha_OII_OIII_Cont/Cl_822.npy,/path/to/Cls_scattered_01_wCont/Cls_scattered_01_wCont/OII_all_cross/Cl_822.npy,/path/to/Cls_scattered_01_wCont/Cls_scattered_01_wCont/OIII_all_cross/Cl_822.npy,/path/to/Cls_scattered_01_wCont/Cls_scattered_01_wCont/OII_all_cross/Cl_822_1.npy,/path/to/Cls_scattered_01_wCont/Cls_scattered_01_wCont/OIII_all_cross/Cl_822_1.npy,/path/to/Cls_scattered_01_wCont/Cls_scattered_01_wCont/Shift7_all_cross/Cl_822.npy,/path/to/Cls_scattered_01_wCont/Cls_scattered_01_wCont/Ha/Cl_822.npy,/path/to/Cls_scattered_01_wCont/Cls_scattered_01_wCont/OII/Cl_822.npy,/path/to/Cls_scattered_01_wCont/Cls_scattered_01_wCont/OIII/Cl_822.npy,/path/to/Cls_scattered_01_wCont/Cls_scattered_01_wCont/Cont/Cl_822.npy,0.9039445421658455,0.8574506971053778
/path/to/Cls_scattered_01_wCont/Cls_scattered_01_wCont/Ha_OII_OIII_Cont/Cl_823.npy,/path/to/Cls_scattered_01_wCont/Cls_scattered_01_wCont/OII_all_cross/Cl_823.npy,/path/to/Cls_scattered_01_wCont/Cls_scattered_01_wCont/OIII_all_cross/Cl_823.npy,/path/to/Cls_scattered_01_wCont/Cls_scattered_01_wCont/OII_all_cross/Cl_823_1.npy,/path/to/Cls_scattered_01_wCont/Cls_scattered_01_wCont/OIII_all_cross/Cl_823_1.npy,/path/to/Cls_scattered_01_wCont/Cls_scattered_01_wCont/Shift7_all_cross/Cl_823.npy,/path/to/Cls_scattered_01_wCont/Cls_scattered_01_wCont/Ha/Cl_823.npy,/path/to/Cls_scattered_01_wCont/Cls_scattered_01_wCont/OII/Cl_823.npy,/path/to/Cls_scattered_01_wCont/Cls_scattered_01_wCont/OIII/Cl_823.npy,/path/to/Cls_scattered_01_wCont/Cls_scattered_01_wCont/Cont/Cl_823.npy,1.3684055144898595,1.1973921230994164
/path/to/Cls_scattered_01_wCont/Cls_scattered_01_wCont/Ha_OII_OIII_Cont/Cl_824.npy,/path/to/Cls_scattered_01_wCont/Cls_scattered_01_wCont/OII_all_cross/Cl_824.npy,/path/to/Cls_scattered_01_wCont/Cls_scattered_01_wCont/OIII_all_cross/Cl_824.npy,/path/to/Cls_scattered_01_wCont/Cls_scattered_01_wCont/OII_all_cross/Cl_824_1.npy,/path/to/Cls_scattered_01_wCont/Cls_scattered_01_wCont/OIII_all_cross/Cl_824_1.npy,/path/to/Cls_scattered_01_wCont/Cls_scattered_01_wCont/Shift7_all_cross/Cl_824.npy,/path/to/Cls_scattered_01_wCont/Cls_scattered_01_wCont/Ha/Cl_824.npy,/path/to/Cls_scattered_01_wCont/Cls_scattered_01_wCont/OII/Cl_824.npy,/path/to/Cls_scattered_01_wCont/Cls_scattered_01_wCont/OIII/Cl_824.npy,/path/to/Cls_scattered_01_wCont/Cls_scattered_01_wCont/Cont/Cl_824.npy,1.482298698835075,0.22954240599647163
/path/to/Cls_scattered_01_wCont/Cls_scattered_01_wCont/Ha_OII_OIII_Cont/Cl_825.npy,/path/to/Cls_scattered_01_wCont/Cls_scattered_01_wCont/OII_all_cross/Cl_825.npy,/path/to/Cls_scattered_01_wCont/Cls_scattered_01_wCont/OIII_all_cross/Cl_825.npy,/path/to/Cls_scattered_01_wCont/Cls_scattered_01_wCont/OII_all_cross/Cl_825_1.npy,/path/to/Cls_scattered_01_wCont/Cls_scattered_01_wCont/OIII_all_cross/Cl_825_1.npy,/path/to/Cls_scattered_01_wCont/Cls_scattered_01_wCont/Shift7_all_cross/Cl_825.npy,/path/to/Cls_scattered_01_wCont/Cls_scattered_01_wCont/Ha/Cl_825.npy,/path/to/Cls_scattered_01_wCont/Cls_scattered_01_wCont/OII/Cl_825.npy,/path/to/Cls_scattered_01_wCont/Cls_scattered_01_wCont/OIII/Cl_825.npy,/path/to/Cls_scattered_01_wCont/Cls_scattered_01_wCont/Cont/Cl_825.npy,1.0243591034784914,1.7968774576671422
/path/to/Cls_scattered_01_wCont/Cls_scattered_01_wCont/Ha_OII_OIII_Cont/Cl_826.npy,/path/to/Cls_scattered_01_wCont/Cls_scattered_01_wCont/OII_all_cross/Cl_826.npy,/path/to/Cls_scattered_01_wCont/Cls_scattered_01_wCont/OIII_all_cross/Cl_826.npy,/path/to/Cls_scattered_01_wCont/Cls_scattered_01_wCont/OII_all_cross/Cl_826_1.npy,/path/to/Cls_scattered_01_wCont/Cls_scattered_01_wCont/OIII_all_cross/Cl_826_1.npy,/path/to/Cls_scattered_01_wCont/Cls_scattered_01_wCont/Shift7_all_cross/Cl_826.npy,/path/to/Cls_scattered_01_wCont/Cls_scattered_01_wCont/Ha/Cl_826.npy,/path/to/Cls_scattered_01_wCont/Cls_scattered_01_wCont/OII/Cl_826.npy,/path/to/Cls_scattered_01_wCont/Cls_scattered_01_wCont/OIII/Cl_826.npy,/path/to/Cls_scattered_01_wCont/Cls_scattered_01_wCont/Cont/Cl_826.npy,0.48349469983950255,0.7319746246561407
/path/to/Cls_scattered_01_wCont/Cls_scattered_01_wCont/Ha_OII_OIII_Cont/Cl_827.npy,/path/to/Cls_scattered_01_wCont/Cls_scattered_01_wCont/OII_all_cross/Cl_827.npy,/path/to/Cls_scattered_01_wCont/Cls_scattered_01_wCont/OIII_all_cross/Cl_827.npy,/path/to/Cls_scattered_01_wCont/Cls_scattered_01_wCont/OII_all_cross/Cl_827_1.npy,/path/to/Cls_scattered_01_wCont/Cls_scattered_01_wCont/OIII_all_cross/Cl_827_1.npy,/path/to/Cls_scattered_01_wCont/Cls_scattered_01_wCont/Shift7_all_cross/Cl_827.npy,/path/to/Cls_scattered_01_wCont/Cls_scattered_01_wCont/Ha/Cl_827.npy,/path/to/Cls_scattered_01_wCont/Cls_scattered_01_wCont/OII/Cl_827.npy,/path/to/Cls_scattered_01_wCont/Cls_scattered_01_wCont/OIII/Cl_827.npy,/path/to/Cls_scattered_01_wCont/Cls_scattered_01_wCont/Cont/Cl_827.npy,1.9192636226303876,1.2945723006501795
/path/to/Cls_scattered_01_wCont/Cls_scattered_01_wCont/Ha_OII_OIII_Cont/Cl_828.npy,/path/to/Cls_scattered_01_wCont/Cls_scattered_01_wCont/OII_all_cross/Cl_828.npy,/path/to/Cls_scattered_01_wCont/Cls_scattered_01_wCont/OIII_all_cross/Cl_828.npy,/path/to/Cls_scattered_01_wCont/Cls_scattered_01_wCont/OII_all_cross/Cl_828_1.npy,/path/to/Cls_scattered_01_wCont/Cls_scattered_01_wCont/OIII_all_cross/Cl_828_1.npy,/path/to/Cls_scattered_01_wCont/Cls_scattered_01_wCont/Shift7_all_cross/Cl_828.npy,/path/to/Cls_scattered_01_wCont/Cls_scattered_01_wCont/Ha/Cl_828.npy,/path/to/Cls_scattered_01_wCont/Cls_scattered_01_wCont/OII/Cl_828.npy,/path/to/Cls_scattered_01_wCont/Cls_scattered_01_wCont/OIII/Cl_828.npy,/path/to/Cls_scattered_01_wCont/Cls_scattered_01_wCont/Cont/Cl_828.npy,1.7039527710527183,1.0149968107230962
/path/to/Cls_scattered_01_wCont/Cls_scattered_01_wCont/Ha_OII_OIII_Cont/Cl_829.npy,/path/to/Cls_scattered_01_wCont/Cls_scattered_01_wCont/OII_all_cross/Cl_829.npy,/path/to/Cls_scattered_01_wCont/Cls_scattered_01_wCont/OIII_all_cross/Cl_829.npy,/path/to/Cls_scattered_01_wCont/Cls_scattered_01_wCont/OII_all_cross/Cl_829_1.npy,/path/to/Cls_scattered_01_wCont/Cls_scattered_01_wCont/OIII_all_cross/Cl_829_1.npy,/path/to/Cls_scattered_01_wCont/Cls_scattered_01_wCont/Shift7_all_cross/Cl_829.npy,/path/to/Cls_scattered_01_wCont/Cls_scattered_01_wCont/Ha/Cl_829.npy,/path/to/Cls_scattered_01_wCont/Cls_scattered_01_wCont/OII/Cl_829.npy,/path/to/Cls_scattered_01_wCont/Cls_scattered_01_wCont/OIII/Cl_829.npy,/path/to/Cls_scattered_01_wCont/Cls_scattered_01_wCont/Cont/Cl_829.npy,0.32752685546875,1.1584619299508632
/path/to/Cls_scattered_01_wCont/Cls_scattered_01_wCont/Ha_OII_OIII_Cont/Cl_830.npy,/path/to/Cls_scattered_01_wCont/Cls_scattered_01_wCont/OII_all_cross/Cl_830.npy,/path/to/Cls_scattered_01_wCont/Cls_scattered_01_wCont/OIII_all_cross/Cl_830.npy,/path/to/Cls_scattered_01_wCont/Cls_scattered_01_wCont/OII_all_cross/Cl_830_1.npy,/path/to/Cls_scattered_01_wCont/Cls_scattered_01_wCont/OIII_all_cross/Cl_830_1.npy,/path/to/Cls_scattered_01_wCont/Cls_scattered_01_wCont/Shift7_all_cross/Cl_830.npy,/path/to/Cls_scattered_01_wCont/Cls_scattered_01_wCont/Ha/Cl_830.npy,/path/to/Cls_scattered_01_wCont/Cls_scattered_01_wCont/OII/Cl_830.npy,/path/to/Cls_scattered_01_wCont/Cls_scattered_01_wCont/OIII/Cl_830.npy,/path/to/Cls_scattered_01_wCont/Cls_scattered_01_wCont/Cont/Cl_830.npy,0.7051199785433709,0.5683482417836785
/path/to/Cls_scattered_01_wCont/Cls_scattered_01_wCont/Ha_OII_OIII_Cont/Cl_831.npy,/path/to/Cls_scattered_01_wCont/Cls_scattered_01_wCont/OII_all_cross/Cl_831.npy,/path/to/Cls_scattered_01_wCont/Cls_scattered_01_wCont/OIII_all_cross/Cl_831.npy,/path/to/Cls_scattered_01_wCont/Cls_scattered_01_wCont/OII_all_cross/Cl_831_1.npy,/path/to/Cls_scattered_01_wCont/Cls_scattered_01_wCont/OIII_all_cross/Cl_831_1.npy,/path/to/Cls_scattered_01_wCont/Cls_scattered_01_wCont/Shift7_all_cross/Cl_831.npy,/path/to/Cls_scattered_01_wCont/Cls_scattered_01_wCont/Ha/Cl_831.npy,/path/to/Cls_scattered_01_wCont/Cls_scattered_01_wCont/OII/Cl_831.npy,/path/to/Cls_scattered_01_wCont/Cls_scattered_01_wCont/OIII/Cl_831.npy,/path/to/Cls_scattered_01_wCont/Cls_scattered_01_wCont/Cont/Cl_831.npy,1.2224611307494342,1.6052226116880774
/path/to/Cls_scattered_01_wCont/Cls_scattered_01_wCont/Ha_OII_OIII_Cont/Cl_832.npy,/path/to/Cls_scattered_01_wCont/Cls_scattered_01_wCont/OII_all_cross/Cl_832.npy,/path/to/Cls_scattered_01_wCont/Cls_scattered_01_wCont/OIII_all_cross/Cl_832.npy,/path/to/Cls_scattered_01_wCont/Cls_scattered_01_wCont/OII_all_cross/Cl_832_1.npy,/path/to/Cls_scattered_01_wCont/Cls_scattered_01_wCont/OIII_all_cross/Cl_832_1.npy,/path/to/Cls_scattered_01_wCont/Cls_scattered_01_wCont/Shift7_all_cross/Cl_832.npy,/path/to/Cls_scattered_01_wCont/Cls_scattered_01_wCont/Ha/Cl_832.npy,/path/to/Cls_scattered_01_wCont/Cls_scattered_01_wCont/OII/Cl_832.npy,/path/to/Cls_scattered_01_wCont/Cls_scattered_01_wCont/OIII/Cl_832.npy,/path/to/Cls_scattered_01_wCont/Cls_scattered_01_wCont/Cont/Cl_832.npy,1.2127729432657361,0.3234668320044875
/path/to/Cls_scattered_01_wCont/Cls_scattered_01_wCont/Ha_OII_OIII_Cont/Cl_833.npy,/path/to/Cls_scattered_01_wCont/Cls_scattered_01_wCont/OII_all_cross/Cl_833.npy,/path/to/Cls_scattered_01_wCont/Cls_scattered_01_wCont/OIII_all_cross/Cl_833.npy,/path/to/Cls_scattered_01_wCont/Cls_scattered_01_wCont/OII_all_cross/Cl_833_1.npy,/path/to/Cls_scattered_01_wCont/Cls_scattered_01_wCont/OIII_all_cross/Cl_833_1.npy,/path/to/Cls_scattered_01_wCont/Cls_scattered_01_wCont/Shift7_all_cross/Cl_833.npy,/path/to/Cls_scattered_01_wCont/Cls_scattered_01_wCont/Ha/Cl_833.npy,/path/to/Cls_scattered_01_wCont/Cls_scattered_01_wCont/OII/Cl_833.npy,/path/to/Cls_scattered_01_wCont/Cls_scattered_01_wCont/OIII/Cl_833.npy,/path/to/Cls_scattered_01_wCont/Cls_scattered_01_wCont/Cont/Cl_833.npy,0.7186532786116003,1.8501259917393327
/path/to/Cls_scattered_01_wCont/Cls_scattered_01_wCont/Ha_OII_OIII_Cont/Cl_834.npy,/path/to/Cls_scattered_01_wCont/Cls_scattered_01_wCont/OII_all_cross/Cl_834.npy,/path/to/Cls_scattered_01_wCont/Cls_scattered_01_wCont/OIII_all_cross/Cl_834.npy,/path/to/Cls_scattered_01_wCont/Cls_scattered_01_wCont/OII_all_cross/Cl_834_1.npy,/path/to/Cls_scattered_01_wCont/Cls_scattered_01_wCont/OIII_all_cross/Cl_834_1.npy,/path/to/Cls_scattered_01_wCont/Cls_scattered_01_wCont/Shift7_all_cross/Cl_834.npy,/path/to/Cls_scattered_01_wCont/Cls_scattered_01_wCont/Ha/Cl_834.npy,/path/to/Cls_scattered_01_wCont/Cls_scattered_01_wCont/OII/Cl_834.npy,/path/to/Cls_scattered_01_wCont/Cls_scattered_01_wCont/OIII/Cl_834.npy,/path/to/Cls_scattered_01_wCont/Cls_scattered_01_wCont/Cont/Cl_834.npy,0.31137360753491516,0.7701069355942308
/path/to/Cls_scattered_01_wCont/Cls_scattered_01_wCont/Ha_OII_OIII_Cont/Cl_835.npy,/path/to/Cls_scattered_01_wCont/Cls_scattered_01_wCont/OII_all_cross/Cl_835.npy,/path/to/Cls_scattered_01_wCont/Cls_scattered_01_wCont/OIII_all_cross/Cl_835.npy,/path/to/Cls_scattered_01_wCont/Cls_scattered_01_wCont/OII_all_cross/Cl_835_1.npy,/path/to/Cls_scattered_01_wCont/Cls_scattered_01_wCont/OIII_all_cross/Cl_835_1.npy,/path/to/Cls_scattered_01_wCont/Cls_scattered_01_wCont/Shift7_all_cross/Cl_835.npy,/path/to/Cls_scattered_01_wCont/Cls_scattered_01_wCont/Ha/Cl_835.npy,/path/to/Cls_scattered_01_wCont/Cls_scattered_01_wCont/OII/Cl_835.npy,/path/to/Cls_scattered_01_wCont/Cls_scattered_01_wCont/OIII/Cl_835.npy,/path/to/Cls_scattered_01_wCont/Cls_scattered_01_wCont/Cont/Cl_835.npy,1.7239511952735485,1.403358826506883
/path/to/Cls_scattered_01_wCont/Cls_scattered_01_wCont/Ha_OII_OIII_Cont/Cl_836.npy,/path/to/Cls_scattered_01_wCont/Cls_scattered_01_wCont/OII_all_cross/Cl_836.npy,/path/to/Cls_scattered_01_wCont/Cls_scattered_01_wCont/OIII_all_cross/Cl_836.npy,/path/to/Cls_scattered_01_wCont/Cls_scattered_01_wCont/OII_all_cross/Cl_836_1.npy,/path/to/Cls_scattered_01_wCont/Cls_scattered_01_wCont/OIII_all_cross/Cl_836_1.npy,/path/to/Cls_scattered_01_wCont/Cls_scattered_01_wCont/Shift7_all_cross/Cl_836.npy,/path/to/Cls_scattered_01_wCont/Cls_scattered_01_wCont/Ha/Cl_836.npy,/path/to/Cls_scattered_01_wCont/Cls_scattered_01_wCont/OII/Cl_836.npy,/path/to/Cls_scattered_01_wCont/Cls_scattered_01_wCont/OIII/Cl_836.npy,/path/to/Cls_scattered_01_wCont/Cls_scattered_01_wCont/Cont/Cl_836.npy,1.9391722865402699,0.9620702678337693
/path/to/Cls_scattered_01_wCont/Cls_scattered_01_wCont/Ha_OII_OIII_Cont/Cl_837.npy,/path/to/Cls_scattered_01_wCont/Cls_scattered_01_wCont/OII_all_cross/Cl_837.npy,/path/to/Cls_scattered_01_wCont/Cls_scattered_01_wCont/OIII_all_cross/Cl_837.npy,/path/to/Cls_scattered_01_wCont/Cls_scattered_01_wCont/OII_all_cross/Cl_837_1.npy,/path/to/Cls_scattered_01_wCont/Cls_scattered_01_wCont/OIII_all_cross/Cl_837_1.npy,/path/to/Cls_scattered_01_wCont/Cls_scattered_01_wCont/Shift7_all_cross/Cl_837.npy,/path/to/Cls_scattered_01_wCont/Cls_scattered_01_wCont/Ha/Cl_837.npy,/path/to/Cls_scattered_01_wCont/Cls_scattered_01_wCont/OII/Cl_837.npy,/path/to/Cls_scattered_01_wCont/Cls_scattered_01_wCont/OIII/Cl_837.npy,/path/to/Cls_scattered_01_wCont/Cls_scattered_01_wCont/Cont/Cl_837.npy,0.4671917829662561,1.0644546872004867
/path/to/Cls_scattered_01_wCont/Cls_scattered_01_wCont/Ha_OII_OIII_Cont/Cl_838.npy,/path/to/Cls_scattered_01_wCont/Cls_scattered_01_wCont/OII_all_cross/Cl_838.npy,/path/to/Cls_scattered_01_wCont/Cls_scattered_01_wCont/OIII_all_cross/Cl_838.npy,/path/to/Cls_scattered_01_wCont/Cls_scattered_01_wCont/OII_all_cross/Cl_838_1.npy,/path/to/Cls_scattered_01_wCont/Cls_scattered_01_wCont/OIII_all_cross/Cl_838_1.npy,/path/to/Cls_scattered_01_wCont/Cls_scattered_01_wCont/Shift7_all_cross/Cl_838.npy,/path/to/Cls_scattered_01_wCont/Cls_scattered_01_wCont/Ha/Cl_838.npy,/path/to/Cls_scattered_01_wCont/Cls_scattered_01_wCont/OII/Cl_838.npy,/path/to/Cls_scattered_01_wCont/Cls_scattered_01_wCont/OIII/Cl_838.npy,/path/to/Cls_scattered_01_wCont/Cls_scattered_01_wCont/Cont/Cl_838.npy,1.037744553666562,0.45964651452377436
/path/to/Cls_scattered_01_wCont/Cls_scattered_01_wCont/Ha_OII_OIII_Cont/Cl_839.npy,/path/to/Cls_scattered_01_wCont/Cls_scattered_01_wCont/OII_all_cross/Cl_839.npy,/path/to/Cls_scattered_01_wCont/Cls_scattered_01_wCont/OIII_all_cross/Cl_839.npy,/path/to/Cls_scattered_01_wCont/Cls_scattered_01_wCont/OII_all_cross/Cl_839_1.npy,/path/to/Cls_scattered_01_wCont/Cls_scattered_01_wCont/OIII_all_cross/Cl_839_1.npy,/path/to/Cls_scattered_01_wCont/Cls_scattered_01_wCont/Shift7_all_cross/Cl_839.npy,/path/to/Cls_scattered_01_wCont/Cls_scattered_01_wCont/Ha/Cl_839.npy,/path/to/Cls_scattered_01_wCont/Cls_scattered_01_wCont/OII/Cl_839.npy,/path/to/Cls_scattered_01_wCont/Cls_scattered_01_wCont/OIII/Cl_839.npy,/path/to/Cls_scattered_01_wCont/Cls_scattered_01_wCont/Cont/Cl_839.npy,1.4725189461372794,1.5667663277126849
/path/to/Cls_scattered_01_wCont/Cls_scattered_01_wCont/Ha_OII_OIII_Cont/Cl_840.npy,/path/to/Cls_scattered_01_wCont/Cls_scattered_01_wCont/OII_all_cross/Cl_840.npy,/path/to/Cls_scattered_01_wCont/Cls_scattered_01_wCont/OIII_all_cross/Cl_840.npy,/path/to/Cls_scattered_01_wCont/Cls_scattered_01_wCont/OII_all_cross/Cl_840_1.npy,/path/to/Cls_scattered_01_wCont/Cls_scattered_01_wCont/OIII_all_cross/Cl_840_1.npy,/path/to/Cls_scattered_01_wCont/Cls_scattered_01_wCont/Shift7_all_cross/Cl_840.npy,/path/to/Cls_scattered_01_wCont/Cls_scattered_01_wCont/Ha/Cl_840.npy,/path/to/Cls_scattered_01_wCont/Cls_scattered_01_wCont/OII/Cl_840.npy,/path/to/Cls_scattered_01_wCont/Cls_scattered_01_wCont/OIII/Cl_840.npy,/path/to/Cls_scattered_01_wCont/Cls_scattered_01_wCont/Cont/Cl_840.npy,1.3483952628448606,0.6273900902830064
/path/to/Cls_scattered_01_wCont/Cls_scattered_01_wCont/Ha_OII_OIII_Cont/Cl_841.npy,/path/to/Cls_scattered_01_wCont/Cls_scattered_01_wCont/OII_all_cross/Cl_841.npy,/path/to/Cls_scattered_01_wCont/Cls_scattered_01_wCont/OIII_all_cross/Cl_841.npy,/path/to/Cls_scattered_01_wCont/Cls_scattered_01_wCont/OII_all_cross/Cl_841_1.npy,/path/to/Cls_scattered_01_wCont/Cls_scattered_01_wCont/OIII_all_cross/Cl_841_1.npy,/path/to/Cls_scattered_01_wCont/Cls_scattered_01_wCont/Shift7_all_cross/Cl_841.npy,/path/to/Cls_scattered_01_wCont/Cls_scattered_01_wCont/Ha/Cl_841.npy,/path/to/Cls_scattered_01_wCont/Cls_scattered_01_wCont/OII/Cl_841.npy,/path/to/Cls_scattered_01_wCont/Cls_scattered_01_wCont/OIII/Cl_841.npy,/path/to/Cls_scattered_01_wCont/Cls_scattered_01_wCont/Cont/Cl_841.npy,0.9201458713039755,1.4274307596497238
/path/to/Cls_scattered_01_wCont/Cls_scattered_01_wCont/Ha_OII_OIII_Cont/Cl_842.npy,/path/to/Cls_scattered_01_wCont/Cls_scattered_01_wCont/OII_all_cross/Cl_842.npy,/path/to/Cls_scattered_01_wCont/Cls_scattered_01_wCont/OIII_all_cross/Cl_842.npy,/path/to/Cls_scattered_01_wCont/Cls_scattered_01_wCont/OII_all_cross/Cl_842_1.npy,/path/to/Cls_scattered_01_wCont/Cls_scattered_01_wCont/OIII_all_cross/Cl_842_1.npy,/path/to/Cls_scattered_01_wCont/Cls_scattered_01_wCont/Shift7_all_cross/Cl_842.npy,/path/to/Cls_scattered_01_wCont/Cls_scattered_01_wCont/Ha/Cl_842.npy,/path/to/Cls_scattered_01_wCont/Cls_scattered_01_wCont/OII/Cl_842.npy,/path/to/Cls_scattered_01_wCont/Cls_scattered_01_wCont/OIII/Cl_842.npy,/path/to/Cls_scattered_01_wCont/Cls_scattered_01_wCont/Cont/Cl_842.npy,0.3495844972319901,0.12496633343398572
/path/to/Cls_scattered_01_wCont/Cls_scattered_01_wCont/Ha_OII_OIII_Cont/Cl_843.npy,/path/to/Cls_scattered_01_wCont/Cls_scattered_01_wCont/OII_all_cross/Cl_843.npy,/path/to/Cls_scattered_01_wCont/Cls_scattered_01_wCont/OIII_all_cross/Cl_843.npy,/path/to/Cls_scattered_01_wCont/Cls_scattered_01_wCont/OII_all_cross/Cl_843_1.npy,/path/to/Cls_scattered_01_wCont/Cls_scattered_01_wCont/OIII_all_cross/Cl_843_1.npy,/path/to/Cls_scattered_01_wCont/Cls_scattered_01_wCont/Shift7_all_cross/Cl_843.npy,/path/to/Cls_scattered_01_wCont/Cls_scattered_01_wCont/Ha/Cl_843.npy,/path/to/Cls_scattered_01_wCont/Cls_scattered_01_wCont/OII/Cl_843.npy,/path/to/Cls_scattered_01_wCont/Cls_scattered_01_wCont/OIII/Cl_843.npy,/path/to/Cls_scattered_01_wCont/Cls_scattered_01_wCont/Cont/Cl_843.npy,1.8150436238385736,1.9297423966228962
/path/to/Cls_scattered_01_wCont/Cls_scattered_01_wCont/Ha_OII_OIII_Cont/Cl_844.npy,/path/to/Cls_scattered_01_wCont/Cls_scattered_01_wCont/OII_all_cross/Cl_844.npy,/path/to/Cls_scattered_01_wCont/Cls_scattered_01_wCont/OIII_all_cross/Cl_844.npy,/path/to/Cls_scattered_01_wCont/Cls_scattered_01_wCont/OII_all_cross/Cl_844_1.npy,/path/to/Cls_scattered_01_wCont/Cls_scattered_01_wCont/OIII_all_cross/Cl_844_1.npy,/path/to/Cls_scattered_01_wCont/Cls_scattered_01_wCont/Shift7_all_cross/Cl_844.npy,/path/to/Cls_scattered_01_wCont/Cls_scattered_01_wCont/Ha/Cl_844.npy,/path/to/Cls_scattered_01_wCont/Cls_scattered_01_wCont/OII/Cl_844.npy,/path/to/Cls_scattered_01_wCont/Cls_scattered_01_wCont/OIII/Cl_844.npy,/path/to/Cls_scattered_01_wCont/Cls_scattered_01_wCont/Cont/Cl_844.npy,1.5999113656580448,0.43549075601622467
/path/to/Cls_scattered_01_wCont/Cls_scattered_01_wCont/Ha_OII_OIII_Cont/Cl_845.npy,/path/to/Cls_scattered_01_wCont/Cls_scattered_01_wCont/OII_all_cross/Cl_845.npy,/path/to/Cls_scattered_01_wCont/Cls_scattered_01_wCont/OIII_all_cross/Cl_845.npy,/path/to/Cls_scattered_01_wCont/Cls_scattered_01_wCont/OII_all_cross/Cl_845_1.npy,/path/to/Cls_scattered_01_wCont/Cls_scattered_01_wCont/OIII_all_cross/Cl_845_1.npy,/path/to/Cls_scattered_01_wCont/Cls_scattered_01_wCont/Shift7_all_cross/Cl_845.npy,/path/to/Cls_scattered_01_wCont/Cls_scattered_01_wCont/Ha/Cl_845.npy,/path/to/Cls_scattered_01_wCont/Cls_scattered_01_wCont/OII/Cl_845.npy,/path/to/Cls_scattered_01_wCont/Cls_scattered_01_wCont/OIII/Cl_845.npy,/path/to/Cls_scattered_01_wCont/Cls_scattered_01_wCont/Cont/Cl_845.npy,0.19380068220198154,1.7098061657510697
/path/to/Cls_scattered_01_wCont/Cls_scattered_01_wCont/Ha_OII_OIII_Cont/Cl_846.npy,/path/to/Cls_scattered_01_wCont/Cls_scattered_01_wCont/OII_all_cross/Cl_846.npy,/path/to/Cls_scattered_01_wCont/Cls_scattered_01_wCont/OIII_all_cross/Cl_846.npy,/path/to/Cls_scattered_01_wCont/Cls_scattered_01_wCont/OII_all_cross/Cl_846_1.npy,/path/to/Cls_scattered_01_wCont/Cls_scattered_01_wCont/OIII_all_cross/Cl_846_1.npy,/path/to/Cls_scattered_01_wCont/Cls_scattered_01_wCont/Shift7_all_cross/Cl_846.npy,/path/to/Cls_scattered_01_wCont/Cls_scattered_01_wCont/Ha/Cl_846.npy,/path/to/Cls_scattered_01_wCont/Cls_scattered_01_wCont/OII/Cl_846.npy,/path/to/Cls_scattered_01_wCont/Cls_scattered_01_wCont/OIII/Cl_846.npy,/path/to/Cls_scattered_01_wCont/Cls_scattered_01_wCont/Cont/Cl_846.npy,0.6010708439163863,0.8821308560669422
/path/to/Cls_scattered_01_wCont/Cls_scattered_01_wCont/Ha_OII_OIII_Cont/Cl_847.npy,/path/to/Cls_scattered_01_wCont/Cls_scattered_01_wCont/OII_all_cross/Cl_847.npy,/path/to/Cls_scattered_01_wCont/Cls_scattered_01_wCont/OIII_all_cross/Cl_847.npy,/path/to/Cls_scattered_01_wCont/Cls_scattered_01_wCont/OII_all_cross/Cl_847_1.npy,/path/to/Cls_scattered_01_wCont/Cls_scattered_01_wCont/OIII_all_cross/Cl_847_1.npy,/path/to/Cls_scattered_01_wCont/Cls_scattered_01_wCont/Shift7_all_cross/Cl_847.npy,/path/to/Cls_scattered_01_wCont/Cls_scattered_01_wCont/Ha/Cl_847.npy,/path/to/Cls_scattered_01_wCont/Cls_scattered_01_wCont/OII/Cl_847.npy,/path/to/Cls_scattered_01_wCont/Cls_scattered_01_wCont/OIII/Cl_847.npy,/path/to/Cls_scattered_01_wCont/Cls_scattered_01_wCont/Cont/Cl_847.npy,1.0887272282503546,1.2630389969795943
/path/to/Cls_scattered_01_wCont/Cls_scattered_01_wCont/Ha_OII_OIII_Cont/Cl_848.npy,/path/to/Cls_scattered_01_wCont/Cls_scattered_01_wCont/OII_all_cross/Cl_848.npy,/path/to/Cls_scattered_01_wCont/Cls_scattered_01_wCont/OIII_all_cross/Cl_848.npy,/path/to/Cls_scattered_01_wCont/Cls_scattered_01_wCont/OII_all_cross/Cl_848_1.npy,/path/to/Cls_scattered_01_wCont/Cls_scattered_01_wCont/OIII_all_cross/Cl_848_1.npy,/path/to/Cls_scattered_01_wCont/Cls_scattered_01_wCont/Shift7_all_cross/Cl_848.npy,/path/to/Cls_scattered_01_wCont/Cls_scattered_01_wCont/Ha/Cl_848.npy,/path/to/Cls_scattered_01_wCont/Cls_scattered_01_wCont/OII/Cl_848.npy,/path/to/Cls_scattered_01_wCont/Cls_scattered_01_wCont/OIII/Cl_848.npy,/path/to/Cls_scattered_01_wCont/Cls_scattered_01_wCont/Cont/Cl_848.npy,1.1105480295605958,0.8525999402627348
/path/to/Cls_scattered_01_wCont/Cls_scattered_01_wCont/Ha_OII_OIII_Cont/Cl_849.npy,/path/to/Cls_scattered_01_wCont/Cls_scattered_01_wCont/OII_all_cross/Cl_849.npy,/path/to/Cls_scattered_01_wCont/Cls_scattered_01_wCont/OIII_all_cross/Cl_849.npy,/path/to/Cls_scattered_01_wCont/Cls_scattered_01_wCont/OII_all_cross/Cl_849_1.npy,/path/to/Cls_scattered_01_wCont/Cls_scattered_01_wCont/OIII_all_cross/Cl_849_1.npy,/path/to/Cls_scattered_01_wCont/Cls_scattered_01_wCont/Shift7_all_cross/Cl_849.npy,/path/to/Cls_scattered_01_wCont/Cls_scattered_01_wCont/Ha/Cl_849.npy,/path/to/Cls_scattered_01_wCont/Cls_scattered_01_wCont/OII/Cl_849.npy,/path/to/Cls_scattered_01_wCont/Cls_scattered_01_wCont/OIII/Cl_849.npy,/path/to/Cls_scattered_01_wCont/Cls_scattered_01_wCont/Cont/Cl_849.npy,0.6834571168757975,1.1739288652315736
/path/to/Cls_scattered_01_wCont/Cls_scattered_01_wCont/Ha_OII_OIII_Cont/Cl_850.npy,/path/to/Cls_scattered_01_wCont/Cls_scattered_01_wCont/OII_all_cross/Cl_850.npy,/path/to/Cls_scattered_01_wCont/Cls_scattered_01_wCont/OIII_all_cross/Cl_850.npy,/path/to/Cls_scattered_01_wCont/Cls_scattered_01_wCont/OII_all_cross/Cl_850_1.npy,/path/to/Cls_scattered_01_wCont/Cls_scattered_01_wCont/OIII_all_cross/Cl_850_1.npy,/path/to/Cls_scattered_01_wCont/Cls_scattered_01_wCont/Shift7_all_cross/Cl_850.npy,/path/to/Cls_scattered_01_wCont/Cls_scattered_01_wCont/Ha/Cl_850.npy,/path/to/Cls_scattered_01_wCont/Cls_scattered_01_wCont/OII/Cl_850.npy,/path/to/Cls_scattered_01_wCont/Cls_scattered_01_wCont/OIII/Cl_850.npy,/path/to/Cls_scattered_01_wCont/Cls_scattered_01_wCont/Cont/Cl_850.npy,0.11289661694318057,0.34646057793870566
/path/to/Cls_scattered_01_wCont/Cls_scattered_01_wCont/Ha_OII_OIII_Cont/Cl_851.npy,/path/to/Cls_scattered_01_wCont/Cls_scattered_01_wCont/OII_all_cross/Cl_851.npy,/path/to/Cls_scattered_01_wCont/Cls_scattered_01_wCont/OIII_all_cross/Cl_851.npy,/path/to/Cls_scattered_01_wCont/Cls_scattered_01_wCont/OII_all_cross/Cl_851_1.npy,/path/to/Cls_scattered_01_wCont/Cls_scattered_01_wCont/OIII_all_cross/Cl_851_1.npy,/path/to/Cls_scattered_01_wCont/Cls_scattered_01_wCont/Shift7_all_cross/Cl_851.npy,/path/to/Cls_scattered_01_wCont/Cls_scattered_01_wCont/Ha/Cl_851.npy,/path/to/Cls_scattered_01_wCont/Cls_scattered_01_wCont/OII/Cl_851.npy,/path/to/Cls_scattered_01_wCont/Cls_scattered_01_wCont/OIII/Cl_851.npy,/path/to/Cls_scattered_01_wCont/Cls_scattered_01_wCont/Cont/Cl_851.npy,1.5771954527124763,1.679948413837701
/path/to/Cls_scattered_01_wCont/Cls_scattered_01_wCont/Ha_OII_OIII_Cont/Cl_852.npy,/path/to/Cls_scattered_01_wCont/Cls_scattered_01_wCont/OII_all_cross/Cl_852.npy,/path/to/Cls_scattered_01_wCont/Cls_scattered_01_wCont/OIII_all_cross/Cl_852.npy,/path/to/Cls_scattered_01_wCont/Cls_scattered_01_wCont/OII_all_cross/Cl_852_1.npy,/path/to/Cls_scattered_01_wCont/Cls_scattered_01_wCont/OIII_all_cross/Cl_852_1.npy,/path/to/Cls_scattered_01_wCont/Cls_scattered_01_wCont/Shift7_all_cross/Cl_852.npy,/path/to/Cls_scattered_01_wCont/Cls_scattered_01_wCont/Ha/Cl_852.npy,/path/to/Cls_scattered_01_wCont/Cls_scattered_01_wCont/OII/Cl_852.npy,/path/to/Cls_scattered_01_wCont/Cls_scattered_01_wCont/OIII/Cl_852.npy,/path/to/Cls_scattered_01_wCont/Cls_scattered_01_wCont/Cont/Cl_852.npy,1.837063707690686,0.2139882231131196
/path/to/Cls_scattered_01_wCont/Cls_scattered_01_wCont/Ha_OII_OIII_Cont/Cl_853.npy,/path/to/Cls_scattered_01_wCont/Cls_scattered_01_wCont/OII_all_cross/Cl_853.npy,/path/to/Cls_scattered_01_wCont/Cls_scattered_01_wCont/OIII_all_cross/Cl_853.npy,/path/to/Cls_scattered_01_wCont/Cls_scattered_01_wCont/OII_all_cross/Cl_853_1.npy,/path/to/Cls_scattered_01_wCont/Cls_scattered_01_wCont/OIII_all_cross/Cl_853_1.npy,/path/to/Cls_scattered_01_wCont/Cls_scattered_01_wCont/Shift7_all_cross/Cl_853.npy,/path/to/Cls_scattered_01_wCont/Cls_scattered_01_wCont/Ha/Cl_853.npy,/path/to/Cls_scattered_01_wCont/Cls_scattered_01_wCont/OII/Cl_853.npy,/path/to/Cls_scattered_01_wCont/Cls_scattered_01_wCont/OIII/Cl_853.npy,/path/to/Cls_scattered_01_wCont/Cls_scattered_01_wCont/Cont/Cl_853.npy,0.4321120693348348,1.9595935022458435
/path/to/Cls_scattered_01_wCont/Cls_scattered_01_wCont/Ha_OII_OIII_Cont/Cl_854.npy,/path/to/Cls_scattered_01_wCont/Cls_scattered_01_wCont/OII_all_cross/Cl_854.npy,/path/to/Cls_scattered_01_wCont/Cls_scattered_01_wCont/OIII_all_cross/Cl_854.npy,/path/to/Cls_scattered_01_wCont/Cls_scattered_01_wCont/OII_all_cross/Cl_854_1.npy,/path/to/Cls_scattered_01_wCont/Cls_scattered_01_wCont/OIII_all_cross/Cl_854_1.npy,/path/to/Cls_scattered_01_wCont/Cls_scattered_01_wCont/Shift7_all_cross/Cl_854.npy,/path/to/Cls_scattered_01_wCont/Cls_scattered_01_wCont/Ha/Cl_854.npy,/path/to/Cls_scattered_01_wCont/Cls_scattered_01_wCont/OII/Cl_854.npy,/path/to/Cls_scattered_01_wCont/Cls_scattered_01_wCont/OIII/Cl_854.npy,/path/to/Cls_scattered_01_wCont/Cls_scattered_01_wCont/Cont/Cl_854.npy,0.8393831618130206,0.6569293086417018
/path/to/Cls_scattered_01_wCont/Cls_scattered_01_wCont/Ha_OII_OIII_Cont/Cl_855.npy,/path/to/Cls_scattered_01_wCont/Cls_scattered_01_wCont/OII_all_cross/Cl_855.npy,/path/to/Cls_scattered_01_wCont/Cls_scattered_01_wCont/OIII_all_cross/Cl_855.npy,/path/to/Cls_scattered_01_wCont/Cls_scattered_01_wCont/OII_all_cross/Cl_855_1.npy,/path/to/Cls_scattered_01_wCont/Cls_scattered_01_wCont/OIII_all_cross/Cl_855_1.npy,/path/to/Cls_scattered_01_wCont/Cls_scattered_01_wCont/Shift7_all_cross/Cl_855.npy,/path/to/Cls_scattered_01_wCont/Cls_scattered_01_wCont/Ha/Cl_855.npy,/path/to/Cls_scattered_01_wCont/Cls_scattered_01_wCont/OII/Cl_855.npy,/path/to/Cls_scattered_01_wCont/Cls_scattered_01_wCont/OIII/Cl_855.npy,/path/to/Cls_scattered_01_wCont/Cls_scattered_01_wCont/Cont/Cl_855.npy,1.3258786890655756,1.516547551844269
/path/to/Cls_scattered_01_wCont/Cls_scattered_01_wCont/Ha_OII_OIII_Cont/Cl_856.npy,/path/to/Cls_scattered_01_wCont/Cls_scattered_01_wCont/OII_all_cross/Cl_856.npy,/path/to/Cls_scattered_01_wCont/Cls_scattered_01_wCont/OIII_all_cross/Cl_856.npy,/path/to/Cls_scattered_01_wCont/Cls_scattered_01_wCont/OII_all_cross/Cl_856_1.npy,/path/to/Cls_scattered_01_wCont/Cls_scattered_01_wCont/OIII_all_cross/Cl_856_1.npy,/path/to/Cls_scattered_01_wCont/Cls_scattered_01_wCont/Shift7_all_cross/Cl_856.npy,/path/to/Cls_scattered_01_wCont/Cls_scattered_01_wCont/Ha/Cl_856.npy,/path/to/Cls_scattered_01_wCont/Cls_scattered_01_wCont/OII/Cl_856.npy,/path/to/Cls_scattered_01_wCont/Cls_scattered_01_wCont/OIII/Cl_856.npy,/path/to/Cls_scattered_01_wCont/Cls_scattered_01_wCont/Cont/Cl_856.npy,1.4503883314318955,0.5486683971248567
/path/to/Cls_scattered_01_wCont/Cls_scattered_01_wCont/Ha_OII_OIII_Cont/Cl_857.npy,/path/to/Cls_scattered_01_wCont/Cls_scattered_01_wCont/OII_all_cross/Cl_857.npy,/path/to/Cls_scattered_01_wCont/Cls_scattered_01_wCont/OIII_all_cross/Cl_857.npy,/path/to/Cls_scattered_01_wCont/Cls_scattered_01_wCont/OII_all_cross/Cl_857_1.npy,/path/to/Cls_scattered_01_wCont/Cls_scattered_01_wCont/OIII_all_cross/Cl_857_1.npy,/path/to/Cls_scattered_01_wCont/Cls_scattered_01_wCont/Shift7_all_cross/Cl_857.npy,/path/to/Cls_scattered_01_wCont/Cls_scattered_01_wCont/Ha/Cl_857.npy,/path/to/Cls_scattered_01_wCont/Cls_scattered_01_wCont/OII/Cl_857.npy,/path/to/Cls_scattered_01_wCont/Cls_scattered_01_wCont/OIII/Cl_857.npy,/path/to/Cls_scattered_01_wCont/Cls_scattered_01_wCont/Cont/Cl_857.npy,0.9555739418603479,1.5966174262575805
/path/to/Cls_scattered_01_wCont/Cls_scattered_01_wCont/Ha_OII_OIII_Cont/Cl_858.npy,/path/to/Cls_scattered_01_wCont/Cls_scattered_01_wCont/OII_all_cross/Cl_858.npy,/path/to/Cls_scattered_01_wCont/Cls_scattered_01_wCont/OIII_all_cross/Cl_858.npy,/path/to/Cls_scattered_01_wCont/Cls_scattered_01_wCont/OII_all_cross/Cl_858_1.npy,/path/to/Cls_scattered_01_wCont/Cls_scattered_01_wCont/OIII_all_cross/Cl_858_1.npy,/path/to/Cls_scattered_01_wCont/Cls_scattered_01_wCont/Shift7_all_cross/Cl_858.npy,/path/to/Cls_scattered_01_wCont/Cls_scattered_01_wCont/Ha/Cl_858.npy,/path/to/Cls_scattered_01_wCont/Cls_scattered_01_wCont/OII/Cl_858.npy,/path/to/Cls_scattered_01_wCont/Cls_scattered_01_wCont/OIII/Cl_858.npy,/path/to/Cls_scattered_01_wCont/Cls_scattered_01_wCont/Cont/Cl_858.npy,0.5482933329418301,0.9916094791144132
/path/to/Cls_scattered_01_wCont/Cls_scattered_01_wCont/Ha_OII_OIII_Cont/Cl_859.npy,/path/to/Cls_scattered_01_wCont/Cls_scattered_01_wCont/OII_all_cross/Cl_859.npy,/path/to/Cls_scattered_01_wCont/Cls_scattered_01_wCont/OIII_all_cross/Cl_859.npy,/path/to/Cls_scattered_01_wCont/Cls_scattered_01_wCont/OII_all_cross/Cl_859_1.npy,/path/to/Cls_scattered_01_wCont/Cls_scattered_01_wCont/OIII_all_cross/Cl_859_1.npy,/path/to/Cls_scattered_01_wCont/Cls_scattered_01_wCont/Shift7_all_cross/Cl_859.npy,/path/to/Cls_scattered_01_wCont/Cls_scattered_01_wCont/Ha/Cl_859.npy,/path/to/Cls_scattered_01_wCont/Cls_scattered_01_wCont/OII/Cl_859.npy,/path/to/Cls_scattered_01_wCont/Cls_scattered_01_wCont/OIII/Cl_859.npy,/path/to/Cls_scattered_01_wCont/Cls_scattered_01_wCont/Cont/Cl_859.npy,1.9615674575790762,1.1535714723169803
/path/to/Cls_scattered_01_wCont/Cls_scattered_01_wCont/Ha_OII_OIII_Cont/Cl_860.npy,/path/to/Cls_scattered_01_wCont/Cls_scattered_01_wCont/OII_all_cross/Cl_860.npy,/path/to/Cls_scattered_01_wCont/Cls_scattered_01_wCont/OIII_all_cross/Cl_860.npy,/path/to/Cls_scattered_01_wCont/Cls_scattered_01_wCont/OII_all_cross/Cl_860_1.npy,/path/to/Cls_scattered_01_wCont/Cls_scattered_01_wCont/OIII_all_cross/Cl_860_1.npy,/path/to/Cls_scattered_01_wCont/Cls_scattered_01_wCont/Shift7_all_cross/Cl_860.npy,/path/to/Cls_scattered_01_wCont/Cls_scattered_01_wCont/Ha/Cl_860.npy,/path/to/Cls_scattered_01_wCont/Cls_scattered_01_wCont/OII/Cl_860.npy,/path/to/Cls_scattered_01_wCont/Cls_scattered_01_wCont/OIII/Cl_860.npy,/path/to/Cls_scattered_01_wCont/Cls_scattered_01_wCont/Cont/Cl_860.npy,1.7017879295162857,0.7405760127119719
/path/to/Cls_scattered_01_wCont/Cls_scattered_01_wCont/Ha_OII_OIII_Cont/Cl_861.npy,/path/to/Cls_scattered_01_wCont/Cls_scattered_01_wCont/OII_all_cross/Cl_861.npy,/path/to/Cls_scattered_01_wCont/Cls_scattered_01_wCont/OIII_all_cross/Cl_861.npy,/path/to/Cls_scattered_01_wCont/Cls_scattered_01_wCont/OII_all_cross/Cl_861_1.npy,/path/to/Cls_scattered_01_wCont/Cls_scattered_01_wCont/OIII_all_cross/Cl_861_1.npy,/path/to/Cls_scattered_01_wCont/Cls_scattered_01_wCont/Shift7_all_cross/Cl_861.npy,/path/to/Cls_scattered_01_wCont/Cls_scattered_01_wCont/Ha/Cl_861.npy,/path/to/Cls_scattered_01_wCont/Cls_scattered_01_wCont/OII/Cl_861.npy,/path/to/Cls_scattered_01_wCont/Cls_scattered_01_wCont/OIII/Cl_861.npy,/path/to/Cls_scattered_01_wCont/Cls_scattered_01_wCont/Cont/Cl_861.npy,0.2291123612783849,1.3142486876808108
/path/to/Cls_scattered_01_wCont/Cls_scattered_01_wCont/Ha_OII_OIII_Cont/Cl_862.npy,/path/to/Cls_scattered_01_wCont/Cls_scattered_01_wCont/OII_all_cross/Cl_862.npy,/path/to/Cls_scattered_01_wCont/Cls_scattered_01_wCont/OIII_all_cross/Cl_862.npy,/path/to/Cls_scattered_01_wCont/Cls_scattered_01_wCont/OII_all_cross/Cl_862_1.npy,/path/to/Cls_scattered_01_wCont/Cls_scattered_01_wCont/OIII_all_cross/Cl_862_1.npy,/path/to/Cls_scattered_01_wCont/Cls_scattered_01_wCont/Shift7_all_cross/Cl_862.npy,/path/to/Cls_scattered_01_wCont/Cls_scattered_01_wCont/Ha/Cl_862.npy,/path/to/Cls_scattered_01_wCont/Cls_scattered_01_wCont/OII/Cl_862.npy,/path/to/Cls_scattered_01_wCont/Cls_scattered_01_wCont/OIII/Cl_862.npy,/path/to/Cls_scattered_01_wCont/Cls_scattered_01_wCont/Cont/Cl_862.npy,0.7996642507612705,0.23443664684891702
/path/to/Cls_scattered_01_wCont/Cls_scattered_01_wCont/Ha_OII_OIII_Cont/Cl_863.npy,/path/to/Cls_scattered_01_wCont/Cls_scattered_01_wCont/OII_all_cross/Cl_863.npy,/path/to/Cls_scattered_01_wCont/Cls_scattered_01_wCont/OIII_all_cross/Cl_863.npy,/path/to/Cls_scattered_01_wCont/Cls_scattered_01_wCont/OII_all_cross/Cl_863_1.npy,/path/to/Cls_scattered_01_wCont/Cls_scattered_01_wCont/OIII_all_cross/Cl_863_1.npy,/path/to/Cls_scattered_01_wCont/Cls_scattered_01_wCont/Shift7_all_cross/Cl_863.npy,/path/to/Cls_scattered_01_wCont/Cls_scattered_01_wCont/Ha/Cl_863.npy,/path/to/Cls_scattered_01_wCont/Cls_scattered_01_wCont/OII/Cl_863.npy,/path/to/Cls_scattered_01_wCont/Cls_scattered_01_wCont/OIII/Cl_863.npy,/path/to/Cls_scattered_01_wCont/Cls_scattered_01_wCont/Cont/Cl_863.npy,1.2351355198770761,1.8202682327479125
/path/to/Cls_scattered_01_wCont/Cls_scattered_01_wCont/Ha_OII_OIII_Cont/Cl_864.npy,/path/to/Cls_scattered_01_wCont/Cls_scattered_01_wCont/OII_all_cross/Cl_864.npy,/path/to/Cls_scattered_01_wCont/Cls_scattered_01_wCont/OIII_all_cross/Cl_864.npy,/path/to/Cls_scattered_01_wCont/Cls_scattered_01_wCont/OII_all_cross/Cl_864_1.npy,/path/to/Cls_scattered_01_wCont/Cls_scattered_01_wCont/OIII_all_cross/Cl_864_1.npy,/path/to/Cls_scattered_01_wCont/Cls_scattered_01_wCont/Shift7_all_cross/Cl_864.npy,/path/to/Cls_scattered_01_wCont/Cls_scattered_01_wCont/Ha/Cl_864.npy,/path/to/Cls_scattered_01_wCont/Cls_scattered_01_wCont/OII/Cl_864.npy,/path/to/Cls_scattered_01_wCont/Cls_scattered_01_wCont/OIII/Cl_864.npy,/path/to/Cls_scattered_01_wCont/Cls_scattered_01_wCont/Cont/Cl_864.npy,1.2761931399814785,0.8120358620770275
/path/to/Cls_scattered_01_wCont/Cls_scattered_01_wCont/Ha_OII_OIII_Cont/Cl_865.npy,/path/to/Cls_scattered_01_wCont/Cls_scattered_01_wCont/OII_all_cross/Cl_865.npy,/path/to/Cls_scattered_01_wCont/Cls_scattered_01_wCont/OIII_all_cross/Cl_865.npy,/path/to/Cls_scattered_01_wCont/Cls_scattered_01_wCont/OII_all_cross/Cl_865_1.npy,/path/to/Cls_scattered_01_wCont/Cls_scattered_01_wCont/OIII_all_cross/Cl_865_1.npy,/path/to/Cls_scattered_01_wCont/Cls_scattered_01_wCont/Shift7_all_cross/Cl_865.npy,/path/to/Cls_scattered_01_wCont/Cls_scattered_01_wCont/Ha/Cl_865.npy,/path/to/Cls_scattered_01_wCont/Cls_scattered_01_wCont/OII/Cl_865.npy,/path/to/Cls_scattered_01_wCont/Cls_scattered_01_wCont/OIII/Cl_865.npy,/path/to/Cls_scattered_01_wCont/Cls_scattered_01_wCont/Cont/Cl_865.npy,0.7590812600217759,1.3634142459370195
/path/to/Cls_scattered_01_wCont/Cls_scattered_01_wCont/Ha_OII_OIII_Cont/Cl_866.npy,/path/to/Cls_scattered_01_wCont/Cls_scattered_01_wCont/OII_all_cross/Cl_866.npy,/path/to/Cls_scattered_01_wCont/Cls_scattered_01_wCont/OIII_all_cross/Cl_866.npy,/path/to/Cls_scattered_01_wCont/Cls_scattered_01_wCont/OII_all_cross/Cl_866_1.npy,/path/to/Cls_scattered_01_wCont/Cls_scattered_01_wCont/OIII_all_cross/Cl_866_1.npy,/path/to/Cls_scattered_01_wCont/Cls_scattered_01_wCont/Shift7_all_cross/Cl_866.npy,/path/to/Cls_scattered_01_wCont/Cls_scattered_01_wCont/Ha/Cl_866.npy,/path/to/Cls_scattered_01_wCont/Cls_scattered_01_wCont/OII/Cl_866.npy,/path/to/Cls_scattered_01_wCont/Cls_scattered_01_wCont/OIII/Cl_866.npy,/path/to/Cls_scattered_01_wCont/Cls_scattered_01_wCont/Cont/Cl_866.npy,0.27758460491895676,0.30589275900274515
/path/to/Cls_scattered_01_wCont/Cls_scattered_01_wCont/Ha_OII_OIII_Cont/Cl_867.npy,/path/to/Cls_scattered_01_wCont/Cls_scattered_01_wCont/OII_all_cross/Cl_867.npy,/path/to/Cls_scattered_01_wCont/Cls_scattered_01_wCont/OIII_all_cross/Cl_867.npy,/path/to/Cls_scattered_01_wCont/Cls_scattered_01_wCont/OII_all_cross/Cl_867_1.npy,/path/to/Cls_scattered_01_wCont/Cls_scattered_01_wCont/OIII_all_cross/Cl_867_1.npy,/path/to/Cls_scattered_01_wCont/Cls_scattered_01_wCont/Shift7_all_cross/Cl_867.npy,/path/to/Cls_scattered_01_wCont/Cls_scattered_01_wCont/Ha/Cl_867.npy,/path/to/Cls_scattered_01_wCont/Cls_scattered_01_wCont/OII/Cl_867.npy,/path/to/Cls_scattered_01_wCont/Cls_scattered_01_wCont/OIII/Cl_867.npy,/path/to/Cls_scattered_01_wCont/Cls_scattered_01_wCont/Cont/Cl_867.npy,1.6537758123129607,1.869430280290544
/path/to/Cls_scattered_01_wCont/Cls_scattered_01_wCont/Ha_OII_OIII_Cont/Cl_868.npy,/path/to/Cls_scattered_01_wCont/Cls_scattered_01_wCont/OII_all_cross/Cl_868.npy,/path/to/Cls_scattered_01_wCont/Cls_scattered_01_wCont/OIII_all_cross/Cl_868.npy,/path/to/Cls_scattered_01_wCont/Cls_scattered_01_wCont/OII_all_cross/Cl_868_1.npy,/path/to/Cls_scattered_01_wCont/Cls_scattered_01_wCont/OIII_all_cross/Cl_868_1.npy,/path/to/Cls_scattered_01_wCont/Cls_scattered_01_wCont/Shift7_all_cross/Cl_868.npy,/path/to/Cls_scattered_01_wCont/Cls_scattered_01_wCont/Ha/Cl_868.npy,/path/to/Cls_scattered_01_wCont/Cls_scattered_01_wCont/OII/Cl_868.npy,/path/to/Cls_scattered_01_wCont/Cls_scattered_01_wCont/OIII/Cl_868.npy,/path/to/Cls_scattered_01_wCont/Cls_scattered_01_wCont/Cont/Cl_868.npy,1.9729340811260045,0.49947961578145617
/path/to/Cls_scattered_01_wCont/Cls_scattered_01_wCont/Ha_OII_OIII_Cont/Cl_869.npy,/path/to/Cls_scattered_01_wCont/Cls_scattered_01_wCont/OII_all_cross/Cl_869.npy,/path/to/Cls_scattered_01_wCont/Cls_scattered_01_wCont/OIII_all_cross/Cl_869.npy,/path/to/Cls_scattered_01_wCont/Cls_scattered_01_wCont/OII_all_cross/Cl_869_1.npy,/path/to/Cls_scattered_01_wCont/Cls_scattered_01_wCont/OIII_all_cross/Cl_869_1.npy,/path/to/Cls_scattered_01_wCont/Cls_scattered_01_wCont/Shift7_all_cross/Cl_869.npy,/path/to/Cls_scattered_01_wCont/Cls_scattered_01_wCont/Ha/Cl_869.npy,/path/to/Cls_scattered_01_wCont/Cls_scattered_01_wCont/OII/Cl_869.npy,/path/to/Cls_scattered_01_wCont/Cls_scattered_01_wCont/OIII/Cl_869.npy,/path/to/Cls_scattered_01_wCont/Cls_scattered_01_wCont/Cont/Cl_869.npy,0.5373943173326552,1.5251916860230268
/path/to/Cls_scattered_01_wCont/Cls_scattered_01_wCont/Ha_OII_OIII_Cont/Cl_870.npy,/path/to/Cls_scattered_01_wCont/Cls_scattered_01_wCont/OII_all_cross/Cl_870.npy,/path/to/Cls_scattered_01_wCont/Cls_scattered_01_wCont/OIII_all_cross/Cl_870.npy,/path/to/Cls_scattered_01_wCont/Cls_scattered_01_wCont/OII_all_cross/Cl_870_1.npy,/path/to/Cls_scattered_01_wCont/Cls_scattered_01_wCont/OIII_all_cross/Cl_870_1.npy,/path/to/Cls_scattered_01_wCont/Cls_scattered_01_wCont/Shift7_all_cross/Cl_870.npy,/path/to/Cls_scattered_01_wCont/Cls_scattered_01_wCont/Ha/Cl_870.npy,/path/to/Cls_scattered_01_wCont/Cls_scattered_01_wCont/OII/Cl_870.npy,/path/to/Cls_scattered_01_wCont/Cls_scattered_01_wCont/OIII/Cl_870.npy,/path/to/Cls_scattered_01_wCont/Cls_scattered_01_wCont/Cont/Cl_870.npy,0.9743551889434456,0.9424171870574355
/path/to/Cls_scattered_01_wCont/Cls_scattered_01_wCont/Ha_OII_OIII_Cont/Cl_871.npy,/path/to/Cls_scattered_01_wCont/Cls_scattered_01_wCont/OII_all_cross/Cl_871.npy,/path/to/Cls_scattered_01_wCont/Cls_scattered_01_wCont/OIII_all_cross/Cl_871.npy,/path/to/Cls_scattered_01_wCont/Cls_scattered_01_wCont/OII_all_cross/Cl_871_1.npy,/path/to/Cls_scattered_01_wCont/Cls_scattered_01_wCont/OIII_all_cross/Cl_871_1.npy,/path/to/Cls_scattered_01_wCont/Cls_scattered_01_wCont/Shift7_all_cross/Cl_871.npy,/path/to/Cls_scattered_01_wCont/Cls_scattered_01_wCont/Ha/Cl_871.npy,/path/to/Cls_scattered_01_wCont/Cls_scattered_01_wCont/OII/Cl_871.npy,/path/to/Cls_scattered_01_wCont/Cls_scattered_01_wCont/OIII/Cl_871.npy,/path/to/Cls_scattered_01_wCont/Cls_scattered_01_wCont/Cont/Cl_871.npy,1.43206018935889,1.0821419948711992
/path/to/Cls_scattered_01_wCont/Cls_scattered_01_wCont/Ha_OII_OIII_Cont/Cl_872.npy,/path/to/Cls_scattered_01_wCont/Cls_scattered_01_wCont/OII_all_cross/Cl_872.npy,/path/to/Cls_scattered_01_wCont/Cls_scattered_01_wCont/OIII_all_cross/Cl_872.npy,/path/to/Cls_scattered_01_wCont/Cls_scattered_01_wCont/OII_all_cross/Cl_872_1.npy,/path/to/Cls_scattered_01_wCont/Cls_scattered_01_wCont/OIII_all_cross/Cl_872_1.npy,/path/to/Cls_scattered_01_wCont/Cls_scattered_01_wCont/Shift7_all_cross/Cl_872.npy,/path/to/Cls_scattered_01_wCont/Cls_scattered_01_wCont/Ha/Cl_872.npy,/path/to/Cls_scattered_01_wCont/Cls_scattered_01_wCont/OII/Cl_872.npy,/path/to/Cls_scattered_01_wCont/Cls_scattered_01_wCont/OIII/Cl_872.npy,/path/to/Cls_scattered_01_wCont/Cls_scattered_01_wCont/Cont/Cl_872.npy,1.314519430231303,0.15181115344166757
/path/to/Cls_scattered_01_wCont/Cls_scattered_01_wCont/Ha_OII_OIII_Cont/Cl_873.npy,/path/to/Cls_scattered_01_wCont/Cls_scattered_01_wCont/OII_all_cross/Cl_873.npy,/path/to/Cls_scattered_01_wCont/Cls_scattered_01_wCont/OIII_all_cross/Cl_873.npy,/path/to/Cls_scattered_01_wCont/Cls_scattered_01_wCont/OII_all_cross/Cl_873_1.npy,/path/to/Cls_scattered_01_wCont/Cls_scattered_01_wCont/OIII_all_cross/Cl_873_1.npy,/path/to/Cls_scattered_01_wCont/Cls_scattered_01_wCont/Shift7_all_cross/Cl_873.npy,/path/to/Cls_scattered_01_wCont/Cls_scattered_01_wCont/Ha/Cl_873.npy,/path/to/Cls_scattered_01_wCont/Cls_scattered_01_wCont/OII/Cl_873.npy,/path/to/Cls_scattered_01_wCont/Cls_scattered_01_wCont/OIII/Cl_873.npy,/path/to/Cls_scattered_01_wCont/Cls_scattered_01_wCont/Cont/Cl_873.npy,0.8502895421348512,1.904866973683238
/path/to/Cls_scattered_01_wCont/Cls_scattered_01_wCont/Ha_OII_OIII_Cont/Cl_874.npy,/path/to/Cls_scattered_01_wCont/Cls_scattered_01_wCont/OII_all_cross/Cl_874.npy,/path/to/Cls_scattered_01_wCont/Cls_scattered_01_wCont/OIII_all_cross/Cl_874.npy,/path/to/Cls_scattered_01_wCont/Cls_scattered_01_wCont/OII_all_cross/Cl_874_1.npy,/path/to/Cls_scattered_01_wCont/Cls_scattered_01_wCont/OIII_all_cross/Cl_874_1.npy,/path/to/Cls_scattered_01_wCont/Cls_scattered_01_wCont/Shift7_all_cross/Cl_874.npy,/path/to/Cls_scattered_01_wCont/Cls_scattered_01_wCont/Ha/Cl_874.npy,/path/to/Cls_scattered_01_wCont/Cls_scattered_01_wCont/OII/Cl_874.npy,/path/to/Cls_scattered_01_wCont/Cls_scattered_01_wCont/OIII/Cl_874.npy,/path/to/Cls_scattered_01_wCont/Cls_scattered_01_wCont/Cont/Cl_874.npy,0.4133236840367317,0.5947487282566726
/path/to/Cls_scattered_01_wCont/Cls_scattered_01_wCont/Ha_OII_OIII_Cont/Cl_875.npy,/path/to/Cls_scattered_01_wCont/Cls_scattered_01_wCont/OII_all_cross/Cl_875.npy,/path/to/Cls_scattered_01_wCont/Cls_scattered_01_wCont/OIII_all_cross/Cl_875.npy,/path/to/Cls_scattered_01_wCont/Cls_scattered_01_wCont/OII_all_cross/Cl_875_1.npy,/path/to/Cls_scattered_01_wCont/Cls_scattered_01_wCont/OIII_all_cross/Cl_875_1.npy,/path/to/Cls_scattered_01_wCont/Cls_scattered_01_wCont/Shift7_all_cross/Cl_875.npy,/path/to/Cls_scattered_01_wCont/Cls_scattered_01_wCont/Ha/Cl_875.npy,/path/to/Cls_scattered_01_wCont/Cls_scattered_01_wCont/OII/Cl_875.npy,/path/to/Cls_scattered_01_wCont/Cls_scattered_01_wCont/OIII/Cl_875.npy,/path/to/Cls_scattered_01_wCont/Cls_scattered_01_wCont/Cont/Cl_875.npy,1.8553847115486861,1.4618172860704364
/path/to/Cls_scattered_01_wCont/Cls_scattered_01_wCont/Ha_OII_OIII_Cont/Cl_876.npy,/path/to/Cls_scattered_01_wCont/Cls_scattered_01_wCont/OII_all_cross/Cl_876.npy,/path/to/Cls_scattered_01_wCont/Cls_scattered_01_wCont/OIII_all_cross/Cl_876.npy,/path/to/Cls_scattered_01_wCont/Cls_scattered_01_wCont/OII_all_cross/Cl_876_1.npy,/path/to/Cls_scattered_01_wCont/Cls_scattered_01_wCont/OIII_all_cross/Cl_876_1.npy,/path/to/Cls_scattered_01_wCont/Cls_scattered_01_wCont/Shift7_all_cross/Cl_876.npy,/path/to/Cls_scattered_01_wCont/Cls_scattered_01_wCont/Ha/Cl_876.npy,/path/to/Cls_scattered_01_wCont/Cls_scattered_01_wCont/OII/Cl_876.npy,/path/to/Cls_scattered_01_wCont/Cls_scattered_01_wCont/OIII/Cl_876.npy,/path/to/Cls_scattered_01_wCont/Cls_scattered_01_wCont/Cont/Cl_876.npy,1.5361449708230794,0.9073605637997388
/path/to/Cls_scattered_01_wCont/Cls_scattered_01_wCont/Ha_OII_OIII_Cont/Cl_877.npy,/path/to/Cls_scattered_01_wCont/Cls_scattered_01_wCont/OII_all_cross/Cl_877.npy,/path/to/Cls_scattered_01_wCont/Cls_scattered_01_wCont/OIII_all_cross/Cl_877.npy,/path/to/Cls_scattered_01_wCont/Cls_scattered_01_wCont/OII_all_cross/Cl_877_1.npy,/path/to/Cls_scattered_01_wCont/Cls_scattered_01_wCont/OIII_all_cross/Cl_877_1.npy,/path/to/Cls_scattered_01_wCont/Cls_scattered_01_wCont/Shift7_all_cross/Cl_877.npy,/path/to/Cls_scattered_01_wCont/Cls_scattered_01_wCont/Ha/Cl_877.npy,/path/to/Cls_scattered_01_wCont/Cls_scattered_01_wCont/OII/Cl_877.npy,/path/to/Cls_scattered_01_wCont/Cls_scattered_01_wCont/OIII/Cl_877.npy,/path/to/Cls_scattered_01_wCont/Cls_scattered_01_wCont/Cont/Cl_877.npy,0.15348674589768052,1.236082697659731
/path/to/Cls_scattered_01_wCont/Cls_scattered_01_wCont/Ha_OII_OIII_Cont/Cl_878.npy,/path/to/Cls_scattered_01_wCont/Cls_scattered_01_wCont/OII_all_cross/Cl_878.npy,/path/to/Cls_scattered_01_wCont/Cls_scattered_01_wCont/OIII_all_cross/Cl_878.npy,/path/to/Cls_scattered_01_wCont/Cls_scattered_01_wCont/OII_all_cross/Cl_878_1.npy,/path/to/Cls_scattered_01_wCont/Cls_scattered_01_wCont/OIII_all_cross/Cl_878_1.npy,/path/to/Cls_scattered_01_wCont/Cls_scattered_01_wCont/Shift7_all_cross/Cl_878.npy,/path/to/Cls_scattered_01_wCont/Cls_scattered_01_wCont/Ha/Cl_878.npy,/path/to/Cls_scattered_01_wCont/Cls_scattered_01_wCont/OII/Cl_878.npy,/path/to/Cls_scattered_01_wCont/Cls_scattered_01_wCont/OIII/Cl_878.npy,/path/to/Cls_scattered_01_wCont/Cls_scattered_01_wCont/Cont/Cl_878.npy,0.6349775085225701,0.40121746426448224
/path/to/Cls_scattered_01_wCont/Cls_scattered_01_wCont/Ha_OII_OIII_Cont/Cl_879.npy,/path/to/Cls_scattered_01_wCont/Cls_scattered_01_wCont/OII_all_cross/Cl_879.npy,/path/to/Cls_scattered_01_wCont/Cls_scattered_01_wCont/OIII_all_cross/Cl_879.npy,/path/to/Cls_scattered_01_wCont/Cls_scattered_01_wCont/OII_all_cross/Cl_879_1.npy,/path/to/Cls_scattered_01_wCont/Cls_scattered_01_wCont/OIII_all_cross/Cl_879_1.npy,/path/to/Cls_scattered_01_wCont/Cls_scattered_01_wCont/Shift7_all_cross/Cl_879.npy,/path/to/Cls_scattered_01_wCont/Cls_scattered_01_wCont/Ha/Cl_879.npy,/path/to/Cls_scattered_01_wCont/Cls_scattered_01_wCont/OII/Cl_879.npy,/path/to/Cls_scattered_01_wCont/Cls_scattered_01_wCont/OIII/Cl_879.npy,/path/to/Cls_scattered_01_wCont/Cls_scattered_01_wCont/Cont/Cl_879.npy,1.1585527820512653,1.7420987355522812
/path/to/Cls_scattered_01_wCont/Cls_scattered_01_wCont/Ha_OII_OIII_Cont/Cl_880.npy,/path/to/Cls_scattered_01_wCont/Cls_scattered_01_wCont/OII_all_cross/Cl_880.npy,/path/to/Cls_scattered_01_wCont/Cls_scattered_01_wCont/OIII_all_cross/Cl_880.npy,/path/to/Cls_scattered_01_wCont/Cls_scattered_01_wCont/OII_all_cross/Cl_880_1.npy,/path/to/Cls_scattered_01_wCont/Cls_scattered_01_wCont/OIII_all_cross/Cl_880_1.npy,/path/to/Cls_scattered_01_wCont/Cls_scattered_01_wCont/Shift7_all_cross/Cl_880.npy,/path/to/Cls_scattered_01_wCont/Cls_scattered_01_wCont/Ha/Cl_880.npy,/path/to/Cls_scattered_01_wCont/Cls_scattered_01_wCont/OII/Cl_880.npy,/path/to/Cls_scattered_01_wCont/Cls_scattered_01_wCont/OIII/Cl_880.npy,/path/to/Cls_scattered_01_wCont/Cls_scattered_01_wCont/Cont/Cl_880.npy,1.077831719815731,0.371454614866525
/path/to/Cls_scattered_01_wCont/Cls_scattered_01_wCont/Ha_OII_OIII_Cont/Cl_881.npy,/path/to/Cls_scattered_01_wCont/Cls_scattered_01_wCont/OII_all_cross/Cl_881.npy,/path/to/Cls_scattered_01_wCont/Cls_scattered_01_wCont/OIII_all_cross/Cl_881.npy,/path/to/Cls_scattered_01_wCont/Cls_scattered_01_wCont/OII_all_cross/Cl_881_1.npy,/path/to/Cls_scattered_01_wCont/Cls_scattered_01_wCont/OIII_all_cross/Cl_881_1.npy,/path/to/Cls_scattered_01_wCont/Cls_scattered_01_wCont/Shift7_all_cross/Cl_881.npy,/path/to/Cls_scattered_01_wCont/Cls_scattered_01_wCont/Ha/Cl_881.npy,/path/to/Cls_scattered_01_wCont/Cls_scattered_01_wCont/OII/Cl_881.npy,/path/to/Cls_scattered_01_wCont/Cls_scattered_01_wCont/OIII/Cl_881.npy,/path/to/Cls_scattered_01_wCont/Cls_scattered_01_wCont/Cont/Cl_881.npy,0.612440974637866,1.6532205373980104
/path/to/Cls_scattered_01_wCont/Cls_scattered_01_wCont/Ha_OII_OIII_Cont/Cl_882.npy,/path/to/Cls_scattered_01_wCont/Cls_scattered_01_wCont/OII_all_cross/Cl_882.npy,/path/to/Cls_scattered_01_wCont/Cls_scattered_01_wCont/OIII_all_cross/Cl_882.npy,/path/to/Cls_scattered_01_wCont/Cls_scattered_01_wCont/OII_all_cross/Cl_882_1.npy,/path/to/Cls_scattered_01_wCont/Cls_scattered_01_wCont/OIII_all_cross/Cl_882_1.npy,/path/to/Cls_scattered_01_wCont/Cls_scattered_01_wCont/Shift7_all_cross/Cl_882.npy,/path/to/Cls_scattered_01_wCont/Cls_scattered_01_wCont/Ha/Cl_882.npy,/path/to/Cls_scattered_01_wCont/Cls_scattered_01_wCont/OII/Cl_882.npy,/path/to/Cls_scattered_01_wCont/Cls_scattered_01_wCont/OIII/Cl_882.npy,/path/to/Cls_scattered_01_wCont/Cls_scattered_01_wCont/Cont/Cl_882.npy,0.17547605438157915,0.8180984521284699
/path/to/Cls_scattered_01_wCont/Cls_scattered_01_wCont/Ha_OII_OIII_Cont/Cl_883.npy,/path/to/Cls_scattered_01_wCont/Cls_scattered_01_wCont/OII_all_cross/Cl_883.npy,/path/to/Cls_scattered_01_wCont/Cls_scattered_01_wCont/OIII_all_cross/Cl_883.npy,/path/to/Cls_scattered_01_wCont/Cls_scattered_01_wCont/OII_all_cross/Cl_883_1.npy,/path/to/Cls_scattered_01_wCont/Cls_scattered_01_wCont/OIII_all_cross/Cl_883_1.npy,/path/to/Cls_scattered_01_wCont/Cls_scattered_01_wCont/Shift7_all_cross/Cl_883.npy,/path/to/Cls_scattered_01_wCont/Cls_scattered_01_wCont/Ha/Cl_883.npy,/path/to/Cls_scattered_01_wCont/Cls_scattered_01_wCont/OII/Cl_883.npy,/path/to/Cls_scattered_01_wCont/Cls_scattered_01_wCont/OIII/Cl_883.npy,/path/to/Cls_scattered_01_wCont/Cls_scattered_01_wCont/Cont/Cl_883.npy,1.6186961269937457,1.2064568793401123
/path/to/Cls_scattered_01_wCont/Cls_scattered_01_wCont/Ha_OII_OIII_Cont/Cl_884.npy,/path/to/Cls_scattered_01_wCont/Cls_scattered_01_wCont/OII_all_cross/Cl_884.npy,/path/to/Cls_scattered_01_wCont/Cls_scattered_01_wCont/OIII_all_cross/Cl_884.npy,/path/to/Cls_scattered_01_wCont/Cls_scattered_01_wCont/OII_all_cross/Cl_884_1.npy,/path/to/Cls_scattered_01_wCont/Cls_scattered_01_wCont/OIII_all_cross/Cl_884_1.npy,/path/to/Cls_scattered_01_wCont/Cls_scattered_01_wCont/Shift7_all_cross/Cl_884.npy,/path/to/Cls_scattered_01_wCont/Cls_scattered_01_wCont/Ha/Cl_884.npy,/path/to/Cls_scattered_01_wCont/Cls_scattered_01_wCont/OII/Cl_884.npy,/path/to/Cls_scattered_01_wCont/Cls_scattered_01_wCont/OIII/Cl_884.npy,/path/to/Cls_scattered_01_wCont/Cls_scattered_01_wCont/Cont/Cl_884.npy,1.7744571188464762,0.6840025515295565
/path/to/Cls_scattered_01_wCont/Cls_scattered_01_wCont/Ha_OII_OIII_Cont/Cl_885.npy,/path/to/Cls_scattered_01_wCont/Cls_scattered_01_wCont/OII_all_cross/Cl_885.npy,/path/to/Cls_scattered_01_wCont/Cls_scattered_01_wCont/OIII_all_cross/Cl_885.npy,/path/to/Cls_scattered_01_wCont/Cls_scattered_01_wCont/OII_all_cross/Cl_885_1.npy,/path/to/Cls_scattered_01_wCont/Cls_scattered_01_wCont/OIII_all_cross/Cl_885_1.npy,/path/to/Cls_scattered_01_wCont/Cls_scattered_01_wCont/Shift7_all_cross/Cl_885.npy,/path/to/Cls_scattered_01_wCont/Cls_scattered_01_wCont/Ha/Cl_885.npy,/path/to/Cls_scattered_01_wCont/Cls_scattered_01_wCont/OII/Cl_885.npy,/path/to/Cls_scattered_01_wCont/Cls_scattered_01_wCont/OIII/Cl_885.npy,/path/to/Cls_scattered_01_wCont/Cls_scattered_01_wCont/Cont/Cl_885.npy,0.3906386030837894,1.4914364580996335
/path/to/Cls_scattered_01_wCont/Cls_scattered_01_wCont/Ha_OII_OIII_Cont/Cl_886.npy,/path/to/Cls_scattered_01_wCont/Cls_scattered_01_wCont/OII_all_cross/Cl_886.npy,/path/to/Cls_scattered_01_wCont/Cls_scattered_01_wCont/OIII_all_cross/Cl_886.npy,/path/to/Cls_scattered_01_wCont/Cls_scattered_01_wCont/OII_all_cross/Cl_886_1.npy,/path/to/Cls_scattered_01_wCont/Cls_scattered_01_wCont/OIII_all_cross/Cl_886_1.npy,/path/to/Cls_scattered_01_wCont/Cls_scattered_01_wCont/Shift7_all_cross/Cl_886.npy,/path/to/Cls_scattered_01_wCont/Cls_scattered_01_wCont/Ha/Cl_886.npy,/path/to/Cls_scattered_01_wCont/Cls_scattered_01_wCont/OII/Cl_886.npy,/path/to/Cls_scattered_01_wCont/Cls_scattered_01_wCont/OIII/Cl_886.npy,/path/to/Cls_scattered_01_wCont/Cls_scattered_01_wCont/Cont/Cl_886.npy,0.872130246926099,0.18158230539411307
/path/to/Cls_scattered_01_wCont/Cls_scattered_01_wCont/Ha_OII_OIII_Cont/Cl_887.npy,/path/to/Cls_scattered_01_wCont/Cls_scattered_01_wCont/OII_all_cross/Cl_887.npy,/path/to/Cls_scattered_01_wCont/Cls_scattered_01_wCont/OIII_all_cross/Cl_887.npy,/path/to/Cls_scattered_01_wCont/Cls_scattered_01_wCont/OII_all_cross/Cl_887_1.npy,/path/to/Cls_scattered_01_wCont/Cls_scattered_01_wCont/OIII_all_cross/Cl_887_1.npy,/path/to/Cls_scattered_01_wCont/Cls_scattered_01_wCont/Shift7_all_cross/Cl_887.npy,/path/to/Cls_scattered_01_wCont/Cls_scattered_01_wCont/Ha/Cl_887.npy,/path/to/Cls_scattered_01_wCont/Cls_scattered_01_wCont/OII/Cl_887.npy,/path/to/Cls_scattered_01_wCont/Cls_scattered_01_wCont/OIII/Cl_887.npy,/path/to/Cls_scattered_01_wCont/Cls_scattered_01_wCont/Cont/Cl_887.npy,1.396863999310881,1.9937518322840333
/path/to/Cls_scattered_01_wCont/Cls_scattered_01_wCont/Ha_OII_OIII_Cont/Cl_888.npy,/path/to/Cls_scattered_01_wCont/Cls_scattered_01_wCont/OII_all_cross/Cl_888.npy,/path/to/Cls_scattered_01_wCont/Cls_scattered_01_wCont/OIII_all_cross/Cl_888.npy,/path/to/Cls_scattered_01_wCont/Cls_scattered_01_wCont/OII_all_cross/Cl_888_1.npy,/path/to/Cls_scattered_01_wCont/Cls_scattered_01_wCont/OIII_all_cross/Cl_888_1.npy,/path/to/Cls_scattered_01_wCont/Cls_scattered_01_wCont/Shift7_all_cross/Cl_888.npy,/path/to/Cls_scattered_01_wCont/Cls_scattered_01_wCont/Ha/Cl_888.npy,/path/to/Cls_scattered_01_wCont/Cls_scattered_01_wCont/OII/Cl_888.npy,/path/to/Cls_scattered_01_wCont/Cls_scattered_01_wCont/OIII/Cl_888.npy,/path/to/Cls_scattered_01_wCont/Cls_scattered_01_wCont/Cont/Cl_888.npy,1.513112808763981,1.0316710032522678
/path/to/Cls_scattered_01_wCont/Cls_scattered_01_wCont/Ha_OII_OIII_Cont/Cl_889.npy,/path/to/Cls_scattered_01_wCont/Cls_scattered_01_wCont/OII_all_cross/Cl_889.npy,/path/to/Cls_scattered_01_wCont/Cls_scattered_01_wCont/OIII_all_cross/Cl_889.npy,/path/to/Cls_scattered_01_wCont/Cls_scattered_01_wCont/OII_all_cross/Cl_889_1.npy,/path/to/Cls_scattered_01_wCont/Cls_scattered_01_wCont/OIII_all_cross/Cl_889_1.npy,/path/to/Cls_scattered_01_wCont/Cls_scattered_01_wCont/Shift7_all_cross/Cl_889.npy,/path/to/Cls_scattered_01_wCont/Cls_scattered_01_wCont/Ha/Cl_889.npy,/path/to/Cls_scattered_01_wCont/Cls_scattered_01_wCont/OII/Cl_889.npy,/path/to/Cls_scattered_01_wCont/Cls_scattered_01_wCont/OIII/Cl_889.npy,/path/to/Cls_scattered_01_wCont/Cls_scattered_01_wCont/Cont/Cl_889.npy,0.9966978054493665,1.111761159822345
/path/to/Cls_scattered_01_wCont/Cls_scattered_01_wCont/Ha_OII_OIII_Cont/Cl_890.npy,/path/to/Cls_scattered_01_wCont/Cls_scattered_01_wCont/OII_all_cross/Cl_890.npy,/path/to/Cls_scattered_01_wCont/Cls_scattered_01_wCont/OIII_all_cross/Cl_890.npy,/path/to/Cls_scattered_01_wCont/Cls_scattered_01_wCont/OII_all_cross/Cl_890_1.npy,/path/to/Cls_scattered_01_wCont/Cls_scattered_01_wCont/OIII_all_cross/Cl_890_1.npy,/path/to/Cls_scattered_01_wCont/Cls_scattered_01_wCont/Shift7_all_cross/Cl_890.npy,/path/to/Cls_scattered_01_wCont/Cls_scattered_01_wCont/Ha/Cl_890.npy,/path/to/Cls_scattered_01_wCont/Cls_scattered_01_wCont/OII/Cl_890.npy,/path/to/Cls_scattered_01_wCont/Cls_scattered_01_wCont/OIII/Cl_890.npy,/path/to/Cls_scattered_01_wCont/Cls_scattered_01_wCont/Cont/Cl_890.npy,0.5152002762071788,0.5292507606558502
/path/to/Cls_scattered_01_wCont/Cls_scattered_01_wCont/Ha_OII_OIII_Cont/Cl_891.npy,/path/to/Cls_scattered_01_wCont/Cls_scattered_01_wCont/OII_all_cross/Cl_891.npy,/path/to/Cls_scattered_01_wCont/Cls_scattered_01_wCont/OIII_all_cross/Cl_891.npy,/path/to/Cls_scattered_01_wCont/Cls_scattered_01_wCont/OII_all_cross/Cl_891_1.npy,/path/to/Cls_scattered_01_wCont/Cls_scattered_01_wCont/OIII_all_cross/Cl_891_1.npy,/path/to/Cls_scattered_01_wCont/Cls_scattered_01_wCont/Shift7_all_cross/Cl_891.npy,/path/to/Cls_scattered_01_wCont/Cls_scattered_01_wCont/Ha/Cl_891.npy,/path/to/Cls_scattered_01_wCont/Cls_scattered_01_wCont/OII/Cl_891.npy,/path/to/Cls_scattered_01_wCont/Cls_scattered_01_wCont/OIII/Cl_891.npy,/path/to/Cls_scattered_01_wCont/Cls_scattered_01_wCont/Cont/Cl_891.npy,1.8906964189372957,1.6140765375457704
/path/to/Cls_scattered_01_wCont/Cls_scattered_01_wCont/Ha_OII_OIII_Cont/Cl_892.npy,/path/to/Cls_scattered_01_wCont/Cls_scattered_01_wCont/OII_all_cross/Cl_892.npy,/path/to/Cls_scattered_01_wCont/Cls_scattered_01_wCont/OIII_all_cross/Cl_892.npy,/path/to/Cls_scattered_01_wCont/Cls_scattered_01_wCont/OII_all_cross/Cl_892_1.npy,/path/to/Cls_scattered_01_wCont/Cls_scattered_01_wCont/OIII_all_cross/Cl_892_1.npy,/path/to/Cls_scattered_01_wCont/Cls_scattered_01_wCont/Shift7_all_cross/Cl_892.npy,/path/to/Cls_scattered_01_wCont/Cls_scattered_01_wCont/Ha/Cl_892.npy,/path/to/Cls_scattered_01_wCont/Cls_scattered_01_wCont/OII/Cl_892.npy,/path/to/Cls_scattered_01_wCont/Cls_scattered_01_wCont/OIII/Cl_892.npy,/path/to/Cls_scattered_01_wCont/Cls_scattered_01_wCont/Cont/Cl_892.npy,1.7348538348451257,0.27612990252673625
/path/to/Cls_scattered_01_wCont/Cls_scattered_01_wCont/Ha_OII_OIII_Cont/Cl_893.npy,/path/to/Cls_scattered_01_wCont/Cls_scattered_01_wCont/OII_all_cross/Cl_893.npy,/path/to/Cls_scattered_01_wCont/Cls_scattered_01_wCont/OIII_all_cross/Cl_893.npy,/path/to/Cls_scattered_01_wCont/Cls_scattered_01_wCont/OII_all_cross/Cl_893_1.npy,/path/to/Cls_scattered_01_wCont/Cls_scattered_01_wCont/OIII_all_cross/Cl_893_1.npy,/path/to/Cls_scattered_01_wCont/Cls_scattered_01_wCont/Shift7_all_cross/Cl_893.npy,/path/to/Cls_scattered_01_wCont/Cls_scattered_01_wCont/Ha/Cl_893.npy,/path/to/Cls_scattered_01_wCont/Cls_scattered_01_wCont/OII/Cl_893.npy,/path/to/Cls_scattered_01_wCont/Cls_scattered_01_wCont/OIII/Cl_893.npy,/path/to/Cls_scattered_01_wCont/Cls_scattered_01_wCont/Cont/Cl_893.npy,0.30001060795038936,1.7805520750582218
/path/to/Cls_scattered_01_wCont/Cls_scattered_01_wCont/Ha_OII_OIII_Cont/Cl_894.npy,/path/to/Cls_scattered_01_wCont/Cls_scattered_01_wCont/OII_all_cross/Cl_894.npy,/path/to/Cls_scattered_01_wCont/Cls_scattered_01_wCont/OIII_all_cross/Cl_894.npy,/path/to/Cls_scattered_01_wCont/Cls_scattered_01_wCont/OII_all_cross/Cl_894_1.npy,/path/to/Cls_scattered_01_wCont/Cls_scattered_01_wCont/OIII_all_cross/Cl_894_1.npy,/path/to/Cls_scattered_01_wCont/Cls_scattered_01_wCont/Shift7_all_cross/Cl_894.npy,/path/to/Cls_scattered_01_wCont/Cls_scattered_01_wCont/Ha/Cl_894.npy,/path/to/Cls_scattered_01_wCont/Cls_scattered_01_wCont/OII/Cl_894.npy,/path/to/Cls_scattered_01_wCont/Cls_scattered_01_wCont/OIII/Cl_894.npy,/path/to/Cls_scattered_01_wCont/Cls_scattered_01_wCont/Cont/Cl_894.npy,0.7369705487973988,0.722773743327707
/path/to/Cls_scattered_01_wCont/Cls_scattered_01_wCont/Ha_OII_OIII_Cont/Cl_895.npy,/path/to/Cls_scattered_01_wCont/Cls_scattered_01_wCont/OII_all_cross/Cl_895.npy,/path/to/Cls_scattered_01_wCont/Cls_scattered_01_wCont/OIII_all_cross/Cl_895.npy,/path/to/Cls_scattered_01_wCont/Cls_scattered_01_wCont/OII_all_cross/Cl_895_1.npy,/path/to/Cls_scattered_01_wCont/Cls_scattered_01_wCont/OIII_all_cross/Cl_895_1.npy,/path/to/Cls_scattered_01_wCont/Cls_scattered_01_wCont/Shift7_all_cross/Cl_895.npy,/path/to/Cls_scattered_01_wCont/Cls_scattered_01_wCont/Ha/Cl_895.npy,/path/to/Cls_scattered_01_wCont/Cls_scattered_01_wCont/OII/Cl_895.npy,/path/to/Cls_scattered_01_wCont/Cls_scattered_01_wCont/OIII/Cl_895.npy,/path/to/Cls_scattered_01_wCont/Cls_scattered_01_wCont/Cont/Cl_895.npy,1.1939808242954315,1.3337884205393493
/path/to/Cls_scattered_01_wCont/Cls_scattered_01_wCont/Ha_OII_OIII_Cont/Cl_896.npy,/path/to/Cls_scattered_01_wCont/Cls_scattered_01_wCont/OII_all_cross/Cl_896.npy,/path/to/Cls_scattered_01_wCont/Cls_scattered_01_wCont/OIII_all_cross/Cl_896.npy,/path/to/Cls_scattered_01_wCont/Cls_scattered_01_wCont/OII_all_cross/Cl_896_1.npy,/path/to/Cls_scattered_01_wCont/Cls_scattered_01_wCont/OIII_all_cross/Cl_896_1.npy,/path/to/Cls_scattered_01_wCont/Cls_scattered_01_wCont/Shift7_all_cross/Cl_896.npy,/path/to/Cls_scattered_01_wCont/Cls_scattered_01_wCont/Ha/Cl_896.npy,/path/to/Cls_scattered_01_wCont/Cls_scattered_01_wCont/OII/Cl_896.npy,/path/to/Cls_scattered_01_wCont/Cls_scattered_01_wCont/OIII/Cl_896.npy,/path/to/Cls_scattered_01_wCont/Cls_scattered_01_wCont/Cont/Cl_896.npy,1.1854777698405088,0.4502751034684479
/path/to/Cls_scattered_01_wCont/Cls_scattered_01_wCont/Ha_OII_OIII_Cont/Cl_897.npy,/path/to/Cls_scattered_01_wCont/Cls_scattered_01_wCont/OII_all_cross/Cl_897.npy,/path/to/Cls_scattered_01_wCont/Cls_scattered_01_wCont/OIII_all_cross/Cl_897.npy,/path/to/Cls_scattered_01_wCont/Cls_scattered_01_wCont/OII_all_cross/Cl_897_1.npy,/path/to/Cls_scattered_01_wCont/Cls_scattered_01_wCont/OIII_all_cross/Cl_897_1.npy,/path/to/Cls_scattered_01_wCont/Cls_scattered_01_wCont/Shift7_all_cross/Cl_897.npy,/path/to/Cls_scattered_01_wCont/Cls_scattered_01_wCont/Ha/Cl_897.npy,/path/to/Cls_scattered_01_wCont/Cls_scattered_01_wCont/OII/Cl_897.npy,/path/to/Cls_scattered_01_wCont/Cls_scattered_01_wCont/OIII/Cl_897.npy,/path/to/Cls_scattered_01_wCont/Cls_scattered_01_wCont/Cont/Cl_897.npy,0.7305243053473531,1.7245913201011718
/path/to/Cls_scattered_01_wCont/Cls_scattered_01_wCont/Ha_OII_OIII_Cont/Cl_898.npy,/path/to/Cls_scattered_01_wCont/Cls_scattered_01_wCont/OII_all_cross/Cl_898.npy,/path/to/Cls_scattered_01_wCont/Cls_scattered_01_wCont/OIII_all_cross/Cl_898.npy,/path/to/Cls_scattered_01_wCont/Cls_scattered_01_wCont/OII_all_cross/Cl_898_1.npy,/path/to/Cls_scattered_01_wCont/Cls_scattered_01_wCont/OIII_all_cross/Cl_898_1.npy,/path/to/Cls_scattered_01_wCont/Cls_scattered_01_wCont/Shift7_all_cross/Cl_898.npy,/path/to/Cls_scattered_01_wCont/Cls_scattered_01_wCont/Ha/Cl_898.npy,/path/to/Cls_scattered_01_wCont/Cls_scattered_01_wCont/OII/Cl_898.npy,/path/to/Cls_scattered_01_wCont/Cls_scattered_01_wCont/OIII/Cl_898.npy,/path/to/Cls_scattered_01_wCont/Cls_scattered_01_wCont/Cont/Cl_898.npy,0.30654767695814367,0.8970358418300747
/path/to/Cls_scattered_01_wCont/Cls_scattered_01_wCont/Ha_OII_OIII_Cont/Cl_899.npy,/path/to/Cls_scattered_01_wCont/Cls_scattered_01_wCont/OII_all_cross/Cl_899.npy,/path/to/Cls_scattered_01_wCont/Cls_scattered_01_wCont/OIII_all_cross/Cl_899.npy,/path/to/Cls_scattered_01_wCont/Cls_scattered_01_wCont/OII_all_cross/Cl_899_1.npy,/path/to/Cls_scattered_01_wCont/Cls_scattered_01_wCont/OIII_all_cross/Cl_899_1.npy,/path/to/Cls_scattered_01_wCont/Cls_scattered_01_wCont/Shift7_all_cross/Cl_899.npy,/path/to/Cls_scattered_01_wCont/Cls_scattered_01_wCont/Ha/Cl_899.npy,/path/to/Cls_scattered_01_wCont/Cls_scattered_01_wCont/OII/Cl_899.npy,/path/to/Cls_scattered_01_wCont/Cls_scattered_01_wCont/OIII/Cl_899.npy,/path/to/Cls_scattered_01_wCont/Cls_scattered_01_wCont/Cont/Cl_899.npy,1.7430413780733942,1.277943147532642
/path/to/Cls_scattered_01_wCont/Cls_scattered_01_wCont/Ha_OII_OIII_Cont/Cl_900.npy,/path/to/Cls_scattered_01_wCont/Cls_scattered_01_wCont/OII_all_cross/Cl_900.npy,/path/to/Cls_scattered_01_wCont/Cls_scattered_01_wCont/OIII_all_cross/Cl_900.npy,/path/to/Cls_scattered_01_wCont/Cls_scattered_01_wCont/OII_all_cross/Cl_900_1.npy,/path/to/Cls_scattered_01_wCont/Cls_scattered_01_wCont/OIII_all_cross/Cl_900_1.npy,/path/to/Cls_scattered_01_wCont/Cls_scattered_01_wCont/Shift7_all_cross/Cl_900.npy,/path/to/Cls_scattered_01_wCont/Cls_scattered_01_wCont/Ha/Cl_900.npy,/path/to/Cls_scattered_01_wCont/Cls_scattered_01_wCont/OII/Cl_900.npy,/path/to/Cls_scattered_01_wCont/Cls_scattered_01_wCont/OIII/Cl_900.npy,/path/to/Cls_scattered_01_wCont/Cls_scattered_01_wCont/Cont/Cl_900.npy,1.8841328497044743,0.6124879711307585
/path/to/Cls_scattered_01_wCont/Cls_scattered_01_wCont/Ha_OII_OIII_Cont/Cl_901.npy,/path/to/Cls_scattered_01_wCont/Cls_scattered_01_wCont/OII_all_cross/Cl_901.npy,/path/to/Cls_scattered_01_wCont/Cls_scattered_01_wCont/OIII_all_cross/Cl_901.npy,/path/to/Cls_scattered_01_wCont/Cls_scattered_01_wCont/OII_all_cross/Cl_901_1.npy,/path/to/Cls_scattered_01_wCont/Cls_scattered_01_wCont/OIII_all_cross/Cl_901_1.npy,/path/to/Cls_scattered_01_wCont/Cls_scattered_01_wCont/Shift7_all_cross/Cl_901.npy,/path/to/Cls_scattered_01_wCont/Cls_scattered_01_wCont/Ha/Cl_901.npy,/path/to/Cls_scattered_01_wCont/Cls_scattered_01_wCont/OII/Cl_901.npy,/path/to/Cls_scattered_01_wCont/Cls_scattered_01_wCont/OIII/Cl_901.npy,/path/to/Cls_scattered_01_wCont/Cls_scattered_01_wCont/Cont/Cl_901.npy,0.5070401391945779,1.4125278335995972
/path/to/Cls_scattered_01_wCont/Cls_scattered_01_wCont/Ha_OII_OIII_Cont/Cl_902.npy,/path/to/Cls_scattered_01_wCont/Cls_scattered_01_wCont/OII_all_cross/Cl_902.npy,/path/to/Cls_scattered_01_wCont/Cls_scattered_01_wCont/OIII_all_cross/Cl_902.npy,/path/to/Cls_scattered_01_wCont/Cls_scattered_01_wCont/OII_all_cross/Cl_902_1.npy,/path/to/Cls_scattered_01_wCont/Cls_scattered_01_wCont/OIII_all_cross/Cl_902_1.npy,/path/to/Cls_scattered_01_wCont/Cls_scattered_01_wCont/Shift7_all_cross/Cl_902.npy,/path/to/Cls_scattered_01_wCont/Cls_scattered_01_wCont/Ha/Cl_902.npy,/path/to/Cls_scattered_01_wCont/Cls_scattered_01_wCont/OII/Cl_902.npy,/path/to/Cls_scattered_01_wCont/Cls_scattered_01_wCont/OIII/Cl_902.npy,/path/to/Cls_scattered_01_wCont/Cls_scattered_01_wCont/Cont/Cl_902.npy,1.0052309840917588,0.11018275748938322
/path/to/Cls_scattered_01_wCont/Cls_scattered_01_wCont/Ha_OII_OIII_Cont/Cl_903.npy,/path/to/Cls_scattered_01_wCont/Cls_scattered_01_wCont/OII_all_cross/Cl_903.npy,/path/to/Cls_scattered_01_wCont/Cls_scattered_01_wCont/OIII_all_cross/Cl_903.npy,/path/to/Cls_scattered_01_wCont/Cls_scattered_01_wCont/OII_all_cross/Cl_903_1.npy,/path/to/Cls_scattered_01_wCont/Cls_scattered_01_wCont/OIII_all_cross/Cl_903_1.npy,/path/to/Cls_scattered_01_wCont/Cls_scattered_01_wCont/Shift7_all_cross/Cl_903.npy,/path/to/Cls_scattered_01_wCont/Cls_scattered_01_wCont/Ha/Cl_903.npy,/path/to/Cls_scattered_01_wCont/Cls_scattered_01_wCont/OII/Cl_903.npy,/path/to/Cls_scattered_01_wCont/Cls_scattered_01_wCont/OIII/Cl_903.npy,/path/to/Cls_scattered_01_wCont/Cls_scattered_01_wCont/Cont/Cl_903.npy,1.5195280220359564,1.9149596558883786
/path/to/Cls_scattered_01_wCont/Cls_scattered_01_wCont/Ha_OII_OIII_Cont/Cl_904.npy,/path/to/Cls_scattered_01_wCont/Cls_scattered_01_wCont/OII_all_cross/Cl_904.npy,/path/to/Cls_scattered_01_wCont/Cls_scattered_01_wCont/OIII_all_cross/Cl_904.npy,/path/to/Cls_scattered_01_wCont/Cls_scattered_01_wCont/OII_all_cross/Cl_904_1.npy,/path/to/Cls_scattered_01_wCont/Cls_scattered_01_wCont/OIII_all_cross/Cl_904_1.npy,/path/to/Cls_scattered_01_wCont/Cls_scattered_01_wCont/Shift7_all_cross/Cl_904.npy,/path/to/Cls_scattered_01_wCont/Cls_scattered_01_wCont/Ha/Cl_904.npy,/path/to/Cls_scattered_01_wCont/Cls_scattered_01_wCont/OII/Cl_904.npy,/path/to/Cls_scattered_01_wCont/Cls_scattered_01_wCont/OIII/Cl_904.npy,/path/to/Cls_scattered_01_wCont/Cls_scattered_01_wCont/Cont/Cl_904.npy,1.4033213411457837,0.9768556416034698
/path/to/Cls_scattered_01_wCont/Cls_scattered_01_wCont/Ha_OII_OIII_Cont/Cl_905.npy,/path/to/Cls_scattered_01_wCont/Cls_scattered_01_wCont/OII_all_cross/Cl_905.npy,/path/to/Cls_scattered_01_wCont/Cls_scattered_01_wCont/OIII_all_cross/Cl_905.npy,/path/to/Cls_scattered_01_wCont/Cls_scattered_01_wCont/OII_all_cross/Cl_905_1.npy,/path/to/Cls_scattered_01_wCont/Cls_scattered_01_wCont/OIII_all_cross/Cl_905_1.npy,/path/to/Cls_scattered_01_wCont/Cls_scattered_01_wCont/Shift7_all_cross/Cl_905.npy,/path/to/Cls_scattered_01_wCont/Cls_scattered_01_wCont/Ha/Cl_905.npy,/path/to/Cls_scattered_01_wCont/Cls_scattered_01_wCont/OII/Cl_905.npy,/path/to/Cls_scattered_01_wCont/Cls_scattered_01_wCont/OIII/Cl_905.npy,/path/to/Cls_scattered_01_wCont/Cls_scattered_01_wCont/Cont/Cl_905.npy,0.8806439467705786,1.0792392540723086
/path/to/Cls_scattered_01_wCont/Cls_scattered_01_wCont/Ha_OII_OIII_Cont/Cl_906.npy,/path/to/Cls_scattered_01_wCont/Cls_scattered_01_wCont/OII_all_cross/Cl_906.npy,/path/to/Cls_scattered_01_wCont/Cls_scattered_01_wCont/OIII_all_cross/Cl_906.npy,/path/to/Cls_scattered_01_wCont/Cls_scattered_01_wCont/OII_all_cross/Cl_906_1.npy,/path/to/Cls_scattered_01_wCont/Cls_scattered_01_wCont/OIII_all_cross/Cl_906_1.npy,/path/to/Cls_scattered_01_wCont/Cls_scattered_01_wCont/Shift7_all_cross/Cl_906.npy,/path/to/Cls_scattered_01_wCont/Cls_scattered_01_wCont/Ha/Cl_906.npy,/path/to/Cls_scattered_01_wCont/Cls_scattered_01_wCont/OII/Cl_906.npy,/path/to/Cls_scattered_01_wCont/Cls_scattered_01_wCont/OIII/Cl_906.npy,/path/to/Cls_scattered_01_wCont/Cls_scattered_01_wCont/Cont/Cl_906.npy,0.3824472093954683,0.4745504315011203
/path/to/Cls_scattered_01_wCont/Cls_scattered_01_wCont/Ha_OII_OIII_Cont/Cl_907.npy,/path/to/Cls_scattered_01_wCont/Cls_scattered_01_wCont/OII_all_cross/Cl_907.npy,/path/to/Cls_scattered_01_wCont/Cls_scattered_01_wCont/OIII_all_cross/Cl_907.npy,/path/to/Cls_scattered_01_wCont/Cls_scattered_01_wCont/OII_all_cross/Cl_907_1.npy,/path/to/Cls_scattered_01_wCont/Cls_scattered_01_wCont/OIII_all_cross/Cl_907_1.npy,/path/to/Cls_scattered_01_wCont/Cls_scattered_01_wCont/Shift7_all_cross/Cl_907.npy,/path/to/Cls_scattered_01_wCont/Cls_scattered_01_wCont/Ha/Cl_907.npy,/path/to/Cls_scattered_01_wCont/Cls_scattered_01_wCont/OII/Cl_907.npy,/path/to/Cls_scattered_01_wCont/Cls_scattered_01_wCont/OIII/Cl_907.npy,/path/to/Cls_scattered_01_wCont/Cls_scattered_01_wCont/Cont/Cl_907.npy,1.7679166523739696,1.5816710799001157
/path/to/Cls_scattered_01_wCont/Cls_scattered_01_wCont/Ha_OII_OIII_Cont/Cl_908.npy,/path/to/Cls_scattered_01_wCont/Cls_scattered_01_wCont/OII_all_cross/Cl_908.npy,/path/to/Cls_scattered_01_wCont/Cls_scattered_01_wCont/OIII_all_cross/Cl_908.npy,/path/to/Cls_scattered_01_wCont/Cls_scattered_01_wCont/OII_all_cross/Cl_908_1.npy,/path/to/Cls_scattered_01_wCont/Cls_scattered_01_wCont/OIII_all_cross/Cl_908_1.npy,/path/to/Cls_scattered_01_wCont/Cls_scattered_01_wCont/Shift7_all_cross/Cl_908.npy,/path/to/Cls_scattered_01_wCont/Cls_scattered_01_wCont/Ha/Cl_908.npy,/path/to/Cls_scattered_01_wCont/Cls_scattered_01_wCont/OII/Cl_908.npy,/path/to/Cls_scattered_01_wCont/Cls_scattered_01_wCont/OIII/Cl_908.npy,/path/to/Cls_scattered_01_wCont/Cls_scattered_01_wCont/Cont/Cl_908.npy,1.6268596614710986,0.3085636723786592
/path/to/Cls_scattered_01_wCont/Cls_scattered_01_wCont/Ha_OII_OIII_Cont/Cl_909.npy,/path/to/Cls_scattered_01_wCont/Cls_scattered_01_wCont/OII_all_cross/Cl_909.npy,/path/to/Cls_scattered_01_wCont/Cls_scattered_01_wCont/OIII_all_cross/Cl_909.npy,/path/to/Cls_scattered_01_wCont/Cls_scattered_01_wCont/OII_all_cross/Cl_909_1.npy,/path/to/Cls_scattered_01_wCont/Cls_scattered_01_wCont/OIII_all_cross/Cl_909_1.npy,/path/to/Cls_scattered_01_wCont/Cls_scattered_01_wCont/Shift7_all_cross/Cl_909.npy,/path/to/Cls_scattered_01_wCont/Cls_scattered_01_wCont/Ha/Cl_909.npy,/path/to/Cls_scattered_01_wCont/Cls_scattered_01_wCont/OII/Cl_909.npy,/path/to/Cls_scattered_01_wCont/Cls_scattered_01_wCont/OIII/Cl_909.npy,/path/to/Cls_scattered_01_wCont/Cls_scattered_01_wCont/Cont/Cl_909.npy,0.18204347407445312,1.835223639011383
/path/to/Cls_scattered_01_wCont/Cls_scattered_01_wCont/Ha_OII_OIII_Cont/Cl_910.npy,/path/to/Cls_scattered_01_wCont/Cls_scattered_01_wCont/OII_all_cross/Cl_910.npy,/path/to/Cls_scattered_01_wCont/Cls_scattered_01_wCont/OIII_all_cross/Cl_910.npy,/path/to/Cls_scattered_01_wCont/Cls_scattered_01_wCont/OII_all_cross/Cl_910_1.npy,/path/to/Cls_scattered_01_wCont/Cls_scattered_01_wCont/OIII_all_cross/Cl_910_1.npy,/path/to/Cls_scattered_01_wCont/Cls_scattered_01_wCont/Shift7_all_cross/Cl_910.npy,/path/to/Cls_scattered_01_wCont/Cls_scattered_01_wCont/Ha/Cl_910.npy,/path/to/Cls_scattered_01_wCont/Cls_scattered_01_wCont/OII/Cl_910.npy,/path/to/Cls_scattered_01_wCont/Cls_scattered_01_wCont/OIII/Cl_910.npy,/path/to/Cls_scattered_01_wCont/Cls_scattered_01_wCont/Cont/Cl_910.npy,0.6060151159763336,0.7553244142793119
/path/to/Cls_scattered_01_wCont/Cls_scattered_01_wCont/Ha_OII_OIII_Cont/Cl_911.npy,/path/to/Cls_scattered_01_wCont/Cls_scattered_01_wCont/OII_all_cross/Cl_911.npy,/path/to/Cls_scattered_01_wCont/Cls_scattered_01_wCont/OIII_all_cross/Cl_911.npy,/path/to/Cls_scattered_01_wCont/Cls_scattered_01_wCont/OII_all_cross/Cl_911_1.npy,/path/to/Cls_scattered_01_wCont/Cls_scattered_01_wCont/OIII_all_cross/Cl_911_1.npy,/path/to/Cls_scattered_01_wCont/Cls_scattered_01_wCont/Shift7_all_cross/Cl_911.npy,/path/to/Cls_scattered_01_wCont/Cls_scattered_01_wCont/Ha/Cl_911.npy,/path/to/Cls_scattered_01_wCont/Cls_scattered_01_wCont/OII/Cl_911.npy,/path/to/Cls_scattered_01_wCont/Cls_scattered_01_wCont/OIII/Cl_911.npy,/path/to/Cls_scattered_01_wCont/Cls_scattered_01_wCont/Cont/Cl_911.npy,1.0692874427884818,1.388575469981879
/path/to/Cls_scattered_01_wCont/Cls_scattered_01_wCont/Ha_OII_OIII_Cont/Cl_912.npy,/path/to/Cls_scattered_01_wCont/Cls_scattered_01_wCont/OII_all_cross/Cl_912.npy,/path/to/Cls_scattered_01_wCont/Cls_scattered_01_wCont/OIII_all_cross/Cl_912.npy,/path/to/Cls_scattered_01_wCont/Cls_scattered_01_wCont/OII_all_cross/Cl_912_1.npy,/path/to/Cls_scattered_01_wCont/Cls_scattered_01_wCont/OIII_all_cross/Cl_912_1.npy,/path/to/Cls_scattered_01_wCont/Cls_scattered_01_wCont/Shift7_all_cross/Cl_912.npy,/path/to/Cls_scattered_01_wCont/Cls_scattered_01_wCont/Ha/Cl_912.npy,/path/to/Cls_scattered_01_wCont/Cls_scattered_01_wCont/OII/Cl_912.npy,/path/to/Cls_scattered_01_wCont/Cls_scattered_01_wCont/OIII/Cl_912.npy,/path/to/Cls_scattered_01_wCont/Cls_scattered_01_wCont/Cont/Cl_912.npy,1.1652418309822679,0.7256764841265976
/path/to/Cls_scattered_01_wCont/Cls_scattered_01_wCont/Ha_OII_OIII_Cont/Cl_913.npy,/path/to/Cls_scattered_01_wCont/Cls_scattered_01_wCont/OII_all_cross/Cl_913.npy,/path/to/Cls_scattered_01_wCont/Cls_scattered_01_wCont/OIII_all_cross/Cl_913.npy,/path/to/Cls_scattered_01_wCont/Cls_scattered_01_wCont/OII_all_cross/Cl_913_1.npy,/path/to/Cls_scattered_01_wCont/Cls_scattered_01_wCont/OIII_all_cross/Cl_913_1.npy,/path/to/Cls_scattered_01_wCont/Cls_scattered_01_wCont/Shift7_all_cross/Cl_913.npy,/path/to/Cls_scattered_01_wCont/Cls_scattered_01_wCont/Ha/Cl_913.npy,/path/to/Cls_scattered_01_wCont/Cls_scattered_01_wCont/OII/Cl_913.npy,/path/to/Cls_scattered_01_wCont/Cls_scattered_01_wCont/OIII/Cl_913.npy,/path/to/Cls_scattered_01_wCont/Cls_scattered_01_wCont/Cont/Cl_913.npy,0.6432595012709498,1.299349965993315
/path/to/Cls_scattered_01_wCont/Cls_scattered_01_wCont/Ha_OII_OIII_Cont/Cl_914.npy,/path/to/Cls_scattered_01_wCont/Cls_scattered_01_wCont/OII_all_cross/Cl_914.npy,/path/to/Cls_scattered_01_wCont/Cls_scattered_01_wCont/OIII_all_cross/Cl_914.npy,/path/to/Cls_scattered_01_wCont/Cls_scattered_01_wCont/OII_all_cross/Cl_914_1.npy,/path/to/Cls_scattered_01_wCont/Cls_scattered_01_wCont/OIII_all_cross/Cl_914_1.npy,/path/to/Cls_scattered_01_wCont/Cls_scattered_01_wCont/Shift7_all_cross/Cl_914.npy,/path/to/Cls_scattered_01_wCont/Cls_scattered_01_wCont/Ha/Cl_914.npy,/path/to/Cls_scattered_01_wCont/Cls_scattered_01_wCont/OII/Cl_914.npy,/path/to/Cls_scattered_01_wCont/Cls_scattered_01_wCont/OIII/Cl_914.npy,/path/to/Cls_scattered_01_wCont/Cls_scattered_01_wCont/Cont/Cl_914.npy,0.14506364511325956,0.21965050864964725
/path/to/Cls_scattered_01_wCont/Cls_scattered_01_wCont/Ha_OII_OIII_Cont/Cl_915.npy,/path/to/Cls_scattered_01_wCont/Cls_scattered_01_wCont/OII_all_cross/Cl_915.npy,/path/to/Cls_scattered_01_wCont/Cls_scattered_01_wCont/OIII_all_cross/Cl_915.npy,/path/to/Cls_scattered_01_wCont/Cls_scattered_01_wCont/OII_all_cross/Cl_915_1.npy,/path/to/Cls_scattered_01_wCont/Cls_scattered_01_wCont/OIII_all_cross/Cl_915_1.npy,/path/to/Cls_scattered_01_wCont/Cls_scattered_01_wCont/Shift7_all_cross/Cl_915.npy,/path/to/Cls_scattered_01_wCont/Cls_scattered_01_wCont/Ha/Cl_915.npy,/path/to/Cls_scattered_01_wCont/Cls_scattered_01_wCont/OII/Cl_915.npy,/path/to/Cls_scattered_01_wCont/Cls_scattered_01_wCont/OIII/Cl_915.npy,/path/to/Cls_scattered_01_wCont/Cls_scattered_01_wCont/Cont/Cl_915.npy,1.5298362114466726,1.8054812593385576
/path/to/Cls_scattered_01_wCont/Cls_scattered_01_wCont/Ha_OII_OIII_Cont/Cl_916.npy,/path/to/Cls_scattered_01_wCont/Cls_scattered_01_wCont/OII_all_cross/Cl_916.npy,/path/to/Cls_scattered_01_wCont/Cls_scattered_01_wCont/OIII_all_cross/Cl_916.npy,/path/to/Cls_scattered_01_wCont/Cls_scattered_01_wCont/OII_all_cross/Cl_916_1.npy,/path/to/Cls_scattered_01_wCont/Cls_scattered_01_wCont/OIII_all_cross/Cl_916_1.npy,/path/to/Cls_scattered_01_wCont/Cls_scattered_01_wCont/Shift7_all_cross/Cl_916.npy,/path/to/Cls_scattered_01_wCont/Cls_scattered_01_wCont/Ha/Cl_916.npy,/path/to/Cls_scattered_01_wCont/Cls_scattered_01_wCont/OII/Cl_916.npy,/path/to/Cls_scattered_01_wCont/Cls_scattered_01_wCont/OIII/Cl_916.npy,/path/to/Cls_scattered_01_wCont/Cls_scattered_01_wCont/Cont/Cl_916.npy,1.8637804061174392,0.5634574019350111
/path/to/Cls_scattered_01_wCont/Cls_scattered_01_wCont/Ha_OII_OIII_Cont/Cl_917.npy,/path/to/Cls_scattered_01_wCont/Cls_scattered_01_wCont/OII_all_cross/Cl_917.npy,/path/to/Cls_scattered_01_wCont/Cls_scattered_01_wCont/OIII_all_cross/Cl_917.npy,/path/to/Cls_scattered_01_wCont/Cls_scattered_01_wCont/OII_all_cross/Cl_917_1.npy,/path/to/Cls_scattered_01_wCont/Cls_scattered_01_wCont/OIII_all_cross/Cl_917_1.npy,/path/to/Cls_scattered_01_wCont/Cls_scattered_01_wCont/Shift7_all_cross/Cl_917.npy,/path/to/Cls_scattered_01_wCont/Cls_scattered_01_wCont/Ha/Cl_917.npy,/path/to/Cls_scattered_01_wCont/Cls_scattered_01_wCont/OII/Cl_917.npy,/path/to/Cls_scattered_01_wCont/Cls_scattered_01_wCont/OIII/Cl_917.npy,/path/to/Cls_scattered_01_wCont/Cls_scattered_01_wCont/Cont/Cl_917.npy,0.41965894363820555,1.6114056241698562
/path/to/Cls_scattered_01_wCont/Cls_scattered_01_wCont/Ha_OII_OIII_Cont/Cl_918.npy,/path/to/Cls_scattered_01_wCont/Cls_scattered_01_wCont/OII_all_cross/Cl_918.npy,/path/to/Cls_scattered_01_wCont/Cls_scattered_01_wCont/OIII_all_cross/Cl_918.npy,/path/to/Cls_scattered_01_wCont/Cls_scattered_01_wCont/OII_all_cross/Cl_918_1.npy,/path/to/Cls_scattered_01_wCont/Cls_scattered_01_wCont/OIII_all_cross/Cl_918_1.npy,/path/to/Cls_scattered_01_wCont/Cls_scattered_01_wCont/Shift7_all_cross/Cl_918.npy,/path/to/Cls_scattered_01_wCont/Cls_scattered_01_wCont/Ha/Cl_918.npy,/path/to/Cls_scattered_01_wCont/Cls_scattered_01_wCont/OII/Cl_918.npy,/path/to/Cls_scattered_01_wCont/Cls_scattered_01_wCont/OIII/Cl_918.npy,/path/to/Cls_scattered_01_wCont/Cls_scattered_01_wCont/Cont/Cl_918.npy,0.8436315233819186,1.0065097792074085
/path/to/Cls_scattered_01_wCont/Cls_scattered_01_wCont/Ha_OII_OIII_Cont/Cl_919.npy,/path/to/Cls_scattered_01_wCont/Cls_scattered_01_wCont/OII_all_cross/Cl_919.npy,/path/to/Cls_scattered_01_wCont/Cls_scattered_01_wCont/OIII_all_cross/Cl_919.npy,/path/to/Cls_scattered_01_wCont/Cls_scattered_01_wCont/OII_all_cross/Cl_919_1.npy,/path/to/Cls_scattered_01_wCont/Cls_scattered_01_wCont/OIII_all_cross/Cl_919_1.npy,/path/to/Cls_scattered_01_wCont/Cls_scattered_01_wCont/Shift7_all_cross/Cl_919.npy,/path/to/Cls_scattered_01_wCont/Cls_scattered_01_wCont/Ha/Cl_919.npy,/path/to/Cls_scattered_01_wCont/Cls_scattered_01_wCont/OII/Cl_919.npy,/path/to/Cls_scattered_01_wCont/Cls_scattered_01_wCont/OIII/Cl_919.npy,/path/to/Cls_scattered_01_wCont/Cls_scattered_01_wCont/Cont/Cl_919.npy,1.306207313295454,1.1684726076200604
/path/to/Cls_scattered_01_wCont/Cls_scattered_01_wCont/Ha_OII_OIII_Cont/Cl_920.npy,/path/to/Cls_scattered_01_wCont/Cls_scattered_01_wCont/OII_all_cross/Cl_920.npy,/path/to/Cls_scattered_01_wCont/Cls_scattered_01_wCont/OIII_all_cross/Cl_920.npy,/path/to/Cls_scattered_01_wCont/Cls_scattered_01_wCont/OII_all_cross/Cl_920_1.npy,/path/to/Cls_scattered_01_wCont/Cls_scattered_01_wCont/OIII_all_cross/Cl_920_1.npy,/path/to/Cls_scattered_01_wCont/Cls_scattered_01_wCont/Shift7_all_cross/Cl_920.npy,/path/to/Cls_scattered_01_wCont/Cls_scattered_01_wCont/Ha/Cl_920.npy,/path/to/Cls_scattered_01_wCont/Cls_scattered_01_wCont/OII/Cl_920.npy,/path/to/Cls_scattered_01_wCont/Cls_scattered_01_wCont/OIII/Cl_920.npy,/path/to/Cls_scattered_01_wCont/Cls_scattered_01_wCont/Cont/Cl_920.npy,1.4237892949953677,0.19908972084522247
/path/to/Cls_scattered_01_wCont/Cls_scattered_01_wCont/Ha_OII_OIII_Cont/Cl_921.npy,/path/to/Cls_scattered_01_wCont/Cls_scattered_01_wCont/OII_all_cross/Cl_921.npy,/path/to/Cls_scattered_01_wCont/Cls_scattered_01_wCont/OIII_all_cross/Cl_921.npy,/path/to/Cls_scattered_01_wCont/Cls_scattered_01_wCont/OII_all_cross/Cl_921_1.npy,/path/to/Cls_scattered_01_wCont/Cls_scattered_01_wCont/OIII_all_cross/Cl_921_1.npy,/path/to/Cls_scattered_01_wCont/Cls_scattered_01_wCont/Shift7_all_cross/Cl_921.npy,/path/to/Cls_scattered_01_wCont/Cls_scattered_01_wCont/Ha/Cl_921.npy,/path/to/Cls_scattered_01_wCont/Cls_scattered_01_wCont/OII/Cl_921.npy,/path/to/Cls_scattered_01_wCont/Cls_scattered_01_wCont/OIII/Cl_921.npy,/path/to/Cls_scattered_01_wCont/Cls_scattered_01_wCont/Cont/Cl_921.npy,0.9676767854019999,1.9446941930800676
/path/to/Cls_scattered_01_wCont/Cls_scattered_01_wCont/Ha_OII_OIII_Cont/Cl_922.npy,/path/to/Cls_scattered_01_wCont/Cls_scattered_01_wCont/OII_all_cross/Cl_922.npy,/path/to/Cls_scattered_01_wCont/Cls_scattered_01_wCont/OIII_all_cross/Cl_922.npy,/path/to/Cls_scattered_01_wCont/Cls_scattered_01_wCont/OII_all_cross/Cl_922_1.npy,/path/to/Cls_scattered_01_wCont/Cls_scattered_01_wCont/OIII_all_cross/Cl_922_1.npy,/path/to/Cls_scattered_01_wCont/Cls_scattered_01_wCont/Shift7_all_cross/Cl_922.npy,/path/to/Cls_scattered_01_wCont/Cls_scattered_01_wCont/Ha/Cl_922.npy,/path/to/Cls_scattered_01_wCont/Cls_scattered_01_wCont/OII/Cl_922.npy,/path/to/Cls_scattered_01_wCont/Cls_scattered_01_wCont/OIII/Cl_922.npy,/path/to/Cls_scattered_01_wCont/Cls_scattered_01_wCont/Cont/Cl_922.npy,0.5436992262490093,0.6421421016566455
/path/to/Cls_scattered_01_wCont/Cls_scattered_01_wCont/Ha_OII_OIII_Cont/Cl_923.npy,/path/to/Cls_scattered_01_wCont/Cls_scattered_01_wCont/OII_all_cross/Cl_923.npy,/path/to/Cls_scattered_01_wCont/Cls_scattered_01_wCont/OIII_all_cross/Cl_923.npy,/path/to/Cls_scattered_01_wCont/Cls_scattered_01_wCont/OII_all_cross/Cl_923_1.npy,/path/to/Cls_scattered_01_wCont/Cls_scattered_01_wCont/OIII_all_cross/Cl_923_1.npy,/path/to/Cls_scattered_01_wCont/Cls_scattered_01_wCont/Shift7_all_cross/Cl_923.npy,/path/to/Cls_scattered_01_wCont/Cls_scattered_01_wCont/Ha/Cl_923.npy,/path/to/Cls_scattered_01_wCont/Cls_scattered_01_wCont/OII/Cl_923.npy,/path/to/Cls_scattered_01_wCont/Cls_scattered_01_wCont/OIII/Cl_923.npy,/path/to/Cls_scattered_01_wCont/Cls_scattered_01_wCont/Cont/Cl_923.npy,1.9813537844456732,1.5017611800692976
/path/to/Cls_scattered_01_wCont/Cls_scattered_01_wCont/Ha_OII_OIII_Cont/Cl_924.npy,/path/to/Cls_scattered_01_wCont/Cls_scattered_01_wCont/OII_all_cross/Cl_924.npy,/path/to/Cls_scattered_01_wCont/Cls_scattered_01_wCont/OIII_all_cross/Cl_924.npy,/path/to/Cls_scattered_01_wCont/Cls_scattered_01_wCont/OII_all_cross/Cl_924_1.npy,/path/to/Cls_scattered_01_wCont/Cls_scattered_01_wCont/OIII_all_cross/Cl_924_1.npy,/path/to/Cls_scattered_01_wCont/Cls_scattered_01_wCont/Shift7_all_cross/Cl_924.npy,/path/to/Cls_scattered_01_wCont/Cls_scattered_01_wCont/Ha/Cl_924.npy,/path/to/Cls_scattered_01_wCont/Cls_scattered_01_wCont/OII/Cl_924.npy,/path/to/Cls_scattered_01_wCont/Cls_scattered_01_wCont/OIII/Cl_924.npy,/path/to/Cls_scattered_01_wCont/Cls_scattered_01_wCont/Cont/Cl_924.npy,1.647443950176239,0.8673879045993089
/path/to/Cls_scattered_01_wCont/Cls_scattered_01_wCont/Ha_OII_OIII_Cont/Cl_925.npy,/path/to/Cls_scattered_01_wCont/Cls_scattered_01_wCont/OII_all_cross/Cl_925.npy,/path/to/Cls_scattered_01_wCont/Cls_scattered_01_wCont/OIII_all_cross/Cl_925.npy,/path/to/Cls_scattered_01_wCont/Cls_scattered_01_wCont/OII_all_cross/Cl_925_1.npy,/path/to/Cls_scattered_01_wCont/Cls_scattered_01_wCont/OIII_all_cross/Cl_925_1.npy,/path/to/Cls_scattered_01_wCont/Cls_scattered_01_wCont/Shift7_all_cross/Cl_925.npy,/path/to/Cls_scattered_01_wCont/Cls_scattered_01_wCont/Ha/Cl_925.npy,/path/to/Cls_scattered_01_wCont/Cls_scattered_01_wCont/OII/Cl_925.npy,/path/to/Cls_scattered_01_wCont/Cls_scattered_01_wCont/OIII/Cl_925.npy,/path/to/Cls_scattered_01_wCont/Cls_scattered_01_wCont/Cont/Cl_925.npy,0.269192760810256,1.1887176364660264
/path/to/Cls_scattered_01_wCont/Cls_scattered_01_wCont/Ha_OII_OIII_Cont/Cl_926.npy,/path/to/Cls_scattered_01_wCont/Cls_scattered_01_wCont/OII_all_cross/Cl_926.npy,/path/to/Cls_scattered_01_wCont/Cls_scattered_01_wCont/OIII_all_cross/Cl_926.npy,/path/to/Cls_scattered_01_wCont/Cls_scattered_01_wCont/OII_all_cross/Cl_926_1.npy,/path/to/Cls_scattered_01_wCont/Cls_scattered_01_wCont/OIII_all_cross/Cl_926_1.npy,/path/to/Cls_scattered_01_wCont/Cls_scattered_01_wCont/Shift7_all_cross/Cl_926.npy,/path/to/Cls_scattered_01_wCont/Cls_scattered_01_wCont/Ha/Cl_926.npy,/path/to/Cls_scattered_01_wCont/Cls_scattered_01_wCont/OII/Cl_926.npy,/path/to/Cls_scattered_01_wCont/Cls_scattered_01_wCont/OIII/Cl_926.npy,/path/to/Cls_scattered_01_wCont/Cls_scattered_01_wCont/Cont/Cl_926.npy,0.7673827315680682,0.3613619326613844
/path/to/Cls_scattered_01_wCont/Cls_scattered_01_wCont/Ha_OII_OIII_Cont/Cl_927.npy,/path/to/Cls_scattered_01_wCont/Cls_scattered_01_wCont/OII_all_cross/Cl_927.npy,/path/to/Cls_scattered_01_wCont/Cls_scattered_01_wCont/OIII_all_cross/Cl_927.npy,/path/to/Cls_scattered_01_wCont/Cls_scattered_01_wCont/OII_all_cross/Cl_927_1.npy,/path/to/Cls_scattered_01_wCont/Cls_scattered_01_wCont/OIII_all_cross/Cl_927_1.npy,/path/to/Cls_scattered_01_wCont/Cls_scattered_01_wCont/Shift7_all_cross/Cl_927.npy,/path/to/Cls_scattered_01_wCont/Cls_scattered_01_wCont/Ha/Cl_927.npy,/path/to/Cls_scattered_01_wCont/Cls_scattered_01_wCont/OII/Cl_927.npy,/path/to/Cls_scattered_01_wCont/Cls_scattered_01_wCont/OIII/Cl_927.npy,/path/to/Cls_scattered_01_wCont/Cls_scattered_01_wCont/Cont/Cl_927.npy,1.2828400603495538,1.6948489333502947
/path/to/Cls_scattered_01_wCont/Cls_scattered_01_wCont/Ha_OII_OIII_Cont/Cl_928.npy,/path/to/Cls_scattered_01_wCont/Cls_scattered_01_wCont/OII_all_cross/Cl_928.npy,/path/to/Cls_scattered_01_wCont/Cls_scattered_01_wCont/OIII_all_cross/Cl_928.npy,/path/to/Cls_scattered_01_wCont/Cls_scattered_01_wCont/OII_all_cross/Cl_928_1.npy,/path/to/Cls_scattered_01_wCont/Cls_scattered_01_wCont/OIII_all_cross/Cl_928_1.npy,/path/to/Cls_scattered_01_wCont/Cls_scattered_01_wCont/Shift7_all_cross/Cl_928.npy,/path/to/Cls_scattered_01_wCont/Cls_scattered_01_wCont/Ha/Cl_928.npy,/path/to/Cls_scattered_01_wCont/Cls_scattered_01_wCont/OII/Cl_928.npy,/path/to/Cls_scattered_01_wCont/Cls_scattered_01_wCont/OIII/Cl_928.npy,/path/to/Cls_scattered_01_wCont/Cls_scattered_01_wCont/Cont/Cl_928.npy,1.2417932979762554,0.9221430851146578
/path/to/Cls_scattered_01_wCont/Cls_scattered_01_wCont/Ha_OII_OIII_Cont/Cl_929.npy,/path/to/Cls_scattered_01_wCont/Cls_scattered_01_wCont/OII_all_cross/Cl_929.npy,/path/to/Cls_scattered_01_wCont/Cls_scattered_01_wCont/OIII_all_cross/Cl_929.npy,/path/to/Cls_scattered_01_wCont/Cls_scattered_01_wCont/OII_all_cross/Cl_929_1.npy,/path/to/Cls_scattered_01_wCont/Cls_scattered_01_wCont/OIII_all_cross/Cl_929_1.npy,/path/to/Cls_scattered_01_wCont/Cls_scattered_01_wCont/Shift7_all_cross/Cl_929.npy,/path/to/Cls_scattered_01_wCont/Cls_scattered_01_wCont/Ha/Cl_929.npy,/path/to/Cls_scattered_01_wCont/Cls_scattered_01_wCont/OII/Cl_929.npy,/path/to/Cls_scattered_01_wCont/Cls_scattered_01_wCont/OIII/Cl_929.npy,/path/to/Cls_scattered_01_wCont/Cls_scattered_01_wCont/Cont/Cl_929.npy,0.8079766083508729,1.250866054184735
/path/to/Cls_scattered_01_wCont/Cls_scattered_01_wCont/Ha_OII_OIII_Cont/Cl_930.npy,/path/to/Cls_scattered_01_wCont/Cls_scattered_01_wCont/OII_all_cross/Cl_930.npy,/path/to/Cls_scattered_01_wCont/Cls_scattered_01_wCont/OIII_all_cross/Cl_930.npy,/path/to/Cls_scattered_01_wCont/Cls_scattered_01_wCont/OII_all_cross/Cl_930_1.npy,/path/to/Cls_scattered_01_wCont/Cls_scattered_01_wCont/OIII_all_cross/Cl_930_1.npy,/path/to/Cls_scattered_01_wCont/Cls_scattered_01_wCont/Shift7_all_cross/Cl_930.npy,/path/to/Cls_scattered_01_wCont/Cls_scattered_01_wCont/Ha/Cl_930.npy,/path/to/Cls_scattered_01_wCont/Cls_scattered_01_wCont/OII/Cl_930.npy,/path/to/Cls_scattered_01_wCont/Cls_scattered_01_wCont/OIII/Cl_930.npy,/path/to/Cls_scattered_01_wCont/Cls_scattered_01_wCont/Cont/Cl_930.npy,0.2207168790511787,0.41612062389031057
/path/to/Cls_scattered_01_wCont/Cls_scattered_01_wCont/Ha_OII_OIII_Cont/Cl_931.npy,/path/to/Cls_scattered_01_wCont/Cls_scattered_01_wCont/OII_all_cross/Cl_931.npy,/path/to/Cls_scattered_01_wCont/Cls_scattered_01_wCont/OIII_all_cross/Cl_931.npy,/path/to/Cls_scattered_01_wCont/Cls_scattered_01_wCont/OII_all_cross/Cl_931_1.npy,/path/to/Cls_scattered_01_wCont/Cls_scattered_01_wCont/OIII_all_cross/Cl_931_1.npy,/path/to/Cls_scattered_01_wCont/Cls_scattered_01_wCont/Shift7_all_cross/Cl_931.npy,/path/to/Cls_scattered_01_wCont/Cls_scattered_01_wCont/Ha/Cl_931.npy,/path/to/Cls_scattered_01_wCont/Cls_scattered_01_wCont/OII/Cl_931.npy,/path/to/Cls_scattered_01_wCont/Cls_scattered_01_wCont/OIII/Cl_931.npy,/path/to/Cls_scattered_01_wCont/Cls_scattered_01_wCont/Cont/Cl_931.npy,1.6954524575732648,1.7570010882802307
/path/to/Cls_scattered_01_wCont/Cls_scattered_01_wCont/Ha_OII_OIII_Cont/Cl_932.npy,/path/to/Cls_scattered_01_wCont/Cls_scattered_01_wCont/OII_all_cross/Cl_932.npy,/path/to/Cls_scattered_01_wCont/Cls_scattered_01_wCont/OIII_all_cross/Cl_932.npy,/path/to/Cls_scattered_01_wCont/Cls_scattered_01_wCont/OII_all_cross/Cl_932_1.npy,/path/to/Cls_scattered_01_wCont/Cls_scattered_01_wCont/OIII_all_cross/Cl_932_1.npy,/path/to/Cls_scattered_01_wCont/Cls_scattered_01_wCont/Shift7_all_cross/Cl_932.npy,/path/to/Cls_scattered_01_wCont/Cls_scattered_01_wCont/Ha/Cl_932.npy,/path/to/Cls_scattered_01_wCont/Cls_scattered_01_wCont/OII/Cl_932.npy,/path/to/Cls_scattered_01_wCont/Cls_scattered_01_wCont/OIII/Cl_932.npy,/path/to/Cls_scattered_01_wCont/Cls_scattered_01_wCont/Cont/Cl_932.npy,1.9699907990172505,0.13690723646432162
/path/to/Cls_scattered_01_wCont/Cls_scattered_01_wCont/Ha_OII_OIII_Cont/Cl_933.npy,/path/to/Cls_scattered_01_wCont/Cls_scattered_01_wCont/OII_all_cross/Cl_933.npy,/path/to/Cls_scattered_01_wCont/Cls_scattered_01_wCont/OIII_all_cross/Cl_933.npy,/path/to/Cls_scattered_01_wCont/Cls_scattered_01_wCont/OII_all_cross/Cl_933_1.npy,/path/to/Cls_scattered_01_wCont/Cls_scattered_01_wCont/OIII_all_cross/Cl_933_1.npy,/path/to/Cls_scattered_01_wCont/Cls_scattered_01_wCont/Shift7_all_cross/Cl_933.npy,/path/to/Cls_scattered_01_wCont/Cls_scattered_01_wCont/Ha/Cl_933.npy,/path/to/Cls_scattered_01_wCont/Cls_scattered_01_wCont/OII/Cl_933.npy,/path/to/Cls_scattered_01_wCont/Cls_scattered_01_wCont/OIII/Cl_933.npy,/path/to/Cls_scattered_01_wCont/Cls_scattered_01_wCont/Cont/Cl_933.npy,0.5546018516644835,1.8899622214958072
/path/to/Cls_scattered_01_wCont/Cls_scattered_01_wCont/Ha_OII_OIII_Cont/Cl_934.npy,/path/to/Cls_scattered_01_wCont/Cls_scattered_01_wCont/OII_all_cross/Cl_934.npy,/path/to/Cls_scattered_01_wCont/Cls_scattered_01_wCont/OIII_all_cross/Cl_934.npy,/path/to/Cls_scattered_01_wCont/Cls_scattered_01_wCont/OII_all_cross/Cl_934_1.npy,/path/to/Cls_scattered_01_wCont/Cls_scattered_01_wCont/OIII_all_cross/Cl_934_1.npy,/path/to/Cls_scattered_01_wCont/Cls_scattered_01_wCont/Shift7_all_cross/Cl_934.npy,/path/to/Cls_scattered_01_wCont/Cls_scattered_01_wCont/Ha/Cl_934.npy,/path/to/Cls_scattered_01_wCont/Cls_scattered_01_wCont/OII/Cl_934.npy,/path/to/Cls_scattered_01_wCont/Cls_scattered_01_wCont/OIII/Cl_934.npy,/path/to/Cls_scattered_01_wCont/Cls_scattered_01_wCont/Cont/Cl_934.npy,0.9488846805877983,0.5799633544869721
/path/to/Cls_scattered_01_wCont/Cls_scattered_01_wCont/Ha_OII_OIII_Cont/Cl_935.npy,/path/to/Cls_scattered_01_wCont/Cls_scattered_01_wCont/OII_all_cross/Cl_935.npy,/path/to/Cls_scattered_01_wCont/Cls_scattered_01_wCont/OIII_all_cross/Cl_935.npy,/path/to/Cls_scattered_01_wCont/Cls_scattered_01_wCont/OII_all_cross/Cl_935_1.npy,/path/to/Cls_scattered_01_wCont/Cls_scattered_01_wCont/OIII_all_cross/Cl_935_1.npy,/path/to/Cls_scattered_01_wCont/Cls_scattered_01_wCont/Shift7_all_cross/Cl_935.npy,/path/to/Cls_scattered_01_wCont/Cls_scattered_01_wCont/Ha/Cl_935.npy,/path/to/Cls_scattered_01_wCont/Cls_scattered_01_wCont/OII/Cl_935.npy,/path/to/Cls_scattered_01_wCont/Cls_scattered_01_wCont/OIII/Cl_935.npy,/path/to/Cls_scattered_01_wCont/Cls_scattered_01_wCont/Cont/Cl_935.npy,1.4421065510250628,1.4470327191986143
/path/to/Cls_scattered_01_wCont/Cls_scattered_01_wCont/Ha_OII_OIII_Cont/Cl_936.npy,/path/to/Cls_scattered_01_wCont/Cls_scattered_01_wCont/OII_all_cross/Cl_936.npy,/path/to/Cls_scattered_01_wCont/Cls_scattered_01_wCont/OIII_all_cross/Cl_936.npy,/path/to/Cls_scattered_01_wCont/Cls_scattered_01_wCont/OII_all_cross/Cl_936_1.npy,/path/to/Cls_scattered_01_wCont/Cls_scattered_01_wCont/OIII_all_cross/Cl_936_1.npy,/path/to/Cls_scattered_01_wCont/Cls_scattered_01_wCont/Shift7_all_cross/Cl_936.npy,/path/to/Cls_scattered_01_wCont/Cls_scattered_01_wCont/Ha/Cl_936.npy,/path/to/Cls_scattered_01_wCont/Cls_scattered_01_wCont/OII/Cl_936.npy,/path/to/Cls_scattered_01_wCont/Cls_scattered_01_wCont/OIII/Cl_936.npy,/path/to/Cls_scattered_01_wCont/Cls_scattered_01_wCont/Cont/Cl_936.npy,1.3175774298608303,0.5142631917260587
/path/to/Cls_scattered_01_wCont/Cls_scattered_01_wCont/Ha_OII_OIII_Cont/Cl_937.npy,/path/to/Cls_scattered_01_wCont/Cls_scattered_01_wCont/OII_all_cross/Cl_937.npy,/path/to/Cls_scattered_01_wCont/Cls_scattered_01_wCont/OIII_all_cross/Cl_937.npy,/path/to/Cls_scattered_01_wCont/Cls_scattered_01_wCont/OII_all_cross/Cl_937_1.npy,/path/to/Cls_scattered_01_wCont/Cls_scattered_01_wCont/OIII_all_cross/Cl_937_1.npy,/path/to/Cls_scattered_01_wCont/Cls_scattered_01_wCont/Shift7_all_cross/Cl_937.npy,/path/to/Cls_scattered_01_wCont/Cls_scattered_01_wCont/Ha/Cl_937.npy,/path/to/Cls_scattered_01_wCont/Cls_scattered_01_wCont/OII/Cl_937.npy,/path/to/Cls_scattered_01_wCont/Cls_scattered_01_wCont/OIII/Cl_937.npy,/path/to/Cls_scattered_01_wCont/Cls_scattered_01_wCont/Cont/Cl_937.npy,0.8327360291033983,1.5399744267575444
/path/to/Cls_scattered_01_wCont/Cls_scattered_01_wCont/Ha_OII_OIII_Cont/Cl_938.npy,/path/to/Cls_scattered_01_wCont/Cls_scattered_01_wCont/OII_all_cross/Cl_938.npy,/path/to/Cls_scattered_01_wCont/Cls_scattered_01_wCont/OIII_all_cross/Cl_938.npy,/path/to/Cls_scattered_01_wCont/Cls_scattered_01_wCont/OII_all_cross/Cl_938_1.npy,/path/to/Cls_scattered_01_wCont/Cls_scattered_01_wCont/OIII_all_cross/Cl_938_1.npy,/path/to/Cls_scattered_01_wCont/Cls_scattered_01_wCont/Shift7_all_cross/Cl_938.npy,/path/to/Cls_scattered_01_wCont/Cls_scattered_01_wCont/Ha/Cl_938.npy,/path/to/Cls_scattered_01_wCont/Cls_scattered_01_wCont/OII/Cl_938.npy,/path/to/Cls_scattered_01_wCont/Cls_scattered_01_wCont/OIII/Cl_938.npy,/path/to/Cls_scattered_01_wCont/Cls_scattered_01_wCont/Cont/Cl_938.npy,0.4384436908178031,0.9573193062096833
/path/to/Cls_scattered_01_wCont/Cls_scattered_01_wCont/Ha_OII_OIII_Cont/Cl_939.npy,/path/to/Cls_scattered_01_wCont/Cls_scattered_01_wCont/OII_all_cross/Cl_939.npy,/path/to/Cls_scattered_01_wCont/Cls_scattered_01_wCont/OIII_all_cross/Cl_939.npy,/path/to/Cls_scattered_01_wCont/Cls_scattered_01_wCont/OII_all_cross/Cl_939_1.npy,/path/to/Cls_scattered_01_wCont/Cls_scattered_01_wCont/OIII_all_cross/Cl_939_1.npy,/path/to/Cls_scattered_01_wCont/Cls_scattered_01_wCont/Shift7_all_cross/Cl_939.npy,/path/to/Cls_scattered_01_wCont/Cls_scattered_01_wCont/Ha/Cl_939.npy,/path/to/Cls_scattered_01_wCont/Cls_scattered_01_wCont/OII/Cl_939.npy,/path/to/Cls_scattered_01_wCont/Cls_scattered_01_wCont/OIII/Cl_939.npy,/path/to/Cls_scattered_01_wCont/Cls_scattered_01_wCont/Cont/Cl_939.npy,1.84545579245314,1.0970449209213258
/path/to/Cls_scattered_01_wCont/Cls_scattered_01_wCont/Ha_OII_OIII_Cont/Cl_940.npy,/path/to/Cls_scattered_01_wCont/Cls_scattered_01_wCont/OII_all_cross/Cl_940.npy,/path/to/Cls_scattered_01_wCont/Cls_scattered_01_wCont/OIII_all_cross/Cl_940.npy,/path/to/Cls_scattered_01_wCont/Cls_scattered_01_wCont/OII_all_cross/Cl_940_1.npy,/path/to/Cls_scattered_01_wCont/Cls_scattered_01_wCont/OIII_all_cross/Cl_940_1.npy,/path/to/Cls_scattered_01_wCont/Cls_scattered_01_wCont/Shift7_all_cross/Cl_940.npy,/path/to/Cls_scattered_01_wCont/Cls_scattered_01_wCont/Ha/Cl_940.npy,/path/to/Cls_scattered_01_wCont/Cls_scattered_01_wCont/OII/Cl_940.npy,/path/to/Cls_scattered_01_wCont/Cls_scattered_01_wCont/OIII/Cl_940.npy,/path/to/Cls_scattered_01_wCont/Cls_scattered_01_wCont/Cont/Cl_940.npy,1.570890331454575,0.7971308763138949
/path/to/Cls_scattered_01_wCont/Cls_scattered_01_wCont/Ha_OII_OIII_Cont/Cl_941.npy,/path/to/Cls_scattered_01_wCont/Cls_scattered_01_wCont/OII_all_cross/Cl_941.npy,/path/to/Cls_scattered_01_wCont/Cls_scattered_01_wCont/OIII_all_cross/Cl_941.npy,/path/to/Cls_scattered_01_wCont/Cls_scattered_01_wCont/OII_all_cross/Cl_941_1.npy,/path/to/Cls_scattered_01_wCont/Cls_scattered_01_wCont/OIII_all_cross/Cl_941_1.npy,/path/to/Cls_scattered_01_wCont/Cls_scattered_01_wCont/Shift7_all_cross/Cl_941.npy,/path/to/Cls_scattered_01_wCont/Cls_scattered_01_wCont/Ha/Cl_941.npy,/path/to/Cls_scattered_01_wCont/Cls_scattered_01_wCont/OII/Cl_941.npy,/path/to/Cls_scattered_01_wCont/Cls_scattered_01_wCont/OIII/Cl_941.npy,/path/to/Cls_scattered_01_wCont/Cls_scattered_01_wCont/Cont/Cl_941.npy,0.10447712596505881,1.348510095383972
/path/to/Cls_scattered_01_wCont/Cls_scattered_01_wCont/Ha_OII_OIII_Cont/Cl_942.npy,/path/to/Cls_scattered_01_wCont/Cls_scattered_01_wCont/OII_all_cross/Cl_942.npy,/path/to/Cls_scattered_01_wCont/Cls_scattered_01_wCont/OIII_all_cross/Cl_942.npy,/path/to/Cls_scattered_01_wCont/Cls_scattered_01_wCont/OII_all_cross/Cl_942_1.npy,/path/to/Cls_scattered_01_wCont/Cls_scattered_01_wCont/OIII_all_cross/Cl_942_1.npy,/path/to/Cls_scattered_01_wCont/Cls_scattered_01_wCont/Shift7_all_cross/Cl_942.npy,/path/to/Cls_scattered_01_wCont/Cls_scattered_01_wCont/Ha/Cl_942.npy,/path/to/Cls_scattered_01_wCont/Cls_scattered_01_wCont/OII/Cl_942.npy,/path/to/Cls_scattered_01_wCont/Cls_scattered_01_wCont/OIII/Cl_942.npy,/path/to/Cls_scattered_01_wCont/Cls_scattered_01_wCont/Cont/Cl_942.npy,0.6917282518930733,0.2911084115505218
/path/to/Cls_scattered_01_wCont/Cls_scattered_01_wCont/Ha_OII_OIII_Cont/Cl_943.npy,/path/to/Cls_scattered_01_wCont/Cls_scattered_01_wCont/OII_all_cross/Cl_943.npy,/path/to/Cls_scattered_01_wCont/Cls_scattered_01_wCont/OIII_all_cross/Cl_943.npy,/path/to/Cls_scattered_01_wCont/Cls_scattered_01_wCont/OII_all_cross/Cl_943_1.npy,/path/to/Cls_scattered_01_wCont/Cls_scattered_01_wCont/OIII_all_cross/Cl_943_1.npy,/path/to/Cls_scattered_01_wCont/Cls_scattered_01_wCont/Shift7_all_cross/Cl_943.npy,/path/to/Cls_scattered_01_wCont/Cls_scattered_01_wCont/Ha/Cl_943.npy,/path/to/Cls_scattered_01_wCont/Cls_scattered_01_wCont/OII/Cl_943.npy,/path/to/Cls_scattered_01_wCont/Cls_scattered_01_wCont/OIII/Cl_943.npy,/path/to/Cls_scattered_01_wCont/Cls_scattered_01_wCont/Cont/Cl_943.npy,1.1172261924482882,1.8546451259404422
/path/to/Cls_scattered_01_wCont/Cls_scattered_01_wCont/Ha_OII_OIII_Cont/Cl_944.npy,/path/to/Cls_scattered_01_wCont/Cls_scattered_01_wCont/OII_all_cross/Cl_944.npy,/path/to/Cls_scattered_01_wCont/Cls_scattered_01_wCont/OIII_all_cross/Cl_944.npy,/path/to/Cls_scattered_01_wCont/Cls_scattered_01_wCont/OII_all_cross/Cl_944_1.npy,/path/to/Cls_scattered_01_wCont/Cls_scattered_01_wCont/OIII_all_cross/Cl_944_1.npy,/path/to/Cls_scattered_01_wCont/Cls_scattered_01_wCont/Shift7_all_cross/Cl_944.npy,/path/to/Cls_scattered_01_wCont/Cls_scattered_01_wCont/Ha/Cl_944.npy,/path/to/Cls_scattered_01_wCont/Cls_scattered_01_wCont/OII/Cl_944.npy,/path/to/Cls_scattered_01_wCont/Cls_scattered_01_wCont/OIII/Cl_944.npy,/path/to/Cls_scattered_01_wCont/Cls_scattered_01_wCont/Cont/Cl_944.npy,1.0801938089542091,0.2612285478040576
/path/to/Cls_scattered_01_wCont/Cls_scattered_01_wCont/Ha_OII_OIII_Cont/Cl_945.npy,/path/to/Cls_scattered_01_wCont/Cls_scattered_01_wCont/OII_all_cross/Cl_945.npy,/path/to/Cls_scattered_01_wCont/Cls_scattered_01_wCont/OIII_all_cross/Cl_945.npy,/path/to/Cls_scattered_01_wCont/Cls_scattered_01_wCont/OII_all_cross/Cl_945_1.npy,/path/to/Cls_scattered_01_wCont/Cls_scattered_01_wCont/OIII_all_cross/Cl_945_1.npy,/path/to/Cls_scattered_01_wCont/Cls_scattered_01_wCont/Shift7_all_cross/Cl_945.npy,/path/to/Cls_scattered_01_wCont/Cls_scattered_01_wCont/Ha/Cl_945.npy,/path/to/Cls_scattered_01_wCont/Cls_scattered_01_wCont/OII/Cl_945.npy,/path/to/Cls_scattered_01_wCont/Cls_scattered_01_wCont/OIII/Cl_945.npy,/path/to/Cls_scattered_01_wCont/Cls_scattered_01_wCont/Cont/Cl_945.npy,0.5946558712981641,1.765651555545628
/path/to/Cls_scattered_01_wCont/Cls_scattered_01_wCont/Ha_OII_OIII_Cont/Cl_946.npy,/path/to/Cls_scattered_01_wCont/Cls_scattered_01_wCont/OII_all_cross/Cl_946.npy,/path/to/Cls_scattered_01_wCont/Cls_scattered_01_wCont/OIII_all_cross/Cl_946.npy,/path/to/Cls_scattered_01_wCont/Cls_scattered_01_wCont/OII_all_cross/Cl_946_1.npy,/path/to/Cls_scattered_01_wCont/Cls_scattered_01_wCont/OIII_all_cross/Cl_946_1.npy,/path/to/Cls_scattered_01_wCont/Cls_scattered_01_wCont/Shift7_all_cross/Cl_946.npy,/path/to/Cls_scattered_01_wCont/Cls_scattered_01_wCont/Ha/Cl_946.npy,/path/to/Cls_scattered_01_wCont/Cls_scattered_01_wCont/OII/Cl_946.npy,/path/to/Cls_scattered_01_wCont/Cls_scattered_01_wCont/OIII/Cl_946.npy,/path/to/Cls_scattered_01_wCont/Cls_scattered_01_wCont/Cont/Cl_946.npy,0.20036446377635003,0.7079857789911329
/path/to/Cls_scattered_01_wCont/Cls_scattered_01_wCont/Ha_OII_OIII_Cont/Cl_947.npy,/path/to/Cls_scattered_01_wCont/Cls_scattered_01_wCont/OII_all_cross/Cl_947.npy,/path/to/Cls_scattered_01_wCont/Cls_scattered_01_wCont/OIII_all_cross/Cl_947.npy,/path/to/Cls_scattered_01_wCont/Cls_scattered_01_wCont/OII_all_cross/Cl_947_1.npy,/path/to/Cls_scattered_01_wCont/Cls_scattered_01_wCont/OIII_all_cross/Cl_947_1.npy,/path/to/Cls_scattered_01_wCont/Cls_scattered_01_wCont/Shift7_all_cross/Cl_947.npy,/path/to/Cls_scattered_01_wCont/Cls_scattered_01_wCont/Ha/Cl_947.npy,/path/to/Cls_scattered_01_wCont/Cls_scattered_01_wCont/OII/Cl_947.npy,/path/to/Cls_scattered_01_wCont/Cls_scattered_01_wCont/OIII/Cl_947.npy,/path/to/Cls_scattered_01_wCont/Cls_scattered_01_wCont/Cont/Cl_947.npy,1.6080712903290988,1.3189996493048965
/path/to/Cls_scattered_01_wCont/Cls_scattered_01_wCont/Ha_OII_OIII_Cont/Cl_948.npy,/path/to/Cls_scattered_01_wCont/Cls_scattered_01_wCont/OII_all_cross/Cl_948.npy,/path/to/Cls_scattered_01_wCont/Cls_scattered_01_wCont/OIII_all_cross/Cl_948.npy,/path/to/Cls_scattered_01_wCont/Cls_scattered_01_wCont/OII_all_cross/Cl_948_1.npy,/path/to/Cls_scattered_01_wCont/Cls_scattered_01_wCont/OIII_all_cross/Cl_948_1.npy,/path/to/Cls_scattered_01_wCont/Cls_scattered_01_wCont/Shift7_all_cross/Cl_948.npy,/path/to/Cls_scattered_01_wCont/Cls_scattered_01_wCont/Ha/Cl_948.npy,/path/to/Cls_scattered_01_wCont/Cls_scattered_01_wCont/OII/Cl_948.npy,/path/to/Cls_scattered_01_wCont/Cls_scattered_01_wCont/OIII/Cl_948.npy,/path/to/Cls_scattered_01_wCont/Cls_scattered_01_wCont/Cont/Cl_948.npy,1.8085067954845726,1.0464582102373243
/path/to/Cls_scattered_01_wCont/Cls_scattered_01_wCont/Ha_OII_OIII_Cont/Cl_949.npy,/path/to/Cls_scattered_01_wCont/Cls_scattered_01_wCont/OII_all_cross/Cl_949.npy,/path/to/Cls_scattered_01_wCont/Cls_scattered_01_wCont/OIII_all_cross/Cl_949.npy,/path/to/Cls_scattered_01_wCont/Cls_scattered_01_wCont/OII_all_cross/Cl_949_1.npy,/path/to/Cls_scattered_01_wCont/Cls_scattered_01_wCont/OIII_all_cross/Cl_949_1.npy,/path/to/Cls_scattered_01_wCont/Cls_scattered_01_wCont/Shift7_all_cross/Cl_949.npy,/path/to/Cls_scattered_01_wCont/Cls_scattered_01_wCont/Ha/Cl_949.npy,/path/to/Cls_scattered_01_wCont/Cls_scattered_01_wCont/OII/Cl_949.npy,/path/to/Cls_scattered_01_wCont/Cls_scattered_01_wCont/OIII/Cl_949.npy,/path/to/Cls_scattered_01_wCont/Cls_scattered_01_wCont/Cont/Cl_949.npy,0.3413967133499682,1.1265475315973164
/path/to/Cls_scattered_01_wCont/Cls_scattered_01_wCont/Ha_OII_OIII_Cont/Cl_950.npy,/path/to/Cls_scattered_01_wCont/Cls_scattered_01_wCont/OII_all_cross/Cl_950.npy,/path/to/Cls_scattered_01_wCont/Cls_scattered_01_wCont/OIII_all_cross/Cl_950.npy,/path/to/Cls_scattered_01_wCont/Cls_scattered_01_wCont/OII_all_cross/Cl_950_1.npy,/path/to/Cls_scattered_01_wCont/Cls_scattered_01_wCont/OIII_all_cross/Cl_950_1.npy,/path/to/Cls_scattered_01_wCont/Cls_scattered_01_wCont/Shift7_all_cross/Cl_950.npy,/path/to/Cls_scattered_01_wCont/Cls_scattered_01_wCont/Ha/Cl_950.npy,/path/to/Cls_scattered_01_wCont/Cls_scattered_01_wCont/OII/Cl_950.npy,/path/to/Cls_scattered_01_wCont/Cls_scattered_01_wCont/OIII/Cl_950.npy,/path/to/Cls_scattered_01_wCont/Cls_scattered_01_wCont/Cont/Cl_950.npy,0.9286487134173512,0.5441492629237473
/path/to/Cls_scattered_01_wCont/Cls_scattered_01_wCont/Ha_OII_OIII_Cont/Cl_951.npy,/path/to/Cls_scattered_01_wCont/Cls_scattered_01_wCont/OII_all_cross/Cl_951.npy,/path/to/Cls_scattered_01_wCont/Cls_scattered_01_wCont/OIII_all_cross/Cl_951.npy,/path/to/Cls_scattered_01_wCont/Cls_scattered_01_wCont/OII_all_cross/Cl_951_1.npy,/path/to/Cls_scattered_01_wCont/Cls_scattered_01_wCont/OIII_all_cross/Cl_951_1.npy,/path/to/Cls_scattered_01_wCont/Cls_scattered_01_wCont/Shift7_all_cross/Cl_951.npy,/path/to/Cls_scattered_01_wCont/Cls_scattered_01_wCont/Ha/Cl_951.npy,/path/to/Cls_scattered_01_wCont/Cls_scattered_01_wCont/OII/Cl_951.npy,/path/to/Cls_scattered_01_wCont/Cls_scattered_01_wCont/OIII/Cl_951.npy,/path/to/Cls_scattered_01_wCont/Cls_scattered_01_wCont/Cont/Cl_951.npy,1.3548417186364532,1.6289758467115463
/path/to/Cls_scattered_01_wCont/Cls_scattered_01_wCont/Ha_OII_OIII_Cont/Cl_952.npy,/path/to/Cls_scattered_01_wCont/Cls_scattered_01_wCont/OII_all_cross/Cl_952.npy,/path/to/Cls_scattered_01_wCont/Cls_scattered_01_wCont/OIII_all_cross/Cl_952.npy,/path/to/Cls_scattered_01_wCont/Cls_scattered_01_wCont/OII_all_cross/Cl_952_1.npy,/path/to/Cls_scattered_01_wCont/Cls_scattered_01_wCont/OIII_all_cross/Cl_952_1.npy,/path/to/Cls_scattered_01_wCont/Cls_scattered_01_wCont/Shift7_all_cross/Cl_952.npy,/path/to/Cls_scattered_01_wCont/Cls_scattered_01_wCont/Ha/Cl_952.npy,/path/to/Cls_scattered_01_wCont/Cls_scattered_01_wCont/OII/Cl_952.npy,/path/to/Cls_scattered_01_wCont/Cls_scattered_01_wCont/OIII/Cl_952.npy,/path/to/Cls_scattered_01_wCont/Cls_scattered_01_wCont/Cont/Cl_952.npy,1.4789450171403586,0.6691022514365613
/path/to/Cls_scattered_01_wCont/Cls_scattered_01_wCont/Ha_OII_OIII_Cont/Cl_953.npy,/path/to/Cls_scattered_01_wCont/Cls_scattered_01_wCont/OII_all_cross/Cl_953.npy,/path/to/Cls_scattered_01_wCont/Cls_scattered_01_wCont/OIII_all_cross/Cl_953.npy,/path/to/Cls_scattered_01_wCont/Cls_scattered_01_wCont/OII_all_cross/Cl_953_1.npy,/path/to/Cls_scattered_01_wCont/Cls_scattered_01_wCont/OIII_all_cross/Cl_953_1.npy,/path/to/Cls_scattered_01_wCont/Cls_scattered_01_wCont/Shift7_all_cross/Cl_953.npy,/path/to/Cls_scattered_01_wCont/Cls_scattered_01_wCont/Ha/Cl_953.npy,/path/to/Cls_scattered_01_wCont/Cls_scattered_01_wCont/OII/Cl_953.npy,/path/to/Cls_scattered_01_wCont/Cls_scattered_01_wCont/OIII/Cl_953.npy,/path/to/Cls_scattered_01_wCont/Cls_scattered_01_wCont/Cont/Cl_953.npy,1.0462886183522642,1.4765353227965534
/path/to/Cls_scattered_01_wCont/Cls_scattered_01_wCont/Ha_OII_OIII_Cont/Cl_954.npy,/path/to/Cls_scattered_01_wCont/Cls_scattered_01_wCont/OII_all_cross/Cl_954.npy,/path/to/Cls_scattered_01_wCont/Cls_scattered_01_wCont/OIII_all_cross/Cl_954.npy,/path/to/Cls_scattered_01_wCont/Cls_scattered_01_wCont/OII_all_cross/Cl_954_1.npy,/path/to/Cls_scattered_01_wCont/Cls_scattered_01_wCont/OIII_all_cross/Cl_954_1.npy,/path/to/Cls_scattered_01_wCont/Cls_scattered_01_wCont/Shift7_all_cross/Cl_954.npy,/path/to/Cls_scattered_01_wCont/Cls_scattered_01_wCont/Ha/Cl_954.npy,/path/to/Cls_scattered_01_wCont/Cls_scattered_01_wCont/OII/Cl_954.npy,/path/to/Cls_scattered_01_wCont/Cls_scattered_01_wCont/OIII/Cl_954.npy,/path/to/Cls_scattered_01_wCont/Cls_scattered_01_wCont/Cont/Cl_954.npy,0.45902800783514974,0.16679330058395864
/path/to/Cls_scattered_01_wCont/Cls_scattered_01_wCont/Ha_OII_OIII_Cont/Cl_955.npy,/path/to/Cls_scattered_01_wCont/Cls_scattered_01_wCont/OII_all_cross/Cl_955.npy,/path/to/Cls_scattered_01_wCont/Cls_scattered_01_wCont/OIII_all_cross/Cl_955.npy,/path/to/Cls_scattered_01_wCont/Cls_scattered_01_wCont/OII_all_cross/Cl_955_1.npy,/path/to/Cls_scattered_01_wCont/Cls_scattered_01_wCont/OIII_all_cross/Cl_955_1.npy,/path/to/Cls_scattered_01_wCont/Cls_scattered_01_wCont/Shift7_all_cross/Cl_955.npy,/path/to/Cls_scattered_01_wCont/Cls_scattered_01_wCont/Ha/Cl_955.npy,/path/to/Cls_scattered_01_wCont/Cls_scattered_01_wCont/OII/Cl_955.npy,/path/to/Cls_scattered_01_wCont/Cls_scattered_01_wCont/OIII/Cl_955.npy,/path/to/Cls_scattered_01_wCont/Cls_scattered_01_wCont/Cont/Cl_955.npy,1.9326051075011492,1.9789636343717576
/path/to/Cls_scattered_01_wCont/Cls_scattered_01_wCont/Ha_OII_OIII_Cont/Cl_956.npy,/path/to/Cls_scattered_01_wCont/Cls_scattered_01_wCont/OII_all_cross/Cl_956.npy,/path/to/Cls_scattered_01_wCont/Cls_scattered_01_wCont/OIII_all_cross/Cl_956.npy,/path/to/Cls_scattered_01_wCont/Cls_scattered_01_wCont/OII_all_cross/Cl_956_1.npy,/path/to/Cls_scattered_01_wCont/Cls_scattered_01_wCont/OIII_all_cross/Cl_956_1.npy,/path/to/Cls_scattered_01_wCont/Cls_scattered_01_wCont/Shift7_all_cross/Cl_956.npy,/path/to/Cls_scattered_01_wCont/Cls_scattered_01_wCont/Ha/Cl_956.npy,/path/to/Cls_scattered_01_wCont/Cls_scattered_01_wCont/OII/Cl_956.npy,/path/to/Cls_scattered_01_wCont/Cls_scattered_01_wCont/OIII/Cl_956.npy,/path/to/Cls_scattered_01_wCont/Cls_scattered_01_wCont/Cont/Cl_956.npy,1.7321423766203226,0.38624075306579475
/path/to/Cls_scattered_01_wCont/Cls_scattered_01_wCont/Ha_OII_OIII_Cont/Cl_957.npy,/path/to/Cls_scattered_01_wCont/Cls_scattered_01_wCont/OII_all_cross/Cl_957.npy,/path/to/Cls_scattered_01_wCont/Cls_scattered_01_wCont/OIII_all_cross/Cl_957.npy,/path/to/Cls_scattered_01_wCont/Cls_scattered_01_wCont/OII_all_cross/Cl_957_1.npy,/path/to/Cls_scattered_01_wCont/Cls_scattered_01_wCont/OIII_all_cross/Cl_957_1.npy,/path/to/Cls_scattered_01_wCont/Cls_scattered_01_wCont/Shift7_all_cross/Cl_957.npy,/path/to/Cls_scattered_01_wCont/Cls_scattered_01_wCont/Ha/Cl_957.npy,/path/to/Cls_scattered_01_wCont/Cls_scattered_01_wCont/OII/Cl_957.npy,/path/to/Cls_scattered_01_wCont/Cls_scattered_01_wCont/OIII/Cl_957.npy,/path/to/Cls_scattered_01_wCont/Cls_scattered_01_wCont/Cont/Cl_957.npy,0.31791428634896873,1.668007510807365
/path/to/Cls_scattered_01_wCont/Cls_scattered_01_wCont/Ha_OII_OIII_Cont/Cl_958.npy,/path/to/Cls_scattered_01_wCont/Cls_scattered_01_wCont/OII_all_cross/Cl_958.npy,/path/to/Cls_scattered_01_wCont/Cls_scattered_01_wCont/OIII_all_cross/Cl_958.npy,/path/to/Cls_scattered_01_wCont/Cls_scattered_01_wCont/OII_all_cross/Cl_958_1.npy,/path/to/Cls_scattered_01_wCont/Cls_scattered_01_wCont/OIII_all_cross/Cl_958_1.npy,/path/to/Cls_scattered_01_wCont/Cls_scattered_01_wCont/Shift7_all_cross/Cl_958.npy,/path/to/Cls_scattered_01_wCont/Cls_scattered_01_wCont/Ha/Cl_958.npy,/path/to/Cls_scattered_01_wCont/Cls_scattered_01_wCont/OII/Cl_958.npy,/path/to/Cls_scattered_01_wCont/Cls_scattered_01_wCont/OIII/Cl_958.npy,/path/to/Cls_scattered_01_wCont/Cls_scattered_01_wCont/Cont/Cl_958.npy,0.7121961774304508,0.8329979807138442
/path/to/Cls_scattered_01_wCont/Cls_scattered_01_wCont/Ha_OII_OIII_Cont/Cl_959.npy,/path/to/Cls_scattered_01_wCont/Cls_scattered_01_wCont/OII_all_cross/Cl_959.npy,/path/to/Cls_scattered_01_wCont/Cls_scattered_01_wCont/OIII_all_cross/Cl_959.npy,/path/to/Cls_scattered_01_wCont/Cls_scattered_01_wCont/OII_all_cross/Cl_959_1.npy,/path/to/Cls_scattered_01_wCont/Cls_scattered_01_wCont/OIII_all_cross/Cl_959_1.npy,/path/to/Cls_scattered_01_wCont/Cls_scattered_01_wCont/Shift7_all_cross/Cl_959.npy,/path/to/Cls_scattered_01_wCont/Cls_scattered_01_wCont/Ha/Cl_959.npy,/path/to/Cls_scattered_01_wCont/Cls_scattered_01_wCont/OII/Cl_959.npy,/path/to/Cls_scattered_01_wCont/Cls_scattered_01_wCont/OIII/Cl_959.npy,/path/to/Cls_scattered_01_wCont/Cls_scattered_01_wCont/Cont/Cl_959.npy,1.2042590027675033,1.2213556010276079
/path/to/Cls_scattered_01_wCont/Cls_scattered_01_wCont/Ha_OII_OIII_Cont/Cl_960.npy,/path/to/Cls_scattered_01_wCont/Cls_scattered_01_wCont/OII_all_cross/Cl_960.npy,/path/to/Cls_scattered_01_wCont/Cls_scattered_01_wCont/OIII_all_cross/Cl_960.npy,/path/to/Cls_scattered_01_wCont/Cls_scattered_01_wCont/OII_all_cross/Cl_960_1.npy,/path/to/Cls_scattered_01_wCont/Cls_scattered_01_wCont/OIII_all_cross/Cl_960_1.npy,/path/to/Cls_scattered_01_wCont/Cls_scattered_01_wCont/Shift7_all_cross/Cl_960.npy,/path/to/Cls_scattered_01_wCont/Cls_scattered_01_wCont/Ha/Cl_960.npy,/path/to/Cls_scattered_01_wCont/Cls_scattered_01_wCont/OII/Cl_960.npy,/path/to/Cls_scattered_01_wCont/Cls_scattered_01_wCont/OIII/Cl_960.npy,/path/to/Cls_scattered_01_wCont/Cls_scattered_01_wCont/Cont/Cl_960.npy,1.2140378034673631,0.6029011342674493
/path/to/Cls_scattered_01_wCont/Cls_scattered_01_wCont/Ha_OII_OIII_Cont/Cl_961.npy,/path/to/Cls_scattered_01_wCont/Cls_scattered_01_wCont/OII_all_cross/Cl_961.npy,/path/to/Cls_scattered_01_wCont/Cls_scattered_01_wCont/OIII_all_cross/Cl_961.npy,/path/to/Cls_scattered_01_wCont/Cls_scattered_01_wCont/OII_all_cross/Cl_961_1.npy,/path/to/Cls_scattered_01_wCont/Cls_scattered_01_wCont/OIII_all_cross/Cl_961_1.npy,/path/to/Cls_scattered_01_wCont/Cls_scattered_01_wCont/Shift7_all_cross/Cl_961.npy,/path/to/Cls_scattered_01_wCont/Cls_scattered_01_wCont/Ha/Cl_961.npy,/path/to/Cls_scattered_01_wCont/Cls_scattered_01_wCont/OII/Cl_961.npy,/path/to/Cls_scattered_01_wCont/Cls_scattered_01_wCont/OIII/Cl_961.npy,/path/to/Cls_scattered_01_wCont/Cls_scattered_01_wCont/Cont/Cl_961.npy,0.6988114456646144,1.4514739647507668
/path/to/Cls_scattered_01_wCont/Cls_scattered_01_wCont/Ha_OII_OIII_Cont/Cl_962.npy,/path/to/Cls_scattered_01_wCont/Cls_scattered_01_wCont/OII_all_cross/Cl_962.npy,/path/to/Cls_scattered_01_wCont/Cls_scattered_01_wCont/OIII_all_cross/Cl_962.npy,/path/to/Cls_scattered_01_wCont/Cls_scattered_01_wCont/OII_all_cross/Cl_962_1.npy,/path/to/Cls_scattered_01_wCont/Cls_scattered_01_wCont/OIII_all_cross/Cl_962_1.npy,/path/to/Cls_scattered_01_wCont/Cls_scattered_01_wCont/Shift7_all_cross/Cl_962.npy,/path/to/Cls_scattered_01_wCont/Cls_scattered_01_wCont/Ha/Cl_962.npy,/path/to/Cls_scattered_01_wCont/Cls_scattered_01_wCont/OII/Cl_962.npy,/path/to/Cls_scattered_01_wCont/Cls_scattered_01_wCont/OIII/Cl_962.npy,/path/to/Cls_scattered_01_wCont/Cls_scattered_01_wCont/Cont/Cl_962.npy,0.33421613089740276,0.15613787611946464
/path/to/Cls_scattered_01_wCont/Cls_scattered_01_wCont/Ha_OII_OIII_Cont/Cl_963.npy,/path/to/Cls_scattered_01_wCont/Cls_scattered_01_wCont/OII_all_cross/Cl_963.npy,/path/to/Cls_scattered_01_wCont/Cls_scattered_01_wCont/OIII_all_cross/Cl_963.npy,/path/to/Cls_scattered_01_wCont/Cls_scattered_01_wCont/OII_all_cross/Cl_963_1.npy,/path/to/Cls_scattered_01_wCont/Cls_scattered_01_wCont/OIII_all_cross/Cl_963_1.npy,/path/to/Cls_scattered_01_wCont/Cls_scattered_01_wCont/Shift7_all_cross/Cl_963.npy,/path/to/Cls_scattered_01_wCont/Cls_scattered_01_wCont/Ha/Cl_963.npy,/path/to/Cls_scattered_01_wCont/Cls_scattered_01_wCont/OII/Cl_963.npy,/path/to/Cls_scattered_01_wCont/Cls_scattered_01_wCont/OIII/Cl_963.npy,/path/to/Cls_scattered_01_wCont/Cls_scattered_01_wCont/Cont/Cl_963.npy,1.7122345373034478,1.89811786217615
/path/to/Cls_scattered_01_wCont/Cls_scattered_01_wCont/Ha_OII_OIII_Cont/Cl_964.npy,/path/to/Cls_scattered_01_wCont/Cls_scattered_01_wCont/OII_all_cross/Cl_964.npy,/path/to/Cls_scattered_01_wCont/Cls_scattered_01_wCont/OIII_all_cross/Cl_964.npy,/path/to/Cls_scattered_01_wCont/Cls_scattered_01_wCont/OII_all_cross/Cl_964_1.npy,/path/to/Cls_scattered_01_wCont/Cls_scattered_01_wCont/OIII_all_cross/Cl_964_1.npy,/path/to/Cls_scattered_01_wCont/Cls_scattered_01_wCont/Shift7_all_cross/Cl_964.npy,/path/to/Cls_scattered_01_wCont/Cls_scattered_01_wCont/Ha/Cl_964.npy,/path/to/Cls_scattered_01_wCont/Cls_scattered_01_wCont/OII/Cl_964.npy,/path/to/Cls_scattered_01_wCont/Cls_scattered_01_wCont/OIII/Cl_964.npy,/path/to/Cls_scattered_01_wCont/Cls_scattered_01_wCont/Cont/Cl_964.npy,1.9126058303751052,0.411675913631916
/path/to/Cls_scattered_01_wCont/Cls_scattered_01_wCont/Ha_OII_OIII_Cont/Cl_965.npy,/path/to/Cls_scattered_01_wCont/Cls_scattered_01_wCont/OII_all_cross/Cl_965.npy,/path/to/Cls_scattered_01_wCont/Cls_scattered_01_wCont/OIII_all_cross/Cl_965.npy,/path/to/Cls_scattered_01_wCont/Cls_scattered_01_wCont/OII_all_cross/Cl_965_1.npy,/path/to/Cls_scattered_01_wCont/Cls_scattered_01_wCont/OIII_all_cross/Cl_965_1.npy,/path/to/Cls_scattered_01_wCont/Cls_scattered_01_wCont/Shift7_all_cross/Cl_965.npy,/path/to/Cls_scattered_01_wCont/Cls_scattered_01_wCont/Ha/Cl_965.npy,/path/to/Cls_scattered_01_wCont/Cls_scattered_01_wCont/OII/Cl_965.npy,/path/to/Cls_scattered_01_wCont/Cls_scattered_01_wCont/OIII/Cl_965.npy,/path/to/Cls_scattered_01_wCont/Cls_scattered_01_wCont/Cont/Cl_965.npy,0.47518235640600326,1.7340595040470361
/path/to/Cls_scattered_01_wCont/Cls_scattered_01_wCont/Ha_OII_OIII_Cont/Cl_966.npy,/path/to/Cls_scattered_01_wCont/Cls_scattered_01_wCont/OII_all_cross/Cl_966.npy,/path/to/Cls_scattered_01_wCont/Cls_scattered_01_wCont/OIII_all_cross/Cl_966.npy,/path/to/Cls_scattered_01_wCont/Cls_scattered_01_wCont/OII_all_cross/Cl_966_1.npy,/path/to/Cls_scattered_01_wCont/Cls_scattered_01_wCont/OIII_all_cross/Cl_966_1.npy,/path/to/Cls_scattered_01_wCont/Cls_scattered_01_wCont/Shift7_all_cross/Cl_966.npy,/path/to/Cls_scattered_01_wCont/Cls_scattered_01_wCont/Ha/Cl_966.npy,/path/to/Cls_scattered_01_wCont/Cls_scattered_01_wCont/OII/Cl_966.npy,/path/to/Cls_scattered_01_wCont/Cls_scattered_01_wCont/OIII/Cl_966.npy,/path/to/Cls_scattered_01_wCont/Cls_scattered_01_wCont/Cont/Cl_966.npy,1.0327545715495945,0.9139908949844538
/path/to/Cls_scattered_01_wCont/Cls_scattered_01_wCont/Ha_OII_OIII_Cont/Cl_967.npy,/path/to/Cls_scattered_01_wCont/Cls_scattered_01_wCont/OII_all_cross/Cl_967.npy,/path/to/Cls_scattered_01_wCont/Cls_scattered_01_wCont/OIII_all_cross/Cl_967.npy,/path/to/Cls_scattered_01_wCont/Cls_scattered_01_wCont/OII_all_cross/Cl_967_1.npy,/path/to/Cls_scattered_01_wCont/Cls_scattered_01_wCont/OIII_all_cross/Cl_967_1.npy,/path/to/Cls_scattered_01_wCont/Cls_scattered_01_wCont/Shift7_all_cross/Cl_967.npy,/path/to/Cls_scattered_01_wCont/Cls_scattered_01_wCont/Ha/Cl_967.npy,/path/to/Cls_scattered_01_wCont/Cls_scattered_01_wCont/OII/Cl_967.npy,/path/to/Cls_scattered_01_wCont/Cls_scattered_01_wCont/OIII/Cl_967.npy,/path/to/Cls_scattered_01_wCont/Cls_scattered_01_wCont/Cont/Cl_967.npy,1.4886341849341989,1.231639204826206
/path/to/Cls_scattered_01_wCont/Cls_scattered_01_wCont/Ha_OII_OIII_Cont/Cl_968.npy,/path/to/Cls_scattered_01_wCont/Cls_scattered_01_wCont/OII_all_cross/Cl_968.npy,/path/to/Cls_scattered_01_wCont/Cls_scattered_01_wCont/OIII_all_cross/Cl_968.npy,/path/to/Cls_scattered_01_wCont/Cls_scattered_01_wCont/OII_all_cross/Cl_968_1.npy,/path/to/Cls_scattered_01_wCont/Cls_scattered_01_wCont/OIII_all_cross/Cl_968_1.npy,/path/to/Cls_scattered_01_wCont/Cls_scattered_01_wCont/Shift7_all_cross/Cl_968.npy,/path/to/Cls_scattered_01_wCont/Cls_scattered_01_wCont/Ha/Cl_968.npy,/path/to/Cls_scattered_01_wCont/Cls_scattered_01_wCont/OII/Cl_968.npy,/path/to/Cls_scattered_01_wCont/Cls_scattered_01_wCont/OIII/Cl_968.npy,/path/to/Cls_scattered_01_wCont/Cls_scattered_01_wCont/Cont/Cl_968.npy,1.3747106499038637,0.29918812597170474
/path/to/Cls_scattered_01_wCont/Cls_scattered_01_wCont/Ha_OII_OIII_Cont/Cl_969.npy,/path/to/Cls_scattered_01_wCont/Cls_scattered_01_wCont/OII_all_cross/Cl_969.npy,/path/to/Cls_scattered_01_wCont/Cls_scattered_01_wCont/OIII_all_cross/Cl_969.npy,/path/to/Cls_scattered_01_wCont/Cls_scattered_01_wCont/OII_all_cross/Cl_969_1.npy,/path/to/Cls_scattered_01_wCont/Cls_scattered_01_wCont/OIII_all_cross/Cl_969_1.npy,/path/to/Cls_scattered_01_wCont/Cls_scattered_01_wCont/Shift7_all_cross/Cl_969.npy,/path/to/Cls_scattered_01_wCont/Cls_scattered_01_wCont/Ha/Cl_969.npy,/path/to/Cls_scattered_01_wCont/Cls_scattered_01_wCont/OII/Cl_969.npy,/path/to/Cls_scattered_01_wCont/Cls_scattered_01_wCont/OIII/Cl_969.npy,/path/to/Cls_scattered_01_wCont/Cls_scattered_01_wCont/Cont/Cl_969.npy,0.9123640189878642,1.873915466386825
/path/to/Cls_scattered_01_wCont/Cls_scattered_01_wCont/Ha_OII_OIII_Cont/Cl_970.npy,/path/to/Cls_scattered_01_wCont/Cls_scattered_01_wCont/OII_all_cross/Cl_970.npy,/path/to/Cls_scattered_01_wCont/Cls_scattered_01_wCont/OIII_all_cross/Cl_970.npy,/path/to/Cls_scattered_01_wCont/Cls_scattered_01_wCont/OII_all_cross/Cl_970_1.npy,/path/to/Cls_scattered_01_wCont/Cls_scattered_01_wCont/OIII_all_cross/Cl_970_1.npy,/path/to/Cls_scattered_01_wCont/Cls_scattered_01_wCont/Shift7_all_cross/Cl_970.npy,/path/to/Cls_scattered_01_wCont/Cls_scattered_01_wCont/Ha/Cl_970.npy,/path/to/Cls_scattered_01_wCont/Cls_scattered_01_wCont/OII/Cl_970.npy,/path/to/Cls_scattered_01_wCont/Cls_scattered_01_wCont/OIII/Cl_970.npy,/path/to/Cls_scattered_01_wCont/Cls_scattered_01_wCont/Cont/Cl_970.npy,0.35480040721595285,0.8015031037852167
/path/to/Cls_scattered_01_wCont/Cls_scattered_01_wCont/Ha_OII_OIII_Cont/Cl_971.npy,/path/to/Cls_scattered_01_wCont/Cls_scattered_01_wCont/OII_all_cross/Cl_971.npy,/path/to/Cls_scattered_01_wCont/Cls_scattered_01_wCont/OIII_all_cross/Cl_971.npy,/path/to/Cls_scattered_01_wCont/Cls_scattered_01_wCont/OII_all_cross/Cl_971_1.npy,/path/to/Cls_scattered_01_wCont/Cls_scattered_01_wCont/OIII_all_cross/Cl_971_1.npy,/path/to/Cls_scattered_01_wCont/Cls_scattered_01_wCont/Shift7_all_cross/Cl_971.npy,/path/to/Cls_scattered_01_wCont/Cls_scattered_01_wCont/Ha/Cl_971.npy,/path/to/Cls_scattered_01_wCont/Cls_scattered_01_wCont/OII/Cl_971.npy,/path/to/Cls_scattered_01_wCont/Cls_scattered_01_wCont/OIII/Cl_971.npy,/path/to/Cls_scattered_01_wCont/Cls_scattered_01_wCont/Cont/Cl_971.npy,1.7986872747540474,1.371495163626969
/path/to/Cls_scattered_01_wCont/Cls_scattered_01_wCont/Ha_OII_OIII_Cont/Cl_972.npy,/path/to/Cls_scattered_01_wCont/Cls_scattered_01_wCont/OII_all_cross/Cl_972.npy,/path/to/Cls_scattered_01_wCont/Cls_scattered_01_wCont/OIII_all_cross/Cl_972.npy,/path/to/Cls_scattered_01_wCont/Cls_scattered_01_wCont/OII_all_cross/Cl_972_1.npy,/path/to/Cls_scattered_01_wCont/Cls_scattered_01_wCont/OIII_all_cross/Cl_972_1.npy,/path/to/Cls_scattered_01_wCont/Cls_scattered_01_wCont/Shift7_all_cross/Cl_972.npy,/path/to/Cls_scattered_01_wCont/Cls_scattered_01_wCont/Ha/Cl_972.npy,/path/to/Cls_scattered_01_wCont/Cls_scattered_01_wCont/OII/Cl_972.npy,/path/to/Cls_scattered_01_wCont/Cls_scattered_01_wCont/OIII/Cl_972.npy,/path/to/Cls_scattered_01_wCont/Cls_scattered_01_wCont/Cont/Cl_972.npy,1.5983938508667053,0.938045182544738
/path/to/Cls_scattered_01_wCont/Cls_scattered_01_wCont/Ha_OII_OIII_Cont/Cl_973.npy,/path/to/Cls_scattered_01_wCont/Cls_scattered_01_wCont/OII_all_cross/Cl_973.npy,/path/to/Cls_scattered_01_wCont/Cls_scattered_01_wCont/OIII_all_cross/Cl_973.npy,/path/to/Cls_scattered_01_wCont/Cls_scattered_01_wCont/OII_all_cross/Cl_973_1.npy,/path/to/Cls_scattered_01_wCont/Cls_scattered_01_wCont/OIII_all_cross/Cl_973_1.npy,/path/to/Cls_scattered_01_wCont/Cls_scattered_01_wCont/Shift7_all_cross/Cl_973.npy,/path/to/Cls_scattered_01_wCont/Cls_scattered_01_wCont/Ha/Cl_973.npy,/path/to/Cls_scattered_01_wCont/Cls_scattered_01_wCont/OII/Cl_973.npy,/path/to/Cls_scattered_01_wCont/Cls_scattered_01_wCont/OIII/Cl_973.npy,/path/to/Cls_scattered_01_wCont/Cls_scattered_01_wCont/Cont/Cl_973.npy,0.21385055677965284,1.0889617630280555
/path/to/Cls_scattered_01_wCont/Cls_scattered_01_wCont/Ha_OII_OIII_Cont/Cl_974.npy,/path/to/Cls_scattered_01_wCont/Cls_scattered_01_wCont/OII_all_cross/Cl_974.npy,/path/to/Cls_scattered_01_wCont/Cls_scattered_01_wCont/OIII_all_cross/Cl_974.npy,/path/to/Cls_scattered_01_wCont/Cls_scattered_01_wCont/OII_all_cross/Cl_974_1.npy,/path/to/Cls_scattered_01_wCont/Cls_scattered_01_wCont/OIII_all_cross/Cl_974_1.npy,/path/to/Cls_scattered_01_wCont/Cls_scattered_01_wCont/Shift7_all_cross/Cl_974.npy,/path/to/Cls_scattered_01_wCont/Cls_scattered_01_wCont/Ha/Cl_974.npy,/path/to/Cls_scattered_01_wCont/Cls_scattered_01_wCont/OII/Cl_974.npy,/path/to/Cls_scattered_01_wCont/Cls_scattered_01_wCont/OIII/Cl_974.npy,/path/to/Cls_scattered_01_wCont/Cls_scattered_01_wCont/Cont/Cl_974.npy,0.5784553809091448,0.4912819208577275
/path/to/Cls_scattered_01_wCont/Cls_scattered_01_wCont/Ha_OII_OIII_Cont/Cl_975.npy,/path/to/Cls_scattered_01_wCont/Cls_scattered_01_wCont/OII_all_cross/Cl_975.npy,/path/to/Cls_scattered_01_wCont/Cls_scattered_01_wCont/OIII_all_cross/Cl_975.npy,/path/to/Cls_scattered_01_wCont/Cls_scattered_01_wCont/OII_all_cross/Cl_975_1.npy,/path/to/Cls_scattered_01_wCont/Cls_scattered_01_wCont/OIII_all_cross/Cl_975_1.npy,/path/to/Cls_scattered_01_wCont/Cls_scattered_01_wCont/Shift7_all_cross/Cl_975.npy,/path/to/Cls_scattered_01_wCont/Cls_scattered_01_wCont/Ha/Cl_975.npy,/path/to/Cls_scattered_01_wCont/Cls_scattered_01_wCont/OII/Cl_975.npy,/path/to/Cls_scattered_01_wCont/Cls_scattered_01_wCont/OIII/Cl_975.npy,/path/to/Cls_scattered_01_wCont/Cls_scattered_01_wCont/Cont/Cl_975.npy,1.1002030024304987,1.535605656914413
/path/to/Cls_scattered_01_wCont/Cls_scattered_01_wCont/Ha_OII_OIII_Cont/Cl_976.npy,/path/to/Cls_scattered_01_wCont/Cls_scattered_01_wCont/OII_all_cross/Cl_976.npy,/path/to/Cls_scattered_01_wCont/Cls_scattered_01_wCont/OIII_all_cross/Cl_976.npy,/path/to/Cls_scattered_01_wCont/Cls_scattered_01_wCont/OII_all_cross/Cl_976_1.npy,/path/to/Cls_scattered_01_wCont/Cls_scattered_01_wCont/OIII_all_cross/Cl_976_1.npy,/path/to/Cls_scattered_01_wCont/Cls_scattered_01_wCont/Shift7_all_cross/Cl_976.npy,/path/to/Cls_scattered_01_wCont/Cls_scattered_01_wCont/Ha/Cl_976.npy,/path/to/Cls_scattered_01_wCont/Cls_scattered_01_wCont/OII/Cl_976.npy,/path/to/Cls_scattered_01_wCont/Cls_scattered_01_wCont/OIII/Cl_976.npy,/path/to/Cls_scattered_01_wCont/Cls_scattered_01_wCont/Cont/Cl_976.npy,1.1380217503756285,0.5211534325033426
/path/to/Cls_scattered_01_wCont/Cls_scattered_01_wCont/Ha_OII_OIII_Cont/Cl_977.npy,/path/to/Cls_scattered_01_wCont/Cls_scattered_01_wCont/OII_all_cross/Cl_977.npy,/path/to/Cls_scattered_01_wCont/Cls_scattered_01_wCont/OIII_all_cross/Cl_977.npy,/path/to/Cls_scattered_01_wCont/Cls_scattered_01_wCont/OII_all_cross/Cl_977_1.npy,/path/to/Cls_scattered_01_wCont/Cls_scattered_01_wCont/OIII_all_cross/Cl_977_1.npy,/path/to/Cls_scattered_01_wCont/Cls_scattered_01_wCont/Shift7_all_cross/Cl_977.npy,/path/to/Cls_scattered_01_wCont/Cls_scattered_01_wCont/Ha/Cl_977.npy,/path/to/Cls_scattered_01_wCont/Cls_scattered_01_wCont/OII/Cl_977.npy,/path/to/Cls_scattered_01_wCont/Cls_scattered_01_wCont/OIII/Cl_977.npy,/path/to/Cls_scattered_01_wCont/Cls_scattered_01_wCont/Cont/Cl_977.npy,0.6745166406035423,1.6245926305651666
/path/to/Cls_scattered_01_wCont/Cls_scattered_01_wCont/Ha_OII_OIII_Cont/Cl_978.npy,/path/to/Cls_scattered_01_wCont/Cls_scattered_01_wCont/OII_all_cross/Cl_978.npy,/path/to/Cls_scattered_01_wCont/Cls_scattered_01_wCont/OIII_all_cross/Cl_978.npy,/path/to/Cls_scattered_01_wCont/Cls_scattered_01_wCont/OII_all_cross/Cl_978_1.npy,/path/to/Cls_scattered_01_wCont/Cls_scattered_01_wCont/OIII_all_cross/Cl_978_1.npy,/path/to/Cls_scattered_01_wCont/Cls_scattered_01_wCont/Shift7_all_cross/Cl_978.npy,/path/to/Cls_scattered_01_wCont/Cls_scattered_01_wCont/Ha/Cl_978.npy,/path/to/Cls_scattered_01_wCont/Cls_scattered_01_wCont/OII/Cl_978.npy,/path/to/Cls_scattered_01_wCont/Cls_scattered_01_wCont/OIII/Cl_978.npy,/path/to/Cls_scattered_01_wCont/Cls_scattered_01_wCont/Cont/Cl_978.npy,0.11695215469226242,1.0271696402691304
/path/to/Cls_scattered_01_wCont/Cls_scattered_01_wCont/Ha_OII_OIII_Cont/Cl_979.npy,/path/to/Cls_scattered_01_wCont/Cls_scattered_01_wCont/OII_all_cross/Cl_979.npy,/path/to/Cls_scattered_01_wCont/Cls_scattered_01_wCont/OIII_all_cross/Cl_979.npy,/path/to/Cls_scattered_01_wCont/Cls_scattered_01_wCont/OII_all_cross/Cl_979_1.npy,/path/to/Cls_scattered_01_wCont/Cls_scattered_01_wCont/OIII_all_cross/Cl_979_1.npy,/path/to/Cls_scattered_01_wCont/Cls_scattered_01_wCont/Shift7_all_cross/Cl_979.npy,/path/to/Cls_scattered_01_wCont/Cls_scattered_01_wCont/Ha/Cl_979.npy,/path/to/Cls_scattered_01_wCont/Cls_scattered_01_wCont/OII/Cl_979.npy,/path/to/Cls_scattered_01_wCont/Cls_scattered_01_wCont/OIII/Cl_979.npy,/path/to/Cls_scattered_01_wCont/Cls_scattered_01_wCont/Cont/Cl_979.npy,1.5619993130676448,1.1184498141519725
/path/to/Cls_scattered_01_wCont/Cls_scattered_01_wCont/Ha_OII_OIII_Cont/Cl_980.npy,/path/to/Cls_scattered_01_wCont/Cls_scattered_01_wCont/OII_all_cross/Cl_980.npy,/path/to/Cls_scattered_01_wCont/Cls_scattered_01_wCont/OIII_all_cross/Cl_980.npy,/path/to/Cls_scattered_01_wCont/Cls_scattered_01_wCont/OII_all_cross/Cl_980_1.npy,/path/to/Cls_scattered_01_wCont/Cls_scattered_01_wCont/OIII_all_cross/Cl_980_1.npy,/path/to/Cls_scattered_01_wCont/Cls_scattered_01_wCont/Shift7_all_cross/Cl_980.npy,/path/to/Cls_scattered_01_wCont/Cls_scattered_01_wCont/Ha/Cl_980.npy,/path/to/Cls_scattered_01_wCont/Cls_scattered_01_wCont/OII/Cl_980.npy,/path/to/Cls_scattered_01_wCont/Cls_scattered_01_wCont/OIII/Cl_980.npy,/path/to/Cls_scattered_01_wCont/Cls_scattered_01_wCont/Cont/Cl_980.npy,1.836705376021564,0.7123725518584251
/path/to/Cls_scattered_01_wCont/Cls_scattered_01_wCont/Ha_OII_OIII_Cont/Cl_981.npy,/path/to/Cls_scattered_01_wCont/Cls_scattered_01_wCont/OII_all_cross/Cl_981.npy,/path/to/Cls_scattered_01_wCont/Cls_scattered_01_wCont/OIII_all_cross/Cl_981.npy,/path/to/Cls_scattered_01_wCont/Cls_scattered_01_wCont/OII_all_cross/Cl_981_1.npy,/path/to/Cls_scattered_01_wCont/Cls_scattered_01_wCont/OIII_all_cross/Cl_981_1.npy,/path/to/Cls_scattered_01_wCont/Cls_scattered_01_wCont/Shift7_all_cross/Cl_981.npy,/path/to/Cls_scattered_01_wCont/Cls_scattered_01_wCont/Ha/Cl_981.npy,/path/to/Cls_scattered_01_wCont/Cls_scattered_01_wCont/OII/Cl_981.npy,/path/to/Cls_scattered_01_wCont/Cls_scattered_01_wCont/OIII/Cl_981.npy,/path/to/Cls_scattered_01_wCont/Cls_scattered_01_wCont/Cont/Cl_981.npy,0.45100303683429954,1.3419991496950388
/path/to/Cls_scattered_01_wCont/Cls_scattered_01_wCont/Ha_OII_OIII_Cont/Cl_982.npy,/path/to/Cls_scattered_01_wCont/Cls_scattered_01_wCont/OII_all_cross/Cl_982.npy,/path/to/Cls_scattered_01_wCont/Cls_scattered_01_wCont/OIII_all_cross/Cl_982.npy,/path/to/Cls_scattered_01_wCont/Cls_scattered_01_wCont/OII_all_cross/Cl_982_1.npy,/path/to/Cls_scattered_01_wCont/Cls_scattered_01_wCont/OIII_all_cross/Cl_982_1.npy,/path/to/Cls_scattered_01_wCont/Cls_scattered_01_wCont/Shift7_all_cross/Cl_982.npy,/path/to/Cls_scattered_01_wCont/Cls_scattered_01_wCont/Ha/Cl_982.npy,/path/to/Cls_scattered_01_wCont/Cls_scattered_01_wCont/OII/Cl_982.npy,/path/to/Cls_scattered_01_wCont/Cls_scattered_01_wCont/OIII/Cl_982.npy,/path/to/Cls_scattered_01_wCont/Cls_scattered_01_wCont/Cont/Cl_982.npy,0.8156069302000105,0.26932269437238576
/path/to/Cls_scattered_01_wCont/Cls_scattered_01_wCont/Ha_OII_OIII_Cont/Cl_983.npy,/path/to/Cls_scattered_01_wCont/Cls_scattered_01_wCont/OII_all_cross/Cl_983.npy,/path/to/Cls_scattered_01_wCont/Cls_scattered_01_wCont/OIII_all_cross/Cl_983.npy,/path/to/Cls_scattered_01_wCont/Cls_scattered_01_wCont/OII_all_cross/Cl_983_1.npy,/path/to/Cls_scattered_01_wCont/Cls_scattered_01_wCont/OIII_all_cross/Cl_983_1.npy,/path/to/Cls_scattered_01_wCont/Cls_scattered_01_wCont/Shift7_all_cross/Cl_983.npy,/path/to/Cls_scattered_01_wCont/Cls_scattered_01_wCont/Ha/Cl_983.npy,/path/to/Cls_scattered_01_wCont/Cls_scattered_01_wCont/OII/Cl_983.npy,/path/to/Cls_scattered_01_wCont/Cls_scattered_01_wCont/OIII/Cl_983.npy,/path/to/Cls_scattered_01_wCont/Cls_scattered_01_wCont/Cont/Cl_983.npy,1.3385154088027775,1.7849364413879811
/path/to/Cls_scattered_01_wCont/Cls_scattered_01_wCont/Ha_OII_OIII_Cont/Cl_984.npy,/path/to/Cls_scattered_01_wCont/Cls_scattered_01_wCont/OII_all_cross/Cl_984.npy,/path/to/Cls_scattered_01_wCont/Cls_scattered_01_wCont/OIII_all_cross/Cl_984.npy,/path/to/Cls_scattered_01_wCont/Cls_scattered_01_wCont/OII_all_cross/Cl_984_1.npy,/path/to/Cls_scattered_01_wCont/Cls_scattered_01_wCont/OIII_all_cross/Cl_984_1.npy,/path/to/Cls_scattered_01_wCont/Cls_scattered_01_wCont/Shift7_all_cross/Cl_984.npy,/path/to/Cls_scattered_01_wCont/Cls_scattered_01_wCont/Ha/Cl_984.npy,/path/to/Cls_scattered_01_wCont/Cls_scattered_01_wCont/OII/Cl_984.npy,/path/to/Cls_scattered_01_wCont/Cls_scattered_01_wCont/OIII/Cl_984.npy,/path/to/Cls_scattered_01_wCont/Cls_scattered_01_wCont/Cont/Cl_984.npy,1.4509585481137037,0.8248603501357138
/path/to/Cls_scattered_01_wCont/Cls_scattered_01_wCont/Ha_OII_OIII_Cont/Cl_985.npy,/path/to/Cls_scattered_01_wCont/Cls_scattered_01_wCont/OII_all_cross/Cl_985.npy,/path/to/Cls_scattered_01_wCont/Cls_scattered_01_wCont/OIII_all_cross/Cl_985.npy,/path/to/Cls_scattered_01_wCont/Cls_scattered_01_wCont/OII_all_cross/Cl_985_1.npy,/path/to/Cls_scattered_01_wCont/Cls_scattered_01_wCont/OIII_all_cross/Cl_985_1.npy,/path/to/Cls_scattered_01_wCont/Cls_scattered_01_wCont/Shift7_all_cross/Cl_985.npy,/path/to/Cls_scattered_01_wCont/Cls_scattered_01_wCont/Ha/Cl_985.npy,/path/to/Cls_scattered_01_wCont/Cls_scattered_01_wCont/OII/Cl_985.npy,/path/to/Cls_scattered_01_wCont/Cls_scattered_01_wCont/OIII/Cl_985.npy,/path/to/Cls_scattered_01_wCont/Cls_scattered_01_wCont/Cont/Cl_985.npy,0.9364269152283667,1.2021431979723276
/path/to/Cls_scattered_01_wCont/Cls_scattered_01_wCont/Ha_OII_OIII_Cont/Cl_986.npy,/path/to/Cls_scattered_01_wCont/Cls_scattered_01_wCont/OII_all_cross/Cl_986.npy,/path/to/Cls_scattered_01_wCont/Cls_scattered_01_wCont/OIII_all_cross/Cl_986.npy,/path/to/Cls_scattered_01_wCont/Cls_scattered_01_wCont/OII_all_cross/Cl_986_1.npy,/path/to/Cls_scattered_01_wCont/Cls_scattered_01_wCont/OIII_all_cross/Cl_986_1.npy,/path/to/Cls_scattered_01_wCont/Cls_scattered_01_wCont/Shift7_all_cross/Cl_986.npy,/path/to/Cls_scattered_01_wCont/Cls_scattered_01_wCont/Ha/Cl_986.npy,/path/to/Cls_scattered_01_wCont/Cls_scattered_01_wCont/OII/Cl_986.npy,/path/to/Cls_scattered_01_wCont/Cls_scattered_01_wCont/OIII/Cl_986.npy,/path/to/Cls_scattered_01_wCont/Cls_scattered_01_wCont/Cont/Cl_986.npy,0.5718325383029877,0.38181048911064863
/path/to/Cls_scattered_01_wCont/Cls_scattered_01_wCont/Ha_OII_OIII_Cont/Cl_987.npy,/path/to/Cls_scattered_01_wCont/Cls_scattered_01_wCont/OII_all_cross/Cl_987.npy,/path/to/Cls_scattered_01_wCont/Cls_scattered_01_wCont/OIII_all_cross/Cl_987.npy,/path/to/Cls_scattered_01_wCont/Cls_scattered_01_wCont/OII_all_cross/Cl_987_1.npy,/path/to/Cls_scattered_01_wCont/Cls_scattered_01_wCont/OIII_all_cross/Cl_987_1.npy,/path/to/Cls_scattered_01_wCont/Cls_scattered_01_wCont/Shift7_all_cross/Cl_987.npy,/path/to/Cls_scattered_01_wCont/Cls_scattered_01_wCont/Ha/Cl_987.npy,/path/to/Cls_scattered_01_wCont/Cls_scattered_01_wCont/OII/Cl_987.npy,/path/to/Cls_scattered_01_wCont/Cls_scattered_01_wCont/OIII/Cl_987.npy,/path/to/Cls_scattered_01_wCont/Cls_scattered_01_wCont/Cont/Cl_987.npy,1.9491544078104197,1.645080486126244
/path/to/Cls_scattered_01_wCont/Cls_scattered_01_wCont/Ha_OII_OIII_Cont/Cl_988.npy,/path/to/Cls_scattered_01_wCont/Cls_scattered_01_wCont/OII_all_cross/Cl_988.npy,/path/to/Cls_scattered_01_wCont/Cls_scattered_01_wCont/OIII_all_cross/Cl_988.npy,/path/to/Cls_scattered_01_wCont/Cls_scattered_01_wCont/OII_all_cross/Cl_988_1.npy,/path/to/Cls_scattered_01_wCont/Cls_scattered_01_wCont/OIII_all_cross/Cl_988_1.npy,/path/to/Cls_scattered_01_wCont/Cls_scattered_01_wCont/Shift7_all_cross/Cl_988.npy,/path/to/Cls_scattered_01_wCont/Cls_scattered_01_wCont/Ha/Cl_988.npy,/path/to/Cls_scattered_01_wCont/Cls_scattered_01_wCont/OII/Cl_988.npy,/path/to/Cls_scattered_01_wCont/Cls_scattered_01_wCont/OIII/Cl_988.npy,/path/to/Cls_scattered_01_wCont/Cls_scattered_01_wCont/Cont/Cl_988.npy,1.6745263202115894,0.1860093948431313
/path/to/Cls_scattered_01_wCont/Cls_scattered_01_wCont/Ha_OII_OIII_Cont/Cl_989.npy,/path/to/Cls_scattered_01_wCont/Cls_scattered_01_wCont/OII_all_cross/Cl_989.npy,/path/to/Cls_scattered_01_wCont/Cls_scattered_01_wCont/OIII_all_cross/Cl_989.npy,/path/to/Cls_scattered_01_wCont/Cls_scattered_01_wCont/OII_all_cross/Cl_989_1.npy,/path/to/Cls_scattered_01_wCont/Cls_scattered_01_wCont/OIII_all_cross/Cl_989_1.npy,/path/to/Cls_scattered_01_wCont/Cls_scattered_01_wCont/Shift7_all_cross/Cl_989.npy,/path/to/Cls_scattered_01_wCont/Cls_scattered_01_wCont/Ha/Cl_989.npy,/path/to/Cls_scattered_01_wCont/Cls_scattered_01_wCont/OII/Cl_989.npy,/path/to/Cls_scattered_01_wCont/Cls_scattered_01_wCont/OIII/Cl_989.npy,/path/to/Cls_scattered_01_wCont/Cls_scattered_01_wCont/Cont/Cl_989.npy,0.23779791090637445,1.9871048429049551
/path/to/Cls_scattered_01_wCont/Cls_scattered_01_wCont/Ha_OII_OIII_Cont/Cl_990.npy,/path/to/Cls_scattered_01_wCont/Cls_scattered_01_wCont/OII_all_cross/Cl_990.npy,/path/to/Cls_scattered_01_wCont/Cls_scattered_01_wCont/OIII_all_cross/Cl_990.npy,/path/to/Cls_scattered_01_wCont/Cls_scattered_01_wCont/OII_all_cross/Cl_990_1.npy,/path/to/Cls_scattered_01_wCont/Cls_scattered_01_wCont/OIII_all_cross/Cl_990_1.npy,/path/to/Cls_scattered_01_wCont/Cls_scattered_01_wCont/Shift7_all_cross/Cl_990.npy,/path/to/Cls_scattered_01_wCont/Cls_scattered_01_wCont/Ha/Cl_990.npy,/path/to/Cls_scattered_01_wCont/Cls_scattered_01_wCont/OII/Cl_990.npy,/path/to/Cls_scattered_01_wCont/Cls_scattered_01_wCont/OIII/Cl_990.npy,/path/to/Cls_scattered_01_wCont/Cls_scattered_01_wCont/Cont/Cl_990.npy,0.7953710072673856,0.6920255990698934
/path/to/Cls_scattered_01_wCont/Cls_scattered_01_wCont/Ha_OII_OIII_Cont/Cl_991.npy,/path/to/Cls_scattered_01_wCont/Cls_scattered_01_wCont/OII_all_cross/Cl_991.npy,/path/to/Cls_scattered_01_wCont/Cls_scattered_01_wCont/OIII_all_cross/Cl_991.npy,/path/to/Cls_scattered_01_wCont/Cls_scattered_01_wCont/OII_all_cross/Cl_991_1.npy,/path/to/Cls_scattered_01_wCont/Cls_scattered_01_wCont/OIII_all_cross/Cl_991_1.npy,/path/to/Cls_scattered_01_wCont/Cls_scattered_01_wCont/Shift7_all_cross/Cl_991.npy,/path/to/Cls_scattered_01_wCont/Cls_scattered_01_wCont/Ha/Cl_991.npy,/path/to/Cls_scattered_01_wCont/Cls_scattered_01_wCont/OII/Cl_991.npy,/path/to/Cls_scattered_01_wCont/Cls_scattered_01_wCont/OIII/Cl_991.npy,/path/to/Cls_scattered_01_wCont/Cls_scattered_01_wCont/Cont/Cl_991.npy,1.2505537440069021,1.4809620229527354
/path/to/Cls_scattered_01_wCont/Cls_scattered_01_wCont/Ha_OII_OIII_Cont/Cl_992.npy,/path/to/Cls_scattered_01_wCont/Cls_scattered_01_wCont/OII_all_cross/Cl_992.npy,/path/to/Cls_scattered_01_wCont/Cls_scattered_01_wCont/OIII_all_cross/Cl_992.npy,/path/to/Cls_scattered_01_wCont/Cls_scattered_01_wCont/OII_all_cross/Cl_992_1.npy,/path/to/Cls_scattered_01_wCont/Cls_scattered_01_wCont/OIII_all_cross/Cl_992_1.npy,/path/to/Cls_scattered_01_wCont/Cls_scattered_01_wCont/Shift7_all_cross/Cl_992.npy,/path/to/Cls_scattered_01_wCont/Cls_scattered_01_wCont/Ha/Cl_992.npy,/path/to/Cls_scattered_01_wCont/Cls_scattered_01_wCont/OII/Cl_992.npy,/path/to/Cls_scattered_01_wCont/Cls_scattered_01_wCont/OIII/Cl_992.npy,/path/to/Cls_scattered_01_wCont/Cls_scattered_01_wCont/Cont/Cl_992.npy,1.269338600896299,0.11642132205888629
/path/to/Cls_scattered_01_wCont/Cls_scattered_01_wCont/Ha_OII_OIII_Cont/Cl_993.npy,/path/to/Cls_scattered_01_wCont/Cls_scattered_01_wCont/OII_all_cross/Cl_993.npy,/path/to/Cls_scattered_01_wCont/Cls_scattered_01_wCont/OIII_all_cross/Cl_993.npy,/path/to/Cls_scattered_01_wCont/Cls_scattered_01_wCont/OII_all_cross/Cl_993_1.npy,/path/to/Cls_scattered_01_wCont/Cls_scattered_01_wCont/OIII_all_cross/Cl_993_1.npy,/path/to/Cls_scattered_01_wCont/Cls_scattered_01_wCont/Shift7_all_cross/Cl_993.npy,/path/to/Cls_scattered_01_wCont/Cls_scattered_01_wCont/Ha/Cl_993.npy,/path/to/Cls_scattered_01_wCont/Cls_scattered_01_wCont/OII/Cl_993.npy,/path/to/Cls_scattered_01_wCont/Cls_scattered_01_wCont/OIII/Cl_993.npy,/path/to/Cls_scattered_01_wCont/Cls_scattered_01_wCont/Cont/Cl_993.npy,0.7770465033128857,1.9398110612295567
/path/to/Cls_scattered_01_wCont/Cls_scattered_01_wCont/Ha_OII_OIII_Cont/Cl_994.npy,/path/to/Cls_scattered_01_wCont/Cls_scattered_01_wCont/OII_all_cross/Cl_994.npy,/path/to/Cls_scattered_01_wCont/Cls_scattered_01_wCont/OIII_all_cross/Cl_994.npy,/path/to/Cls_scattered_01_wCont/Cls_scattered_01_wCont/OII_all_cross/Cl_994_1.npy,/path/to/Cls_scattered_01_wCont/Cls_scattered_01_wCont/OIII_all_cross/Cl_994_1.npy,/path/to/Cls_scattered_01_wCont/Cls_scattered_01_wCont/Shift7_all_cross/Cl_994.npy,/path/to/Cls_scattered_01_wCont/Cls_scattered_01_wCont/Ha/Cl_994.npy,/path/to/Cls_scattered_01_wCont/Cls_scattered_01_wCont/OII/Cl_994.npy,/path/to/Cls_scattered_01_wCont/Cls_scattered_01_wCont/OIII/Cl_994.npy,/path/to/Cls_scattered_01_wCont/Cls_scattered_01_wCont/Cont/Cl_994.npy,0.24916814425960182,0.6224412634968757
/path/to/Cls_scattered_01_wCont/Cls_scattered_01_wCont/Ha_OII_OIII_Cont/Cl_995.npy,/path/to/Cls_scattered_01_wCont/Cls_scattered_01_wCont/OII_all_cross/Cl_995.npy,/path/to/Cls_scattered_01_wCont/Cls_scattered_01_wCont/OIII_all_cross/Cl_995.npy,/path/to/Cls_scattered_01_wCont/Cls_scattered_01_wCont/OII_all_cross/Cl_995_1.npy,/path/to/Cls_scattered_01_wCont/Cls_scattered_01_wCont/OIII_all_cross/Cl_995_1.npy,/path/to/Cls_scattered_01_wCont/Cls_scattered_01_wCont/Shift7_all_cross/Cl_995.npy,/path/to/Cls_scattered_01_wCont/Cls_scattered_01_wCont/Ha/Cl_995.npy,/path/to/Cls_scattered_01_wCont/Cls_scattered_01_wCont/OII/Cl_995.npy,/path/to/Cls_scattered_01_wCont/Cls_scattered_01_wCont/OIII/Cl_995.npy,/path/to/Cls_scattered_01_wCont/Cls_scattered_01_wCont/Cont/Cl_995.npy,1.66363094272092,1.4336717519909143
/path/to/Cls_scattered_01_wCont/Cls_scattered_01_wCont/Ha_OII_OIII_Cont/Cl_996.npy,/path/to/Cls_scattered_01_wCont/Cls_scattered_01_wCont/OII_all_cross/Cl_996.npy,/path/to/Cls_scattered_01_wCont/Cls_scattered_01_wCont/OIII_all_cross/Cl_996.npy,/path/to/Cls_scattered_01_wCont/Cls_scattered_01_wCont/OII_all_cross/Cl_996_1.npy,/path/to/Cls_scattered_01_wCont/Cls_scattered_01_wCont/OIII_all_cross/Cl_996_1.npy,/path/to/Cls_scattered_01_wCont/Cls_scattered_01_wCont/Shift7_all_cross/Cl_996.npy,/path/to/Cls_scattered_01_wCont/Cls_scattered_01_wCont/Ha/Cl_996.npy,/path/to/Cls_scattered_01_wCont/Cls_scattered_01_wCont/OII/Cl_996.npy,/path/to/Cls_scattered_01_wCont/Cls_scattered_01_wCont/OIII/Cl_996.npy,/path/to/Cls_scattered_01_wCont/Cls_scattered_01_wCont/Cont/Cl_996.npy,1.9976230416446925,0.872180978860706
/path/to/Cls_scattered_01_wCont/Cls_scattered_01_wCont/Ha_OII_OIII_Cont/Cl_997.npy,/path/to/Cls_scattered_01_wCont/Cls_scattered_01_wCont/OII_all_cross/Cl_997.npy,/path/to/Cls_scattered_01_wCont/Cls_scattered_01_wCont/OIII_all_cross/Cl_997.npy,/path/to/Cls_scattered_01_wCont/Cls_scattered_01_wCont/OII_all_cross/Cl_997_1.npy,/path/to/Cls_scattered_01_wCont/Cls_scattered_01_wCont/OIII_all_cross/Cl_997_1.npy,/path/to/Cls_scattered_01_wCont/Cls_scattered_01_wCont/Shift7_all_cross/Cl_997.npy,/path/to/Cls_scattered_01_wCont/Cls_scattered_01_wCont/Ha/Cl_997.npy,/path/to/Cls_scattered_01_wCont/Cls_scattered_01_wCont/OII/Cl_997.npy,/path/to/Cls_scattered_01_wCont/Cls_scattered_01_wCont/OIII/Cl_997.npy,/path/to/Cls_scattered_01_wCont/Cls_scattered_01_wCont/Cont/Cl_997.npy,0.5238167829811573,1.2717007855884732
/path/to/Cls_scattered_01_wCont/Cls_scattered_01_wCont/Ha_OII_OIII_Cont/Cl_998.npy,/path/to/Cls_scattered_01_wCont/Cls_scattered_01_wCont/OII_all_cross/Cl_998.npy,/path/to/Cls_scattered_01_wCont/Cls_scattered_01_wCont/OIII_all_cross/Cl_998.npy,/path/to/Cls_scattered_01_wCont/Cls_scattered_01_wCont/OII_all_cross/Cl_998_1.npy,/path/to/Cls_scattered_01_wCont/Cls_scattered_01_wCont/OIII_all_cross/Cl_998_1.npy,/path/to/Cls_scattered_01_wCont/Cls_scattered_01_wCont/Shift7_all_cross/Cl_998.npy,/path/to/Cls_scattered_01_wCont/Cls_scattered_01_wCont/Ha/Cl_998.npy,/path/to/Cls_scattered_01_wCont/Cls_scattered_01_wCont/OII/Cl_998.npy,/path/to/Cls_scattered_01_wCont/Cls_scattered_01_wCont/OIII/Cl_998.npy,/path/to/Cls_scattered_01_wCont/Cls_scattered_01_wCont/Cont/Cl_998.npy,0.9774809255264699,0.42913462854921813
/path/to/Cls_scattered_01_wCont/Cls_scattered_01_wCont/Ha_OII_OIII_Cont/Cl_999.npy,/path/to/Cls_scattered_01_wCont/Cls_scattered_01_wCont/OII_all_cross/Cl_999.npy,/path/to/Cls_scattered_01_wCont/Cls_scattered_01_wCont/OIII_all_cross/Cl_999.npy,/path/to/Cls_scattered_01_wCont/Cls_scattered_01_wCont/OII_all_cross/Cl_999_1.npy,/path/to/Cls_scattered_01_wCont/Cls_scattered_01_wCont/OIII_all_cross/Cl_999_1.npy,/path/to/Cls_scattered_01_wCont/Cls_scattered_01_wCont/Shift7_all_cross/Cl_999.npy,/path/to/Cls_scattered_01_wCont/Cls_scattered_01_wCont/Ha/Cl_999.npy,/path/to/Cls_scattered_01_wCont/Cls_scattered_01_wCont/OII/Cl_999.npy,/path/to/Cls_scattered_01_wCont/Cls_scattered_01_wCont/OIII/Cl_999.npy,/path/to/Cls_scattered_01_wCont/Cls_scattered_01_wCont/Cont/Cl_999.npy,1.4103719192557038,1.714641810953617
/path/to/Cls_scattered_01_wCont/Cls_scattered_01_wCont/Ha_OII_OIII_Cont/Cl_1000.npy,/path/to/Cls_scattered_01_wCont/Cls_scattered_01_wCont/OII_all_cross/Cl_1000.npy,/path/to/Cls_scattered_01_wCont/Cls_scattered_01_wCont/OIII_all_cross/Cl_1000.npy,/path/to/Cls_scattered_01_wCont/Cls_scattered_01_wCont/OII_all_cross/Cl_1000_1.npy,/path/to/Cls_scattered_01_wCont/Cls_scattered_01_wCont/OIII_all_cross/Cl_1000_1.npy,/path/to/Cls_scattered_01_wCont/Cls_scattered_01_wCont/Shift7_all_cross/Cl_1000.npy,/path/to/Cls_scattered_01_wCont/Cls_scattered_01_wCont/Ha/Cl_1000.npy,/path/to/Cls_scattered_01_wCont/Cls_scattered_01_wCont/OII/Cl_1000.npy,/path/to/Cls_scattered_01_wCont/Cls_scattered_01_wCont/OIII/Cl_1000.npy,/path/to/Cls_scattered_01_wCont/Cls_scattered_01_wCont/Cont/Cl_1000.npy,1.2900394102558495,0.7763924064114689
/path/to/Cls_scattered_01_wCont/Cls_scattered_01_wCont/Ha_OII_OIII_Cont/Cl_1001.npy,/path/to/Cls_scattered_01_wCont/Cls_scattered_01_wCont/OII_all_cross/Cl_1001.npy,/path/to/Cls_scattered_01_wCont/Cls_scattered_01_wCont/OIII_all_cross/Cl_1001.npy,/path/to/Cls_scattered_01_wCont/Cls_scattered_01_wCont/OII_all_cross/Cl_1001_1.npy,/path/to/Cls_scattered_01_wCont/Cls_scattered_01_wCont/OIII_all_cross/Cl_1001_1.npy,/path/to/Cls_scattered_01_wCont/Cls_scattered_01_wCont/Shift7_all_cross/Cl_1001.npy,/path/to/Cls_scattered_01_wCont/Cls_scattered_01_wCont/Ha/Cl_1001.npy,/path/to/Cls_scattered_01_wCont/Cls_scattered_01_wCont/OII/Cl_1001.npy,/path/to/Cls_scattered_01_wCont/Cls_scattered_01_wCont/OIII/Cl_1001.npy,/path/to/Cls_scattered_01_wCont/Cls_scattered_01_wCont/Cont/Cl_1001.npy,0.8636153208091855,1.398568463139236
/path/to/Cls_scattered_01_wCont/Cls_scattered_01_wCont/Ha_OII_OIII_Cont/Cl_1002.npy,/path/to/Cls_scattered_01_wCont/Cls_scattered_01_wCont/OII_all_cross/Cl_1002.npy,/path/to/Cls_scattered_01_wCont/Cls_scattered_01_wCont/OIII_all_cross/Cl_1002.npy,/path/to/Cls_scattered_01_wCont/Cls_scattered_01_wCont/OII_all_cross/Cl_1002_1.npy,/path/to/Cls_scattered_01_wCont/Cls_scattered_01_wCont/OIII_all_cross/Cl_1002_1.npy,/path/to/Cls_scattered_01_wCont/Cls_scattered_01_wCont/Shift7_all_cross/Cl_1002.npy,/path/to/Cls_scattered_01_wCont/Cls_scattered_01_wCont/Ha/Cl_1002.npy,/path/to/Cls_scattered_01_wCont/Cls_scattered_01_wCont/OII/Cl_1002.npy,/path/to/Cls_scattered_01_wCont/Cls_scattered_01_wCont/OIII/Cl_1002.npy,/path/to/Cls_scattered_01_wCont/Cls_scattered_01_wCont/Cont/Cl_1002.npy,0.4099561647512019,0.3333460596390069
/path/to/Cls_scattered_01_wCont/Cls_scattered_01_wCont/Ha_OII_OIII_Cont/Cl_1003.npy,/path/to/Cls_scattered_01_wCont/Cls_scattered_01_wCont/OII_all_cross/Cl_1003.npy,/path/to/Cls_scattered_01_wCont/Cls_scattered_01_wCont/OIII_all_cross/Cl_1003.npy,/path/to/Cls_scattered_01_wCont/Cls_scattered_01_wCont/OII_all_cross/Cl_1003_1.npy,/path/to/Cls_scattered_01_wCont/Cls_scattered_01_wCont/OIII_all_cross/Cl_1003_1.npy,/path/to/Cls_scattered_01_wCont/Cls_scattered_01_wCont/Shift7_all_cross/Cl_1003.npy,/path/to/Cls_scattered_01_wCont/Cls_scattered_01_wCont/Ha/Cl_1003.npy,/path/to/Cls_scattered_01_wCont/Cls_scattered_01_wCont/OII/Cl_1003.npy,/path/to/Cls_scattered_01_wCont/Cls_scattered_01_wCont/OIII/Cl_1003.npy,/path/to/Cls_scattered_01_wCont/Cls_scattered_01_wCont/Cont/Cl_1003.npy,1.8772991430945694,1.8415094920434059
/path/to/Cls_scattered_01_wCont/Cls_scattered_01_wCont/Ha_OII_OIII_Cont/Cl_1004.npy,/path/to/Cls_scattered_01_wCont/Cls_scattered_01_wCont/OII_all_cross/Cl_1004.npy,/path/to/Cls_scattered_01_wCont/Cls_scattered_01_wCont/OIII_all_cross/Cl_1004.npy,/path/to/Cls_scattered_01_wCont/Cls_scattered_01_wCont/OII_all_cross/Cl_1004_1.npy,/path/to/Cls_scattered_01_wCont/Cls_scattered_01_wCont/OIII_all_cross/Cl_1004_1.npy,/path/to/Cls_scattered_01_wCont/Cls_scattered_01_wCont/Shift7_all_cross/Cl_1004.npy,/path/to/Cls_scattered_01_wCont/Cls_scattered_01_wCont/Ha/Cl_1004.npy,/path/to/Cls_scattered_01_wCont/Cls_scattered_01_wCont/OII/Cl_1004.npy,/path/to/Cls_scattered_01_wCont/Cls_scattered_01_wCont/OIII/Cl_1004.npy,/path/to/Cls_scattered_01_wCont/Cls_scattered_01_wCont/Cont/Cl_1004.npy,1.5432073179632426,0.46455364804714916
/path/to/Cls_scattered_01_wCont/Cls_scattered_01_wCont/Ha_OII_OIII_Cont/Cl_1005.npy,/path/to/Cls_scattered_01_wCont/Cls_scattered_01_wCont/OII_all_cross/Cl_1005.npy,/path/to/Cls_scattered_01_wCont/Cls_scattered_01_wCont/OIII_all_cross/Cl_1005.npy,/path/to/Cls_scattered_01_wCont/Cls_scattered_01_wCont/OII_all_cross/Cl_1005_1.npy,/path/to/Cls_scattered_01_wCont/Cls_scattered_01_wCont/OIII_all_cross/Cl_1005_1.npy,/path/to/Cls_scattered_01_wCont/Cls_scattered_01_wCont/Shift7_all_cross/Cl_1005.npy,/path/to/Cls_scattered_01_wCont/Cls_scattered_01_wCont/Ha/Cl_1005.npy,/path/to/Cls_scattered_01_wCont/Cls_scattered_01_wCont/OII/Cl_1005.npy,/path/to/Cls_scattered_01_wCont/Cls_scattered_01_wCont/OIII/Cl_1005.npy,/path/to/Cls_scattered_01_wCont/Cls_scattered_01_wCont/Cont/Cl_1005.npy,0.13526952043175697,1.5605996372178197
/path/to/Cls_scattered_01_wCont/Cls_scattered_01_wCont/Ha_OII_OIII_Cont/Cl_1006.npy,/path/to/Cls_scattered_01_wCont/Cls_scattered_01_wCont/OII_all_cross/Cl_1006.npy,/path/to/Cls_scattered_01_wCont/Cls_scattered_01_wCont/OIII_all_cross/Cl_1006.npy,/path/to/Cls_scattered_01_wCont/Cls_scattered_01_wCont/OII_all_cross/Cl_1006_1.npy,/path/to/Cls_scattered_01_wCont/Cls_scattered_01_wCont/OIII_all_cross/Cl_1006_1.npy,/path/to/Cls_scattered_01_wCont/Cls_scattered_01_wCont/Shift7_all_cross/Cl_1006.npy,/path/to/Cls_scattered_01_wCont/Cls_scattered_01_wCont/Ha/Cl_1006.npy,/path/to/Cls_scattered_01_wCont/Cls_scattered_01_wCont/OII/Cl_1006.npy,/path/to/Cls_scattered_01_wCont/Cls_scattered_01_wCont/OIII/Cl_1006.npy,/path/to/Cls_scattered_01_wCont/Cls_scattered_01_wCont/Cont/Cl_1006.npy,0.6631537719629704,0.9705735930241643
/path/to/Cls_scattered_01_wCont/Cls_scattered_01_wCont/Ha_OII_OIII_Cont/Cl_1007.npy,/path/to/Cls_scattered_01_wCont/Cls_scattered_01_wCont/OII_all_cross/Cl_1007.npy,/path/to/Cls_scattered_01_wCont/Cls_scattered_01_wCont/OIII_all_cross/Cl_1007.npy,/path/to/Cls_scattered_01_wCont/Cls_scattered_01_wCont/OII_all_cross/Cl_1007_1.npy,/path/to/Cls_scattered_01_wCont/Cls_scattered_01_wCont/OIII_all_cross/Cl_1007_1.npy,/path/to/Cls_scattered_01_wCont/Cls_scattered_01_wCont/Shift7_all_cross/Cl_1007.npy,/path/to/Cls_scattered_01_wCont/Cls_scattered_01_wCont/Ha/Cl_1007.npy,/path/to/Cls_scattered_01_wCont/Cls_scattered_01_wCont/OII/Cl_1007.npy,/path/to/Cls_scattered_01_wCont/Cls_scattered_01_wCont/OIII/Cl_1007.npy,/path/to/Cls_scattered_01_wCont/Cls_scattered_01_wCont/Cont/Cl_1007.npy,1.1489244925789535,1.054460331518203
/path/to/Cls_scattered_01_wCont/Cls_scattered_01_wCont/Ha_OII_OIII_Cont/Cl_1008.npy,/path/to/Cls_scattered_01_wCont/Cls_scattered_01_wCont/OII_all_cross/Cl_1008.npy,/path/to/Cls_scattered_01_wCont/Cls_scattered_01_wCont/OIII_all_cross/Cl_1008.npy,/path/to/Cls_scattered_01_wCont/Cls_scattered_01_wCont/OII_all_cross/Cl_1008_1.npy,/path/to/Cls_scattered_01_wCont/Cls_scattered_01_wCont/OIII_all_cross/Cl_1008_1.npy,/path/to/Cls_scattered_01_wCont/Cls_scattered_01_wCont/Shift7_all_cross/Cl_1008.npy,/path/to/Cls_scattered_01_wCont/Cls_scattered_01_wCont/Ha/Cl_1008.npy,/path/to/Cls_scattered_01_wCont/Cls_scattered_01_wCont/OII/Cl_1008.npy,/path/to/Cls_scattered_01_wCont/Cls_scattered_01_wCont/OIII/Cl_1008.npy,/path/to/Cls_scattered_01_wCont/Cls_scattered_01_wCont/Cont/Cl_1008.npy,1.0521909878589213,1.0002131710760296
/path/to/Cls_scattered_01_wCont/Cls_scattered_01_wCont/Ha_OII_OIII_Cont/Cl_1009.npy,/path/to/Cls_scattered_01_wCont/Cls_scattered_01_wCont/OII_all_cross/Cl_1009.npy,/path/to/Cls_scattered_01_wCont/Cls_scattered_01_wCont/OIII_all_cross/Cl_1009.npy,/path/to/Cls_scattered_01_wCont/Cls_scattered_01_wCont/OII_all_cross/Cl_1009_1.npy,/path/to/Cls_scattered_01_wCont/Cls_scattered_01_wCont/OIII_all_cross/Cl_1009_1.npy,/path/to/Cls_scattered_01_wCont/Cls_scattered_01_wCont/Shift7_all_cross/Cl_1009.npy,/path/to/Cls_scattered_01_wCont/Cls_scattered_01_wCont/Ha/Cl_1009.npy,/path/to/Cls_scattered_01_wCont/Cls_scattered_01_wCont/OII/Cl_1009.npy,/path/to/Cls_scattered_01_wCont/Cls_scattered_01_wCont/OIII/Cl_1009.npy,/path/to/Cls_scattered_01_wCont/Cls_scattered_01_wCont/Cont/Cl_1009.npy,0.6269277554936706,1.1436792387627066
/path/to/Cls_scattered_01_wCont/Cls_scattered_01_wCont/Ha_OII_OIII_Cont/Cl_1010.npy,/path/to/Cls_scattered_01_wCont/Cls_scattered_01_wCont/OII_all_cross/Cl_1010.npy,/path/to/Cls_scattered_01_wCont/Cls_scattered_01_wCont/OIII_all_cross/Cl_1010.npy,/path/to/Cls_scattered_01_wCont/Cls_scattered_01_wCont/OII_all_cross/Cl_1010_1.npy,/path/to/Cls_scattered_01_wCont/Cls_scattered_01_wCont/OIII_all_cross/Cl_1010_1.npy,/path/to/Cls_scattered_01_wCont/Cls_scattered_01_wCont/Shift7_all_cross/Cl_1010.npy,/path/to/Cls_scattered_01_wCont/Cls_scattered_01_wCont/Ha/Cl_1010.npy,/path/to/Cls_scattered_01_wCont/Cls_scattered_01_wCont/OII/Cl_1010.npy,/path/to/Cls_scattered_01_wCont/Cls_scattered_01_wCont/OIII/Cl_1010.npy,/path/to/Cls_scattered_01_wCont/Cls_scattered_01_wCont/Cont/Cl_1010.npy,0.17326766159385443,0.5534461721777916
/path/to/Cls_scattered_01_wCont/Cls_scattered_01_wCont/Ha_OII_OIII_Cont/Cl_1011.npy,/path/to/Cls_scattered_01_wCont/Cls_scattered_01_wCont/OII_all_cross/Cl_1011.npy,/path/to/Cls_scattered_01_wCont/Cls_scattered_01_wCont/OIII_all_cross/Cl_1011.npy,/path/to/Cls_scattered_01_wCont/Cls_scattered_01_wCont/OII_all_cross/Cl_1011_1.npy,/path/to/Cls_scattered_01_wCont/Cls_scattered_01_wCont/OIII_all_cross/Cl_1011_1.npy,/path/to/Cls_scattered_01_wCont/Cls_scattered_01_wCont/Shift7_all_cross/Cl_1011.npy,/path/to/Cls_scattered_01_wCont/Cls_scattered_01_wCont/Ha/Cl_1011.npy,/path/to/Cls_scattered_01_wCont/Cls_scattered_01_wCont/OII/Cl_1011.npy,/path/to/Cls_scattered_01_wCont/Cls_scattered_01_wCont/OIII/Cl_1011.npy,/path/to/Cls_scattered_01_wCont/Cls_scattered_01_wCont/Cont/Cl_1011.npy,1.6394515948370099,1.5903196219354867
/path/to/Cls_scattered_01_wCont/Cls_scattered_01_wCont/Ha_OII_OIII_Cont/Cl_1012.npy,/path/to/Cls_scattered_01_wCont/Cls_scattered_01_wCont/OII_all_cross/Cl_1012.npy,/path/to/Cls_scattered_01_wCont/Cls_scattered_01_wCont/OIII_all_cross/Cl_1012.npy,/path/to/Cls_scattered_01_wCont/Cls_scattered_01_wCont/OII_all_cross/Cl_1012_1.npy,/path/to/Cls_scattered_01_wCont/Cls_scattered_01_wCont/OIII_all_cross/Cl_1012_1.npy,/path/to/Cls_scattered_01_wCont/Cls_scattered_01_wCont/Shift7_all_cross/Cl_1012.npy,/path/to/Cls_scattered_01_wCont/Cls_scattered_01_wCont/Ha/Cl_1012.npy,/path/to/Cls_scattered_01_wCont/Cls_scattered_01_wCont/OII/Cl_1012.npy,/path/to/Cls_scattered_01_wCont/Cls_scattered_01_wCont/OIII/Cl_1012.npy,/path/to/Cls_scattered_01_wCont/Cls_scattered_01_wCont/Cont/Cl_1012.npy,1.780359037127346,0.24444744130596519
/path/to/Cls_scattered_01_wCont/Cls_scattered_01_wCont/Ha_OII_OIII_Cont/Cl_1013.npy,/path/to/Cls_scattered_01_wCont/Cls_scattered_01_wCont/OII_all_cross/Cl_1013.npy,/path/to/Cls_scattered_01_wCont/Cls_scattered_01_wCont/OIII_all_cross/Cl_1013.npy,/path/to/Cls_scattered_01_wCont/Cls_scattered_01_wCont/OII_all_cross/Cl_1013_1.npy,/path/to/Cls_scattered_01_wCont/Cls_scattered_01_wCont/OIII_all_cross/Cl_1013_1.npy,/path/to/Cls_scattered_01_wCont/Cls_scattered_01_wCont/Shift7_all_cross/Cl_1013.npy,/path/to/Cls_scattered_01_wCont/Cls_scattered_01_wCont/Ha/Cl_1013.npy,/path/to/Cls_scattered_01_wCont/Cls_scattered_01_wCont/OII/Cl_1013.npy,/path/to/Cls_scattered_01_wCont/Cls_scattered_01_wCont/OIII/Cl_1013.npy,/path/to/Cls_scattered_01_wCont/Cls_scattered_01_wCont/Cont/Cl_1013.npy,0.3735815304331481,1.8117815445177257
/path/to/Cls_scattered_01_wCont/Cls_scattered_01_wCont/Ha_OII_OIII_Cont/Cl_1014.npy,/path/to/Cls_scattered_01_wCont/Cls_scattered_01_wCont/OII_all_cross/Cl_1014.npy,/path/to/Cls_scattered_01_wCont/Cls_scattered_01_wCont/OIII_all_cross/Cl_1014.npy,/path/to/Cls_scattered_01_wCont/Cls_scattered_01_wCont/OII_all_cross/Cl_1014_1.npy,/path/to/Cls_scattered_01_wCont/Cls_scattered_01_wCont/OIII_all_cross/Cl_1014_1.npy,/path/to/Cls_scattered_01_wCont/Cls_scattered_01_wCont/Shift7_all_cross/Cl_1014.npy,/path/to/Cls_scattered_01_wCont/Cls_scattered_01_wCont/Ha/Cl_1014.npy,/path/to/Cls_scattered_01_wCont/Cls_scattered_01_wCont/OII/Cl_1014.npy,/path/to/Cls_scattered_01_wCont/Cls_scattered_01_wCont/OIII/Cl_1014.npy,/path/to/Cls_scattered_01_wCont/Cls_scattered_01_wCont/Cont/Cl_1014.npy,0.9014649007469415,0.7467589084059
/path/to/Cls_scattered_01_wCont/Cls_scattered_01_wCont/Ha_OII_OIII_Cont/Cl_1015.npy,/path/to/Cls_scattered_01_wCont/Cls_scattered_01_wCont/OII_all_cross/Cl_1015.npy,/path/to/Cls_scattered_01_wCont/Cls_scattered_01_wCont/OIII_all_cross/Cl_1015.npy,/path/to/Cls_scattered_01_wCont/Cls_scattered_01_wCont/OII_all_cross/Cl_1015_1.npy,/path/to/Cls_scattered_01_wCont/Cls_scattered_01_wCont/OIII_all_cross/Cl_1015_1.npy,/path/to/Cls_scattered_01_wCont/Cls_scattered_01_wCont/Shift7_all_cross/Cl_1015.npy,/path/to/Cls_scattered_01_wCont/Cls_scattered_01_wCont/Ha/Cl_1015.npy,/path/to/Cls_scattered_01_wCont/Cls_scattered_01_wCont/OII/Cl_1015.npy,/path/to/Cls_scattered_01_wCont/Cls_scattered_01_wCont/OIII/Cl_1015.npy,/path/to/Cls_scattered_01_wCont/Cls_scattered_01_wCont/Cont/Cl_1015.npy,1.386077142506838,1.3093575045466423
/path/to/Cls_scattered_01_wCont/Cls_scattered_01_wCont/Ha_OII_OIII_Cont/Cl_1016.npy,/path/to/Cls_scattered_01_wCont/Cls_scattered_01_wCont/OII_all_cross/Cl_1016.npy,/path/to/Cls_scattered_01_wCont/Cls_scattered_01_wCont/OIII_all_cross/Cl_1016.npy,/path/to/Cls_scattered_01_wCont/Cls_scattered_01_wCont/OII_all_cross/Cl_1016_1.npy,/path/to/Cls_scattered_01_wCont/Cls_scattered_01_wCont/OIII_all_cross/Cl_1016_1.npy,/path/to/Cls_scattered_01_wCont/Cls_scattered_01_wCont/Shift7_all_cross/Cl_1016.npy,/path/to/Cls_scattered_01_wCont/Cls_scattered_01_wCont/Ha/Cl_1016.npy,/path/to/Cls_scattered_01_wCont/Cls_scattered_01_wCont/OII/Cl_1016.npy,/path/to/Cls_scattered_01_wCont/Cls_scattered_01_wCont/OIII/Cl_1016.npy,/path/to/Cls_scattered_01_wCont/Cls_scattered_01_wCont/Cont/Cl_1016.npy,1.5069550649262966,0.34023601729422803
/path/to/Cls_scattered_01_wCont/Cls_scattered_01_wCont/Ha_OII_OIII_Cont/Cl_1017.npy,/path/to/Cls_scattered_01_wCont/Cls_scattered_01_wCont/OII_all_cross/Cl_1017.npy,/path/to/Cls_scattered_01_wCont/Cls_scattered_01_wCont/OIII_all_cross/Cl_1017.npy,/path/to/Cls_scattered_01_wCont/Cls_scattered_01_wCont/OII_all_cross/Cl_1017_1.npy,/path/to/Cls_scattered_01_wCont/Cls_scattered_01_wCont/OIII_all_cross/Cl_1017_1.npy,/path/to/Cls_scattered_01_wCont/Cls_scattered_01_wCont/Shift7_all_cross/Cl_1017.npy,/path/to/Cls_scattered_01_wCont/Cls_scattered_01_wCont/Ha/Cl_1017.npy,/path/to/Cls_scattered_01_wCont/Cls_scattered_01_wCont/OII/Cl_1017.npy,/path/to/Cls_scattered_01_wCont/Cls_scattered_01_wCont/OIII/Cl_1017.npy,/path/to/Cls_scattered_01_wCont/Cls_scattered_01_wCont/Cont/Cl_1017.npy,1.0139660906977952,1.6849138705059885
/path/to/Cls_scattered_01_wCont/Cls_scattered_01_wCont/Ha_OII_OIII_Cont/Cl_1018.npy,/path/to/Cls_scattered_01_wCont/Cls_scattered_01_wCont/OII_all_cross/Cl_1018.npy,/path/to/Cls_scattered_01_wCont/Cls_scattered_01_wCont/OIII_all_cross/Cl_1018.npy,/path/to/Cls_scattered_01_wCont/Cls_scattered_01_wCont/OII_all_cross/Cl_1018_1.npy,/path/to/Cls_scattered_01_wCont/Cls_scattered_01_wCont/OIII_all_cross/Cl_1018_1.npy,/path/to/Cls_scattered_01_wCont/Cls_scattered_01_wCont/Shift7_all_cross/Cl_1018.npy,/path/to/Cls_scattered_01_wCont/Cls_scattered_01_wCont/Ha/Cl_1018.npy,/path/to/Cls_scattered_01_wCont/Cls_scattered_01_wCont/OII/Cl_1018.npy,/path/to/Cls_scattered_01_wCont/Cls_scattered_01_wCont/OIII/Cl_1018.npy,/path/to/Cls_scattered_01_wCont/Cls_scattered_01_wCont/Cont/Cl_1018.npy,0.4860886057838797,0.8425474879331886
/path/to/Cls_scattered_01_wCont/Cls_scattered_01_wCont/Ha_OII_OIII_Cont/Cl_1019.npy,/path/to/Cls_scattered_01_wCont/Cls_scattered_01_wCont/OII_all_cross/Cl_1019.npy,/path/to/Cls_scattered_01_wCont/Cls_scattered_01_wCont/OIII_all_cross/Cl_1019.npy,/path/to/Cls_scattered_01_wCont/Cls_scattered_01_wCont/OII_all_cross/Cl_1019_1.npy,/path/to/Cls_scattered_01_wCont/Cls_scattered_01_wCont/OIII_all_cross/Cl_1019_1.npy,/path/to/Cls_scattered_01_wCont/Cls_scattered_01_wCont/Shift7_all_cross/Cl_1019.npy,/path/to/Cls_scattered_01_wCont/Cls_scattered_01_wCont/Ha/Cl_1019.npy,/path/to/Cls_scattered_01_wCont/Cls_scattered_01_wCont/OII/Cl_1019.npy,/path/to/Cls_scattered_01_wCont/Cls_scattered_01_wCont/OIII/Cl_1019.npy,/path/to/Cls_scattered_01_wCont/Cls_scattered_01_wCont/Cont/Cl_1019.npy,1.9012464689090849,1.182489834073931
/path/to/Cls_scattered_01_wCont/Cls_scattered_01_wCont/Ha_OII_OIII_Cont/Cl_1020.npy,/path/to/Cls_scattered_01_wCont/Cls_scattered_01_wCont/OII_all_cross/Cl_1020.npy,/path/to/Cls_scattered_01_wCont/Cls_scattered_01_wCont/OIII_all_cross/Cl_1020.npy,/path/to/Cls_scattered_01_wCont/Cls_scattered_01_wCont/OII_all_cross/Cl_1020_1.npy,/path/to/Cls_scattered_01_wCont/Cls_scattered_01_wCont/OIII_all_cross/Cl_1020_1.npy,/path/to/Cls_scattered_01_wCont/Cls_scattered_01_wCont/Shift7_all_cross/Cl_1020.npy,/path/to/Cls_scattered_01_wCont/Cls_scattered_01_wCont/Ha/Cl_1020.npy,/path/to/Cls_scattered_01_wCont/Cls_scattered_01_wCont/OII/Cl_1020.npy,/path/to/Cls_scattered_01_wCont/Cls_scattered_01_wCont/OIII/Cl_1020.npy,/path/to/Cls_scattered_01_wCont/Cls_scattered_01_wCont/Cont/Cl_1020.npy,1.7602394207380712,0.6520808486267924
/path/to/Cls_scattered_01_wCont/Cls_scattered_01_wCont/Ha_OII_OIII_Cont/Cl_1021.npy,/path/to/Cls_scattered_01_wCont/Cls_scattered_01_wCont/OII_all_cross/Cl_1021.npy,/path/to/Cls_scattered_01_wCont/Cls_scattered_01_wCont/OIII_all_cross/Cl_1021.npy,/path/to/Cls_scattered_01_wCont/Cls_scattered_01_wCont/OII_all_cross/Cl_1021_1.npy,/path/to/Cls_scattered_01_wCont/Cls_scattered_01_wCont/OIII_all_cross/Cl_1021_1.npy,/path/to/Cls_scattered_01_wCont/Cls_scattered_01_wCont/Shift7_all_cross/Cl_1021.npy,/path/to/Cls_scattered_01_wCont/Cls_scattered_01_wCont/Ha/Cl_1021.npy,/path/to/Cls_scattered_01_wCont/Cls_scattered_01_wCont/OII/Cl_1021.npy,/path/to/Cls_scattered_01_wCont/Cls_scattered_01_wCont/OIII/Cl_1021.npy,/path/to/Cls_scattered_01_wCont/Cls_scattered_01_wCont/Cont/Cl_1021.npy,0.28573662517592313,1.5228906663134694
/path/to/Cls_scattered_01_wCont/Cls_scattered_01_wCont/Ha_OII_OIII_Cont/Cl_1022.npy,/path/to/Cls_scattered_01_wCont/Cls_scattered_01_wCont/OII_all_cross/Cl_1022.npy,/path/to/Cls_scattered_01_wCont/Cls_scattered_01_wCont/OIII_all_cross/Cl_1022.npy,/path/to/Cls_scattered_01_wCont/Cls_scattered_01_wCont/OII_all_cross/Cl_1022_1.npy,/path/to/Cls_scattered_01_wCont/Cls_scattered_01_wCont/OIII_all_cross/Cl_1022_1.npy,/path/to/Cls_scattered_01_wCont/Cls_scattered_01_wCont/Shift7_all_cross/Cl_1022.npy,/path/to/Cls_scattered_01_wCont/Cls_scattered_01_wCont/Ha/Cl_1022.npy,/path/to/Cls_scattered_01_wCont/Cls_scattered_01_wCont/OII/Cl_1022.npy,/path/to/Cls_scattered_01_wCont/Cls_scattered_01_wCont/OIII/Cl_1022.npy,/path/to/Cls_scattered_01_wCont/Cls_scattered_01_wCont/Cont/Cl_1022.npy,0.7394016984850168,0.20531385326758028
/path/to/Cls_scattered_01_wCont/Cls_scattered_01_wCont/Ha_OII_OIII_Cont/Cl_1023.npy,/path/to/Cls_scattered_01_wCont/Cls_scattered_01_wCont/OII_all_cross/Cl_1023.npy,/path/to/Cls_scattered_01_wCont/Cls_scattered_01_wCont/OIII_all_cross/Cl_1023.npy,/path/to/Cls_scattered_01_wCont/Cls_scattered_01_wCont/OII_all_cross/Cl_1023_1.npy,/path/to/Cls_scattered_01_wCont/Cls_scattered_01_wCont/OIII_all_cross/Cl_1023_1.npy,/path/to/Cls_scattered_01_wCont/Cls_scattered_01_wCont/Shift7_all_cross/Cl_1023.npy,/path/to/Cls_scattered_01_wCont/Cls_scattered_01_wCont/Ha/Cl_1023.npy,/path/to/Cls_scattered_01_wCont/Cls_scattered_01_wCont/OII/Cl_1023.npy,/path/to/Cls_scattered_01_wCont/Cls_scattered_01_wCont/OIII/Cl_1023.npy,/path/to/Cls_scattered_01_wCont/Cls_scattered_01_wCont/Cont/Cl_1023.npy,1.1729874171316623,1.9695310530252754
